2026-02-22 20:49:31 [userService,/] INFO  o.g.u.UserManagementServiceApplication
                - Starting UserManagementServiceApplication using Java 25 with PID 31236 (C:\Users\2464280\gencWorkspaces\practiceWorkspace\cruisemate-registration\target\classes started by 2464280 in C:\Users\2464280\gencWorkspaces\practiceWorkspace\cruisemate-registration)
2026-02-22 20:49:31 [userService,/] DEBUG o.g.u.UserManagementServiceApplication
                - Running with Spring Boot v3.5.6, Spring v6.2.11
2026-02-22 20:49:31 [userService,/] INFO  o.g.u.UserManagementServiceApplication
                - The following 1 profile is active: "genc"
2026-02-22 20:49:35 [userService,/] INFO  o.s.d.r.c.RepositoryConfigurationDelegate
                - Bootstrapping Spring Data JPA repositories in DEFAULT mode.
2026-02-22 20:49:35 [userService,/] INFO  o.s.d.r.c.RepositoryConfigurationDelegate
                - Finished Spring Data repository scanning in 453 ms. Found 2 JPA repository interfaces.
2026-02-22 20:49:36 [userService,/] INFO  o.s.cloud.context.scope.GenericScope
                - BeanFactory id=7759736f-8948-3048-9a46-45300fe262b9
2026-02-22 20:49:38 [userService,/] INFO  o.s.b.w.e.tomcat.TomcatWebServer
                - Tomcat initialized with port 8086 (http)
2026-02-22 20:49:38 [userService,/] INFO  o.a.catalina.core.StandardService
                - Starting service [Tomcat]
2026-02-22 20:49:38 [userService,/] INFO  o.a.catalina.core.StandardEngine
                - Starting Servlet engine: [Apache Tomcat/10.1.46]
2026-02-22 20:49:38 [userService,/] INFO  o.a.c.c.C.[Tomcat].[localhost].[/]
                - Initializing Spring embedded WebApplicationContext
2026-02-22 20:49:38 [userService,/] INFO  o.s.b.w.s.c.ServletWebServerApplicationContext
                - Root WebApplicationContext: initialization completed in 6289 ms
2026-02-22 20:49:38 [userService,/] INFO  o.h.jpa.internal.util.LogHelper
                - HHH000204: Processing PersistenceUnitInfo [name: default]
2026-02-22 20:49:39 [userService,/] INFO  org.hibernate.Version
                - HHH000412: Hibernate ORM core version 6.6.29.Final
2026-02-22 20:49:39 [userService,/] INFO  o.h.c.i.RegionFactoryInitiator
                - HHH000026: Second-level cache disabled
2026-02-22 20:49:40 [userService,/] INFO  o.s.o.j.p.SpringPersistenceUnitInfo
                - No LoadTimeWeaver setup: ignoring JPA class transformer
2026-02-22 20:49:40 [userService,/] INFO  com.zaxxer.hikari.HikariDataSource
                - HikariPool-1 - Starting...
2026-02-22 20:49:40 [userService,/] INFO  com.zaxxer.hikari.pool.HikariPool
                - HikariPool-1 - Added connection com.mysql.cj.jdbc.ConnectionImpl@5a9baba8
2026-02-22 20:49:40 [userService,/] INFO  com.zaxxer.hikari.HikariDataSource
                - HikariPool-1 - Start completed.
2026-02-22 20:49:40 [userService,/] WARN  org.hibernate.orm.deprecation
                - HHH90000025: MySQLDialect does not need to be specified explicitly using 'hibernate.dialect' (remove the property setting and it will be selected by default)
2026-02-22 20:49:40 [userService,/] INFO  o.hibernate.orm.connections.pooling
                - HHH10001005: Database info:
	Database JDBC URL [Connecting through datasource 'HikariDataSource (HikariPool-1)']
	Database driver: undefined/unknown
	Database version: 8.0.44
	Autocommit mode: undefined/unknown
	Isolation level: undefined/unknown
	Minimum pool size: undefined/unknown
	Maximum pool size: undefined/unknown
2026-02-22 20:49:42 [userService,/] INFO  o.h.e.t.j.p.i.JtaPlatformInitiator
                - HHH000489: No JTA platform available (set 'hibernate.transaction.jta.platform' to enable JTA platform integration)
2026-02-22 20:49:42 [userService,/] INFO  o.s.o.j.LocalContainerEntityManagerFactoryBean
                - Initialized JPA EntityManagerFactory for persistence unit 'default'
2026-02-22 20:49:43 [userService,/] DEBUG o.g.u.filter.JwtAuthenticationFilter
                - Filter 'jwtAuthenticationFilter' configured for use
2026-02-22 20:49:44 [userService,/] INFO  o.s.s.c.a.a.c.InitializeUserDetailsBeanManagerConfigurer$InitializeUserDetailsManagerConfigurer
                - Global AuthenticationManager configured with UserDetailsService bean with name customUserDetailsService
2026-02-22 20:49:44 [userService,/] WARN  o.s.b.a.o.j.JpaBaseConfiguration$JpaWebConfiguration
                - spring.jpa.open-in-view is enabled by default. Therefore, database queries may be performed during view rendering. Explicitly configure spring.jpa.open-in-view to disable this warning
2026-02-22 20:49:47 [userService,/] INFO  o.s.c.n.e.c.DiscoveryClientOptionalArgsConfiguration
                - Eureka HTTP Client uses RestTemplate.
2026-02-22 20:49:47 [userService,/] WARN  o.s.c.l.c.LoadBalancerCacheAutoConfiguration$LoadBalancerCaffeineWarnLogger
                - Spring Cloud LoadBalancer is currently working with the default cache. While this cache implementation is useful for development and tests, it's recommended to use Caffeine cache in production.You can switch to using Caffeine cache, by adding it and org.springframework.cache.caffeine.CaffeineCacheManager to the classpath.
2026-02-22 20:49:47 [userService,/] INFO  o.s.b.w.e.tomcat.TomcatWebServer
                - Tomcat started on port 8086 (http) with context path '/'
2026-02-22 20:49:48 [userService,/] INFO  o.s.b.w.e.tomcat.TomcatWebServer
                - Tomcat initialized with port 8090 (http)
2026-02-22 20:49:48 [userService,/] INFO  o.a.catalina.core.StandardService
                - Starting service [Tomcat]
2026-02-22 20:49:48 [userService,/] INFO  o.a.catalina.core.StandardEngine
                - Starting Servlet engine: [Apache Tomcat/10.1.46]
2026-02-22 20:49:48 [userService,/] INFO  o.a.c.c.C.[Tomcat-1].[localhost].[/]
                - Initializing Spring embedded WebApplicationContext
2026-02-22 20:49:48 [userService,/] INFO  o.s.b.w.s.c.ServletWebServerApplicationContext
                - Root WebApplicationContext: initialization completed in 358 ms
2026-02-22 20:49:48 [userService,/] INFO  o.s.b.a.e.web.EndpointLinksResolver
                - Exposing 16 endpoints beneath base path '/actuator'
2026-02-22 20:49:48 [userService,/] INFO  o.s.b.w.e.tomcat.TomcatWebServer
                - Tomcat started on port 8090 (http) with context path '/'
2026-02-22 20:49:48 [userService,/] INFO  o.g.u.UserManagementServiceApplication
                - Started UserManagementServiceApplication in 18.857 seconds (process running for 20.52)
2026-02-22 20:49:49 [userService,/] INFO  o.g.u.UserManagementServiceApplication
                - UserManagementServiceApplication booted up and running
2026-02-22 21:01:20 [userService,/] INFO  o.a.c.c.C.[Tomcat].[localhost].[/]
                - Initializing Spring DispatcherServlet 'dispatcherServlet'
2026-02-22 21:01:20 [userService,/] INFO  o.s.web.servlet.DispatcherServlet
                - Initializing Servlet 'dispatcherServlet'
2026-02-22 21:01:20 [userService,/] INFO  o.s.web.servlet.DispatcherServlet
                - Completed initialization in 1 ms
2026-02-22 21:01:26 [userService,/] WARN  com.zaxxer.hikari.pool.HikariPool
                - HikariPool-1 - Thread starvation or clock leap detected (housekeeper delta=8m46s216ms747µs800ns).
2026-02-22 21:02:25 [userService,/] INFO  o.s.b.w.e.tomcat.GracefulShutdown
                - Commencing graceful shutdown. Waiting for active requests to complete
2026-02-22 21:02:25 [userService,/] INFO  o.s.b.w.e.tomcat.GracefulShutdown
                - Graceful shutdown complete
2026-02-22 21:02:25 [userService,/] INFO  o.s.b.w.e.tomcat.GracefulShutdown
                - Commencing graceful shutdown. Waiting for active requests to complete
2026-02-22 21:02:25 [userService,/] INFO  o.s.b.w.e.tomcat.GracefulShutdown
                - Graceful shutdown complete
2026-02-22 21:02:25 [userService,/] INFO  o.s.o.j.LocalContainerEntityManagerFactoryBean
                - Closing JPA EntityManagerFactory for persistence unit 'default'
2026-02-22 21:02:25 [userService,/] INFO  com.zaxxer.hikari.HikariDataSource
                - HikariPool-1 - Shutdown initiated...
2026-02-22 21:02:25 [userService,/] INFO  com.zaxxer.hikari.HikariDataSource
                - HikariPool-1 - Shutdown completed.
2026-02-22 21:02:28 [userService,/] INFO  o.g.u.UserManagementServiceApplication
                - Starting UserManagementServiceApplication using Java 25 with PID 15828 (C:\Users\2464280\gencWorkspaces\practiceWorkspace\cruisemate-registration\target\classes started by 2464280 in C:\Users\2464280\gencWorkspaces\practiceWorkspace\cruisemate-registration)
2026-02-22 21:02:28 [userService,/] DEBUG o.g.u.UserManagementServiceApplication
                - Running with Spring Boot v3.5.6, Spring v6.2.11
2026-02-22 21:02:28 [userService,/] INFO  o.g.u.UserManagementServiceApplication
                - The following 1 profile is active: "genc"
2026-02-22 21:02:30 [userService,/] INFO  o.s.d.r.c.RepositoryConfigurationDelegate
                - Bootstrapping Spring Data JPA repositories in DEFAULT mode.
2026-02-22 21:02:30 [userService,/] INFO  o.s.d.r.c.RepositoryConfigurationDelegate
                - Finished Spring Data repository scanning in 222 ms. Found 2 JPA repository interfaces.
2026-02-22 21:02:31 [userService,/] INFO  o.s.cloud.context.scope.GenericScope
                - BeanFactory id=7759736f-8948-3048-9a46-45300fe262b9
2026-02-22 21:02:31 [userService,/] INFO  o.s.b.w.e.tomcat.TomcatWebServer
                - Tomcat initialized with port 8086 (http)
2026-02-22 21:02:31 [userService,/] INFO  o.a.catalina.core.StandardService
                - Starting service [Tomcat]
2026-02-22 21:02:31 [userService,/] INFO  o.a.catalina.core.StandardEngine
                - Starting Servlet engine: [Apache Tomcat/10.1.46]
2026-02-22 21:02:31 [userService,/] INFO  o.a.c.c.C.[Tomcat].[localhost].[/]
                - Initializing Spring embedded WebApplicationContext
2026-02-22 21:02:31 [userService,/] INFO  o.s.b.w.s.c.ServletWebServerApplicationContext
                - Root WebApplicationContext: initialization completed in 2805 ms
2026-02-22 21:02:32 [userService,/] INFO  o.h.jpa.internal.util.LogHelper
                - HHH000204: Processing PersistenceUnitInfo [name: default]
2026-02-22 21:02:32 [userService,/] INFO  org.hibernate.Version
                - HHH000412: Hibernate ORM core version 6.6.29.Final
2026-02-22 21:02:32 [userService,/] INFO  o.h.c.i.RegionFactoryInitiator
                - HHH000026: Second-level cache disabled
2026-02-22 21:02:32 [userService,/] INFO  o.s.o.j.p.SpringPersistenceUnitInfo
                - No LoadTimeWeaver setup: ignoring JPA class transformer
2026-02-22 21:02:32 [userService,/] INFO  com.zaxxer.hikari.HikariDataSource
                - HikariPool-1 - Starting...
2026-02-22 21:02:32 [userService,/] INFO  com.zaxxer.hikari.pool.HikariPool
                - HikariPool-1 - Added connection com.mysql.cj.jdbc.ConnectionImpl@534d0cfa
2026-02-22 21:02:32 [userService,/] INFO  com.zaxxer.hikari.HikariDataSource
                - HikariPool-1 - Start completed.
2026-02-22 21:02:32 [userService,/] WARN  org.hibernate.orm.deprecation
                - HHH90000025: MySQLDialect does not need to be specified explicitly using 'hibernate.dialect' (remove the property setting and it will be selected by default)
2026-02-22 21:02:33 [userService,/] INFO  o.hibernate.orm.connections.pooling
                - HHH10001005: Database info:
	Database JDBC URL [Connecting through datasource 'HikariDataSource (HikariPool-1)']
	Database driver: undefined/unknown
	Database version: 8.0.44
	Autocommit mode: undefined/unknown
	Isolation level: undefined/unknown
	Minimum pool size: undefined/unknown
	Maximum pool size: undefined/unknown
2026-02-22 21:02:34 [userService,/] INFO  o.h.e.t.j.p.i.JtaPlatformInitiator
                - HHH000489: No JTA platform available (set 'hibernate.transaction.jta.platform' to enable JTA platform integration)
2026-02-22 21:02:34 [userService,/] INFO  o.s.o.j.LocalContainerEntityManagerFactoryBean
                - Initialized JPA EntityManagerFactory for persistence unit 'default'
2026-02-22 21:02:34 [userService,/] DEBUG o.g.u.filter.JwtAuthenticationFilter
                - Filter 'jwtAuthenticationFilter' configured for use
2026-02-22 21:02:34 [userService,/] INFO  o.s.s.c.a.a.c.InitializeUserDetailsBeanManagerConfigurer$InitializeUserDetailsManagerConfigurer
                - Global AuthenticationManager configured with UserDetailsService bean with name customUserDetailsService
2026-02-22 21:02:34 [userService,/] WARN  o.s.b.a.o.j.JpaBaseConfiguration$JpaWebConfiguration
                - spring.jpa.open-in-view is enabled by default. Therefore, database queries may be performed during view rendering. Explicitly configure spring.jpa.open-in-view to disable this warning
2026-02-22 21:02:35 [userService,/] INFO  o.s.c.n.e.c.DiscoveryClientOptionalArgsConfiguration
                - Eureka HTTP Client uses RestTemplate.
2026-02-22 21:02:35 [userService,/] WARN  o.s.c.l.c.LoadBalancerCacheAutoConfiguration$LoadBalancerCaffeineWarnLogger
                - Spring Cloud LoadBalancer is currently working with the default cache. While this cache implementation is useful for development and tests, it's recommended to use Caffeine cache in production.You can switch to using Caffeine cache, by adding it and org.springframework.cache.caffeine.CaffeineCacheManager to the classpath.
2026-02-22 21:02:35 [userService,/] INFO  o.s.b.w.e.tomcat.TomcatWebServer
                - Tomcat started on port 8086 (http) with context path '/'
2026-02-22 21:02:36 [userService,/] INFO  o.s.b.w.e.tomcat.TomcatWebServer
                - Tomcat initialized with port 8090 (http)
2026-02-22 21:02:36 [userService,/] INFO  o.a.catalina.core.StandardService
                - Starting service [Tomcat]
2026-02-22 21:02:36 [userService,/] INFO  o.a.catalina.core.StandardEngine
                - Starting Servlet engine: [Apache Tomcat/10.1.46]
2026-02-22 21:02:36 [userService,/] INFO  o.a.c.c.C.[Tomcat-1].[localhost].[/]
                - Initializing Spring embedded WebApplicationContext
2026-02-22 21:02:36 [userService,/] INFO  o.s.b.w.s.c.ServletWebServerApplicationContext
                - Root WebApplicationContext: initialization completed in 158 ms
2026-02-22 21:02:36 [userService,/] INFO  o.s.b.a.e.web.EndpointLinksResolver
                - Exposing 16 endpoints beneath base path '/actuator'
2026-02-22 21:02:36 [userService,/] INFO  o.s.b.w.e.tomcat.TomcatWebServer
                - Tomcat started on port 8090 (http) with context path '/'
2026-02-22 21:02:36 [userService,/] INFO  o.g.u.UserManagementServiceApplication
                - Started UserManagementServiceApplication in 8.137 seconds (process running for 9.193)
2026-02-22 21:02:36 [userService,/] INFO  o.g.u.UserManagementServiceApplication
                - UserManagementServiceApplication booted up and running
2026-02-22 21:02:48 [userService,/] INFO  o.a.c.c.C.[Tomcat].[localhost].[/]
                - Initializing Spring DispatcherServlet 'dispatcherServlet'
2026-02-22 21:02:48 [userService,/] INFO  o.s.web.servlet.DispatcherServlet
                - Initializing Servlet 'dispatcherServlet'
2026-02-22 21:02:48 [userService,/] INFO  o.s.web.servlet.DispatcherServlet
                - Completed initialization in 2 ms
2026-02-22 21:02:53 [userService,/] INFO  o.g.u.s.i.CustomUserDetailsService
                - User found: admin, Assigned Role: ADMIN
2026-02-22 21:02:53 [userService,/] INFO  o.g.u.s.i.CustomUserDetailsService
                - User found: admin, Assigned Role: ADMIN
2026-02-22 21:02:53 [userService,/] INFO  o.g.usermgmt.resource.AuthController
                - Access from userService on port 8086 (instance: userService:491138a271c4fa21bd86ce7d0e695c0f)
2026-02-22 21:03:04 [userService,/] DEBUG o.g.u.filter.JwtAuthenticationFilter
                - No Authorization header or invalid format for request: /api/v1/userservice/admin/settings/105
2026-02-22 21:03:04 [userService,/] ERROR o.g.u.s.CustomAuthenticationEntryPoint
                - Authentication failure: Full authentication is required to access this resource 
2026-02-22 21:03:04 [userService,/] DEBUG o.g.u.filter.JwtAuthenticationFilter
                - No Authorization header or invalid format for request: /api/v1/userservice/admin/settings/105
2026-02-22 21:03:04 [userService,/] ERROR o.g.u.s.CustomAuthenticationEntryPoint
                - Authentication failure: Full authentication is required to access this resource 
2026-02-22 21:03:29 [userService,/] ERROR o.g.u.filter.JwtAuthenticationFilter
                - Error extracting username from token: Invalid compact JWT string: Compact JWSs must contain exactly 2 period characters, and compact JWEs must contain exactly 4.  Found: 0
2026-02-22 21:03:29 [userService,/] ERROR o.g.u.s.CustomAuthenticationEntryPoint
                - Authentication failure: Full authentication is required to access this resource 
2026-02-22 21:11:31 [userService,/] ERROR o.g.u.filter.JwtAuthenticationFilter
                - Error extracting username from token: Invalid compact JWT string: Compact JWSs must contain exactly 2 period characters, and compact JWEs must contain exactly 4.  Found: 0
2026-02-22 21:11:31 [userService,/] ERROR o.g.u.s.CustomAuthenticationEntryPoint
                - Authentication failure: Full authentication is required to access this resource 
2026-02-22 21:11:37 [userService,/] ERROR o.g.u.filter.JwtAuthenticationFilter
                - Error extracting username from token: Invalid compact JWT string: Compact JWSs must contain exactly 2 period characters, and compact JWEs must contain exactly 4.  Found: 0
2026-02-22 21:11:37 [userService,/] ERROR o.g.u.s.CustomAuthenticationEntryPoint
                - Authentication failure: Full authentication is required to access this resource 
2026-02-22 21:11:47 [userService,/] INFO  o.s.b.w.e.tomcat.GracefulShutdown
                - Commencing graceful shutdown. Waiting for active requests to complete
2026-02-22 21:11:47 [userService,/] INFO  o.s.b.w.e.tomcat.GracefulShutdown
                - Graceful shutdown complete
2026-02-22 21:11:47 [userService,/] INFO  o.s.b.w.e.tomcat.GracefulShutdown
                - Commencing graceful shutdown. Waiting for active requests to complete
2026-02-22 21:11:47 [userService,/] INFO  o.s.b.w.e.tomcat.GracefulShutdown
                - Graceful shutdown complete
2026-02-22 21:11:47 [userService,/] INFO  o.s.o.j.LocalContainerEntityManagerFactoryBean
                - Closing JPA EntityManagerFactory for persistence unit 'default'
2026-02-22 21:11:47 [userService,/] INFO  com.zaxxer.hikari.HikariDataSource
                - HikariPool-1 - Shutdown initiated...
2026-02-22 21:11:47 [userService,/] INFO  com.zaxxer.hikari.HikariDataSource
                - HikariPool-1 - Shutdown completed.
2026-02-22 21:11:50 [userService,/] INFO  o.g.u.UserManagementServiceApplication
                - Starting UserManagementServiceApplication using Java 25 with PID 24996 (C:\Users\2464280\gencWorkspaces\practiceWorkspace\cruisemate-registration\target\classes started by 2464280 in C:\Users\2464280\gencWorkspaces\practiceWorkspace\cruisemate-registration)
2026-02-22 21:11:50 [userService,/] DEBUG o.g.u.UserManagementServiceApplication
                - Running with Spring Boot v3.5.6, Spring v6.2.11
2026-02-22 21:11:50 [userService,/] INFO  o.g.u.UserManagementServiceApplication
                - The following 1 profile is active: "genc"
2026-02-22 21:11:52 [userService,/] INFO  o.s.d.r.c.RepositoryConfigurationDelegate
                - Bootstrapping Spring Data JPA repositories in DEFAULT mode.
2026-02-22 21:11:52 [userService,/] INFO  o.s.d.r.c.RepositoryConfigurationDelegate
                - Finished Spring Data repository scanning in 179 ms. Found 2 JPA repository interfaces.
2026-02-22 21:11:52 [userService,/] INFO  o.s.cloud.context.scope.GenericScope
                - BeanFactory id=7759736f-8948-3048-9a46-45300fe262b9
2026-02-22 21:11:53 [userService,/] INFO  o.s.b.w.e.tomcat.TomcatWebServer
                - Tomcat initialized with port 8086 (http)
2026-02-22 21:11:53 [userService,/] INFO  o.a.catalina.core.StandardService
                - Starting service [Tomcat]
2026-02-22 21:11:53 [userService,/] INFO  o.a.catalina.core.StandardEngine
                - Starting Servlet engine: [Apache Tomcat/10.1.46]
2026-02-22 21:11:53 [userService,/] INFO  o.a.c.c.C.[Tomcat].[localhost].[/]
                - Initializing Spring embedded WebApplicationContext
2026-02-22 21:11:53 [userService,/] INFO  o.s.b.w.s.c.ServletWebServerApplicationContext
                - Root WebApplicationContext: initialization completed in 2602 ms
2026-02-22 21:11:53 [userService,/] INFO  o.h.jpa.internal.util.LogHelper
                - HHH000204: Processing PersistenceUnitInfo [name: default]
2026-02-22 21:11:53 [userService,/] INFO  org.hibernate.Version
                - HHH000412: Hibernate ORM core version 6.6.29.Final
2026-02-22 21:11:53 [userService,/] INFO  o.h.c.i.RegionFactoryInitiator
                - HHH000026: Second-level cache disabled
2026-02-22 21:11:54 [userService,/] INFO  o.s.o.j.p.SpringPersistenceUnitInfo
                - No LoadTimeWeaver setup: ignoring JPA class transformer
2026-02-22 21:11:54 [userService,/] INFO  com.zaxxer.hikari.HikariDataSource
                - HikariPool-1 - Starting...
2026-02-22 21:11:54 [userService,/] INFO  com.zaxxer.hikari.pool.HikariPool
                - HikariPool-1 - Added connection com.mysql.cj.jdbc.ConnectionImpl@72240290
2026-02-22 21:11:54 [userService,/] INFO  com.zaxxer.hikari.HikariDataSource
                - HikariPool-1 - Start completed.
2026-02-22 21:11:54 [userService,/] WARN  org.hibernate.orm.deprecation
                - HHH90000025: MySQLDialect does not need to be specified explicitly using 'hibernate.dialect' (remove the property setting and it will be selected by default)
2026-02-22 21:11:54 [userService,/] INFO  o.hibernate.orm.connections.pooling
                - HHH10001005: Database info:
	Database JDBC URL [Connecting through datasource 'HikariDataSource (HikariPool-1)']
	Database driver: undefined/unknown
	Database version: 8.0.44
	Autocommit mode: undefined/unknown
	Isolation level: undefined/unknown
	Minimum pool size: undefined/unknown
	Maximum pool size: undefined/unknown
2026-02-22 21:11:55 [userService,/] INFO  o.h.e.t.j.p.i.JtaPlatformInitiator
                - HHH000489: No JTA platform available (set 'hibernate.transaction.jta.platform' to enable JTA platform integration)
2026-02-22 21:11:55 [userService,/] INFO  o.s.o.j.LocalContainerEntityManagerFactoryBean
                - Initialized JPA EntityManagerFactory for persistence unit 'default'
2026-02-22 21:11:56 [userService,/] DEBUG o.g.u.filter.JwtAuthenticationFilter
                - Filter 'jwtAuthenticationFilter' configured for use
2026-02-22 21:11:56 [userService,/] INFO  o.s.s.c.a.a.c.InitializeUserDetailsBeanManagerConfigurer$InitializeUserDetailsManagerConfigurer
                - Global AuthenticationManager configured with UserDetailsService bean with name customUserDetailsService
2026-02-22 21:11:56 [userService,/] WARN  o.s.b.a.o.j.JpaBaseConfiguration$JpaWebConfiguration
                - spring.jpa.open-in-view is enabled by default. Therefore, database queries may be performed during view rendering. Explicitly configure spring.jpa.open-in-view to disable this warning
2026-02-22 21:11:57 [userService,/] INFO  o.s.c.n.e.c.DiscoveryClientOptionalArgsConfiguration
                - Eureka HTTP Client uses RestTemplate.
2026-02-22 21:11:57 [userService,/] WARN  o.s.c.l.c.LoadBalancerCacheAutoConfiguration$LoadBalancerCaffeineWarnLogger
                - Spring Cloud LoadBalancer is currently working with the default cache. While this cache implementation is useful for development and tests, it's recommended to use Caffeine cache in production.You can switch to using Caffeine cache, by adding it and org.springframework.cache.caffeine.CaffeineCacheManager to the classpath.
2026-02-22 21:11:57 [userService,/] INFO  o.s.b.w.e.tomcat.TomcatWebServer
                - Tomcat started on port 8086 (http) with context path '/'
2026-02-22 21:11:57 [userService,/] INFO  o.s.b.w.e.tomcat.TomcatWebServer
                - Tomcat initialized with port 8090 (http)
2026-02-22 21:11:57 [userService,/] INFO  o.a.catalina.core.StandardService
                - Starting service [Tomcat]
2026-02-22 21:11:57 [userService,/] INFO  o.a.catalina.core.StandardEngine
                - Starting Servlet engine: [Apache Tomcat/10.1.46]
2026-02-22 21:11:57 [userService,/] INFO  o.a.c.c.C.[Tomcat-1].[localhost].[/]
                - Initializing Spring embedded WebApplicationContext
2026-02-22 21:11:57 [userService,/] INFO  o.s.b.w.s.c.ServletWebServerApplicationContext
                - Root WebApplicationContext: initialization completed in 128 ms
2026-02-22 21:11:57 [userService,/] INFO  o.s.b.a.e.web.EndpointLinksResolver
                - Exposing 16 endpoints beneath base path '/actuator'
2026-02-22 21:11:57 [userService,/] INFO  o.s.b.w.e.tomcat.TomcatWebServer
                - Tomcat started on port 8090 (http) with context path '/'
2026-02-22 21:11:57 [userService,/] INFO  o.g.u.UserManagementServiceApplication
                - Started UserManagementServiceApplication in 7.621 seconds (process running for 8.638)
2026-02-22 21:11:58 [userService,/] INFO  o.g.u.UserManagementServiceApplication
                - UserManagementServiceApplication booted up and running
2026-02-22 21:12:36 [userService,/] INFO  o.a.c.c.C.[Tomcat].[localhost].[/]
                - Initializing Spring DispatcherServlet 'dispatcherServlet'
2026-02-22 21:12:36 [userService,/] INFO  o.s.web.servlet.DispatcherServlet
                - Initializing Servlet 'dispatcherServlet'
2026-02-22 21:12:36 [userService,/] INFO  o.s.web.servlet.DispatcherServlet
                - Completed initialization in 9 ms
2026-02-22 21:12:36 [userService,/] ERROR o.g.u.filter.JwtAuthenticationFilter
                - Error extracting username from token: Invalid compact JWT string: Compact JWSs must contain exactly 2 period characters, and compact JWEs must contain exactly 4.  Found: 0
2026-02-22 21:12:36 [userService,/] ERROR o.g.u.s.CustomAuthenticationEntryPoint
                - Authentication failure: Full authentication is required to access this resource 
2026-02-22 21:12:52 [userService,/] ERROR o.g.u.filter.JwtAuthenticationFilter
                - Error extracting username from token: Invalid compact JWT string: Compact JWSs must contain exactly 2 period characters, and compact JWEs must contain exactly 4.  Found: 0
2026-02-22 21:12:52 [userService,/] ERROR o.g.u.s.CustomAuthenticationEntryPoint
                - Authentication failure: Full authentication is required to access this resource 
2026-02-22 21:14:26 [userService,/] ERROR o.g.u.filter.JwtAuthenticationFilter
                - Error extracting username from token: Invalid compact JWT string: Compact JWSs must contain exactly 2 period characters, and compact JWEs must contain exactly 4.  Found: 0
2026-02-22 21:14:26 [userService,/] ERROR o.g.u.s.CustomAuthenticationEntryPoint
                - Authentication failure: Full authentication is required to access this resource 
2026-02-22 21:17:14 [userService,/] INFO  o.g.u.s.i.CustomUserDetailsService
                - User found: admin, Assigned Role: ADMIN
2026-02-22 21:17:14 [userService,/] INFO  org.genc.usermgmt.util.JwtUtil
                - isTokenExpired false 
2026-02-22 21:17:14 [userService,/] DEBUG o.g.u.filter.JwtAuthenticationFilter
                - Authenticated user: admin for request: /api/v1/userservice/admin/settings/105
2026-02-22 21:17:29 [userService,/] INFO  o.g.u.s.i.CustomUserDetailsService
                - User found: admin, Assigned Role: ADMIN
2026-02-22 21:17:29 [userService,/] INFO  org.genc.usermgmt.util.JwtUtil
                - isTokenExpired false 
2026-02-22 21:17:29 [userService,/] DEBUG o.g.u.filter.JwtAuthenticationFilter
                - Authenticated user: admin for request: /api/v1/userservice/admin/settings/105
2026-02-22 21:21:45 [userService,/] INFO  o.g.u.s.i.CustomUserDetailsService
                - User found: admin, Assigned Role: ADMIN
2026-02-22 21:21:45 [userService,/] ERROR o.g.usermgmt.resource.AuthController
                - Invalid credentials: Bad credentials
2026-02-22 21:21:53 [userService,/] INFO  o.g.u.s.i.CustomUserDetailsService
                - User found: admin, Assigned Role: ADMIN
2026-02-22 21:21:54 [userService,/] INFO  o.g.u.s.i.CustomUserDetailsService
                - User found: admin, Assigned Role: ADMIN
2026-02-22 21:21:54 [userService,/] INFO  o.g.usermgmt.resource.AuthController
                - Access from userService on port 8086 (instance: userService:e0475a9bc917ec8c4341d001f5b9f3a9)
2026-02-22 21:28:35 [userService,/] INFO  o.g.u.s.i.CustomUserDetailsService
                - User found: admin, Assigned Role: ADMIN
2026-02-22 21:28:36 [userService,/] INFO  o.g.u.s.i.CustomUserDetailsService
                - User found: admin, Assigned Role: ADMIN
2026-02-22 21:28:36 [userService,/] INFO  o.g.usermgmt.resource.AuthController
                - Access from userService on port 8086 (instance: userService:e0475a9bc917ec8c4341d001f5b9f3a9)
2026-02-22 21:28:42 [userService,/] INFO  o.g.u.s.i.CustomUserDetailsService
                - User found: admin, Assigned Role: ADMIN
2026-02-22 21:28:42 [userService,/] INFO  org.genc.usermgmt.util.JwtUtil
                - isTokenExpired false 
2026-02-22 21:28:42 [userService,/] DEBUG o.g.u.filter.JwtAuthenticationFilter
                - Authenticated user: admin for request: /api/v1/userservice/admin/settings/105
2026-02-22 21:28:42 [userService,/] INFO  o.g.u.s.i.CustomUserDetailsService
                - User found: admin, Assigned Role: ADMIN
2026-02-22 21:28:42 [userService,/] INFO  org.genc.usermgmt.util.JwtUtil
                - isTokenExpired false 
2026-02-22 21:28:42 [userService,/] DEBUG o.g.u.filter.JwtAuthenticationFilter
                - Authenticated user: admin for request: /api/v1/userservice/admin/settings/105
2026-02-22 21:30:02 [userService,/] INFO  o.g.u.s.i.CustomUserDetailsService
                - User found: admin, Assigned Role: ADMIN
2026-02-22 21:30:02 [userService,/] INFO  org.genc.usermgmt.util.JwtUtil
                - isTokenExpired false 
2026-02-22 21:30:02 [userService,/] DEBUG o.g.u.filter.JwtAuthenticationFilter
                - Authenticated user: admin for request: /api/v1/userservice/admin/settings/105
2026-02-22 21:30:02 [userService,/] WARN  o.h.e.jdbc.spi.SqlExceptionHelper
                - SQL Error: 1062, SQLState: 23000
2026-02-22 21:30:02 [userService,/] ERROR o.h.e.jdbc.spi.SqlExceptionHelper
                - Duplicate entry 'raj@gmail.com' for key 'users.email'
2026-02-22 21:30:34 [userService,/] INFO  o.g.u.s.i.CustomUserDetailsService
                - User found: admin, Assigned Role: ADMIN
2026-02-22 21:30:34 [userService,/] INFO  org.genc.usermgmt.util.JwtUtil
                - isTokenExpired false 
2026-02-22 21:30:34 [userService,/] DEBUG o.g.u.filter.JwtAuthenticationFilter
                - Authenticated user: admin for request: /api/v1/userservice/admin/settings/105
2026-02-22 21:32:34 [userService,/] INFO  o.g.u.s.i.CustomUserDetailsService
                - User found: admin, Assigned Role: ADMIN
2026-02-22 21:32:34 [userService,/] INFO  org.genc.usermgmt.util.JwtUtil
                - isTokenExpired false 
2026-02-22 21:32:34 [userService,/] DEBUG o.g.u.filter.JwtAuthenticationFilter
                - Authenticated user: admin for request: /api/v1/userservice/admin/settings/105
2026-02-22 21:38:55 [userService,/] INFO  o.g.u.s.i.CustomUserDetailsService
                - User found: admin, Assigned Role: ADMIN
2026-02-22 21:38:55 [userService,/] INFO  org.genc.usermgmt.util.JwtUtil
                - isTokenExpired false 
2026-02-22 21:38:55 [userService,/] DEBUG o.g.u.filter.JwtAuthenticationFilter
                - Authenticated user: admin for request: /api/v1/userservice/admin/settings/105
2026-02-22 21:50:30 [userService,/] WARN  com.zaxxer.hikari.pool.HikariPool
                - HikariPool-1 - Thread starvation or clock leap detected (housekeeper delta=11m35s739ms288µs200ns).
2026-02-22 21:50:36 [userService,/] ERROR o.g.u.filter.JwtAuthenticationFilter
                - Error extracting username from token: JWT expired 420131 milliseconds ago at 2026-02-22T16:13:36.000Z. Current time: 2026-02-22T16:20:36.131Z. Allowed clock skew: 0 milliseconds.
2026-02-22 21:50:36 [userService,/] ERROR o.g.u.s.CustomAuthenticationEntryPoint
                - Authentication failure: Full authentication is required to access this resource 
2026-02-22 21:50:36 [userService,/] ERROR o.g.u.filter.JwtAuthenticationFilter
                - Error extracting username from token: JWT expired 420146 milliseconds ago at 2026-02-22T16:13:36.000Z. Current time: 2026-02-22T16:20:36.146Z. Allowed clock skew: 0 milliseconds.
2026-02-22 21:50:36 [userService,/] ERROR o.g.u.s.CustomAuthenticationEntryPoint
                - Authentication failure: Full authentication is required to access this resource 
2026-02-22 21:51:03 [userService,/] INFO  o.s.b.w.e.tomcat.GracefulShutdown
                - Commencing graceful shutdown. Waiting for active requests to complete
2026-02-22 21:51:03 [userService,/] INFO  o.s.b.w.e.tomcat.GracefulShutdown
                - Graceful shutdown complete
2026-02-22 21:51:03 [userService,/] INFO  o.s.b.w.e.tomcat.GracefulShutdown
                - Commencing graceful shutdown. Waiting for active requests to complete
2026-02-22 21:51:03 [userService,/] INFO  o.s.b.w.e.tomcat.GracefulShutdown
                - Graceful shutdown complete
2026-02-22 21:51:03 [userService,/] INFO  o.s.o.j.LocalContainerEntityManagerFactoryBean
                - Closing JPA EntityManagerFactory for persistence unit 'default'
2026-02-22 21:51:03 [userService,/] INFO  com.zaxxer.hikari.HikariDataSource
                - HikariPool-1 - Shutdown initiated...
2026-02-22 21:51:03 [userService,/] INFO  com.zaxxer.hikari.HikariDataSource
                - HikariPool-1 - Shutdown completed.
2026-02-26 15:40:20 [sample,/] INFO  o.g.u.UserManagementServiceApplication
                - Starting UserManagementServiceApplication using Java 25 with PID 25616 (C:\Users\2464292\2-GenCWorkspace\projectWorkspace\user-management\target\classes started by 2464292 in C:\Users\2464292\2-GenCWorkspace\projectWorkspace\user-management)
2026-02-26 15:40:20 [sample,/] INFO  o.g.u.UserManagementServiceApplication
                - No active profile set, falling back to 1 default profile: "default"
2026-02-26 15:40:22 [sample,/] INFO  o.s.d.r.c.RepositoryConfigurationDelegate
                - Bootstrapping Spring Data JPA repositories in DEFAULT mode.
2026-02-26 15:40:22 [sample,/] INFO  o.s.d.r.c.RepositoryConfigurationDelegate
                - Finished Spring Data repository scanning in 153 ms. Found 2 JPA repository interfaces.
2026-02-26 15:40:22 [sample,/] INFO  o.s.cloud.context.scope.GenericScope
                - BeanFactory id=55370d8f-92d3-32a2-9ba6-161dd8ce1389
2026-02-26 15:40:23 [sample,/] INFO  o.s.b.w.e.tomcat.TomcatWebServer
                - Tomcat initialized with port 8080 (http)
2026-02-26 15:40:23 [sample,/] INFO  o.a.catalina.core.StandardService
                - Starting service [Tomcat]
2026-02-26 15:40:23 [sample,/] INFO  o.a.catalina.core.StandardEngine
                - Starting Servlet engine: [Apache Tomcat/10.1.46]
2026-02-26 15:40:23 [sample,/] INFO  o.a.c.c.C.[Tomcat].[localhost].[/]
                - Initializing Spring embedded WebApplicationContext
2026-02-26 15:40:23 [sample,/] INFO  o.s.b.w.s.c.ServletWebServerApplicationContext
                - Root WebApplicationContext: initialization completed in 2437 ms
2026-02-26 15:40:23 [sample,/] ERROR o.s.b.w.e.tomcat.TomcatStarter
                - Error starting Tomcat context. Exception: org.springframework.beans.factory.UnsatisfiedDependencyException. Message: Error creating bean with name 'jwtAuthenticationFilter' defined in file [C:\Users\2464292\2-GenCWorkspace\projectWorkspace\user-management\target\classes\org\genc\usermgmt\filter\JwtAuthenticationFilter.class]: Unsatisfied dependency expressed through constructor parameter 0: Error creating bean with name 'jwtUtil': Injection of autowired dependencies failed
2026-02-26 15:40:23 [sample,/] INFO  o.a.catalina.core.StandardService
                - Stopping service [Tomcat]
2026-02-26 15:40:23 [sample,/] WARN  o.s.b.w.s.c.AnnotationConfigServletWebServerApplicationContext
                - Exception encountered during context initialization - cancelling refresh attempt: org.springframework.context.ApplicationContextException: Unable to start web server
2026-02-26 15:40:23 [sample,/] INFO  o.s.b.a.l.ConditionEvaluationReportLogger
                - 

Error starting ApplicationContext. To display the condition evaluation report re-run your application with 'debug' enabled.
2026-02-26 15:40:23 [sample,/] ERROR o.s.boot.SpringApplication
                - Application run failed
org.springframework.context.ApplicationContextException: Unable to start web server
	at org.springframework.boot.web.servlet.context.ServletWebServerApplicationContext.onRefresh(ServletWebServerApplicationContext.java:170)
	at org.springframework.context.support.AbstractApplicationContext.refresh(AbstractApplicationContext.java:621)
	at org.springframework.boot.web.servlet.context.ServletWebServerApplicationContext.refresh(ServletWebServerApplicationContext.java:146)
	at org.springframework.boot.SpringApplication.refresh(SpringApplication.java:752)
	at org.springframework.boot.SpringApplication.refreshContext(SpringApplication.java:439)
	at org.springframework.boot.SpringApplication.run(SpringApplication.java:318)
	at org.springframework.boot.SpringApplication.run(SpringApplication.java:1361)
	at org.springframework.boot.SpringApplication.run(SpringApplication.java:1350)
	at org.genc.usermgmt.UserManagementServiceApplication.main(UserManagementServiceApplication.java:12)
Caused by: org.springframework.boot.web.server.WebServerException: Unable to start embedded Tomcat
	at org.springframework.boot.web.embedded.tomcat.TomcatWebServer.initialize(TomcatWebServer.java:147)
	at org.springframework.boot.web.embedded.tomcat.TomcatWebServer.<init>(TomcatWebServer.java:107)
	at org.springframework.boot.web.embedded.tomcat.TomcatServletWebServerFactory.getTomcatWebServer(TomcatServletWebServerFactory.java:517)
	at org.springframework.boot.web.embedded.tomcat.TomcatServletWebServerFactory.getWebServer(TomcatServletWebServerFactory.java:219)
	at org.springframework.boot.web.servlet.context.ServletWebServerApplicationContext.createWebServer(ServletWebServerApplicationContext.java:193)
	at org.springframework.boot.web.servlet.context.ServletWebServerApplicationContext.onRefresh(ServletWebServerApplicationContext.java:167)
	... 8 common frames omitted
Caused by: org.springframework.beans.factory.UnsatisfiedDependencyException: Error creating bean with name 'jwtAuthenticationFilter' defined in file [C:\Users\2464292\2-GenCWorkspace\projectWorkspace\user-management\target\classes\org\genc\usermgmt\filter\JwtAuthenticationFilter.class]: Unsatisfied dependency expressed through constructor parameter 0: Error creating bean with name 'jwtUtil': Injection of autowired dependencies failed
	at org.springframework.beans.factory.support.ConstructorResolver.createArgumentArray(ConstructorResolver.java:804)
	at org.springframework.beans.factory.support.ConstructorResolver.autowireConstructor(ConstructorResolver.java:240)
	at org.springframework.beans.factory.support.AbstractAutowireCapableBeanFactory.autowireConstructor(AbstractAutowireCapableBeanFactory.java:1395)
	at org.springframework.beans.factory.support.AbstractAutowireCapableBeanFactory.createBeanInstance(AbstractAutowireCapableBeanFactory.java:1232)
	at org.springframework.beans.factory.support.AbstractAutowireCapableBeanFactory.doCreateBean(AbstractAutowireCapableBeanFactory.java:569)
	at org.springframework.beans.factory.support.AbstractAutowireCapableBeanFactory.createBean(AbstractAutowireCapableBeanFactory.java:529)
	at org.springframework.beans.factory.support.AbstractBeanFactory.lambda$doGetBean$0(AbstractBeanFactory.java:339)
	at org.springframework.beans.factory.support.DefaultSingletonBeanRegistry.getSingleton(DefaultSingletonBeanRegistry.java:373)
	at org.springframework.beans.factory.support.AbstractBeanFactory.doGetBean(AbstractBeanFactory.java:337)
	at org.springframework.beans.factory.support.AbstractBeanFactory.getBean(AbstractBeanFactory.java:207)
	at org.springframework.boot.web.servlet.ServletContextInitializerBeans.getOrderedBeansOfType(ServletContextInitializerBeans.java:230)
	at org.springframework.boot.web.servlet.ServletContextInitializerBeans.addAsRegistrationBean(ServletContextInitializerBeans.java:184)
	at org.springframework.boot.web.servlet.ServletContextInitializerBeans.addAsRegistrationBean(ServletContextInitializerBeans.java:179)
	at org.springframework.boot.web.servlet.ServletContextInitializerBeans.addAdaptableBeans(ServletContextInitializerBeans.java:164)
	at org.springframework.boot.web.servlet.ServletContextInitializerBeans.<init>(ServletContextInitializerBeans.java:96)
	at org.springframework.boot.web.servlet.context.ServletWebServerApplicationContext.getServletContextInitializerBeans(ServletWebServerApplicationContext.java:271)
	at org.springframework.boot.web.servlet.context.ServletWebServerApplicationContext.selfInitialize(ServletWebServerApplicationContext.java:245)
	at org.springframework.boot.web.embedded.tomcat.TomcatStarter.onStartup(TomcatStarter.java:52)
	at org.apache.catalina.core.StandardContext.startInternal(StandardContext.java:4464)
	at org.apache.catalina.util.LifecycleBase.start(LifecycleBase.java:164)
	at org.apache.catalina.core.ContainerBase$StartChild.call(ContainerBase.java:1203)
	at org.apache.catalina.core.ContainerBase$StartChild.call(ContainerBase.java:1193)
	at java.base/java.util.concurrent.FutureTask.run(FutureTask.java:328)
	at org.apache.tomcat.util.threads.InlineExecutorService.execute(InlineExecutorService.java:81)
	at java.base/java.util.concurrent.AbstractExecutorService.submit(AbstractExecutorService.java:149)
	at org.apache.catalina.core.ContainerBase.startInternal(ContainerBase.java:749)
	at org.apache.catalina.core.StandardHost.startInternal(StandardHost.java:773)
	at org.apache.catalina.util.LifecycleBase.start(LifecycleBase.java:164)
	at org.apache.catalina.core.ContainerBase$StartChild.call(ContainerBase.java:1203)
	at org.apache.catalina.core.ContainerBase$StartChild.call(ContainerBase.java:1193)
	at java.base/java.util.concurrent.FutureTask.run(FutureTask.java:328)
	at org.apache.tomcat.util.threads.InlineExecutorService.execute(InlineExecutorService.java:81)
	at java.base/java.util.concurrent.AbstractExecutorService.submit(AbstractExecutorService.java:149)
	at org.apache.catalina.core.ContainerBase.startInternal(ContainerBase.java:749)
	at org.apache.catalina.core.StandardEngine.startInternal(StandardEngine.java:203)
	at org.apache.catalina.util.LifecycleBase.start(LifecycleBase.java:164)
	at org.apache.catalina.core.StandardService.startInternal(StandardService.java:412)
	at org.apache.catalina.util.LifecycleBase.start(LifecycleBase.java:164)
	at org.apache.catalina.core.StandardServer.startInternal(StandardServer.java:870)
	at org.apache.catalina.util.LifecycleBase.start(LifecycleBase.java:164)
	at org.apache.catalina.startup.Tomcat.start(Tomcat.java:438)
	at org.springframework.boot.web.embedded.tomcat.TomcatWebServer.initialize(TomcatWebServer.java:128)
	... 13 common frames omitted
Caused by: org.springframework.beans.factory.BeanCreationException: Error creating bean with name 'jwtUtil': Injection of autowired dependencies failed
	at org.springframework.beans.factory.annotation.AutowiredAnnotationBeanPostProcessor.postProcessProperties(AutowiredAnnotationBeanPostProcessor.java:515)
	at org.springframework.beans.factory.support.AbstractAutowireCapableBeanFactory.populateBean(AbstractAutowireCapableBeanFactory.java:1459)
	at org.springframework.beans.factory.support.AbstractAutowireCapableBeanFactory.doCreateBean(AbstractAutowireCapableBeanFactory.java:606)
	at org.springframework.beans.factory.support.AbstractAutowireCapableBeanFactory.createBean(AbstractAutowireCapableBeanFactory.java:529)
	at org.springframework.beans.factory.support.AbstractBeanFactory.lambda$doGetBean$0(AbstractBeanFactory.java:339)
	at org.springframework.beans.factory.support.DefaultSingletonBeanRegistry.getSingleton(DefaultSingletonBeanRegistry.java:373)
	at org.springframework.beans.factory.support.AbstractBeanFactory.doGetBean(AbstractBeanFactory.java:337)
	at org.springframework.beans.factory.support.AbstractBeanFactory.getBean(AbstractBeanFactory.java:202)
	at org.springframework.beans.factory.support.DefaultListableBeanFactory.doResolveDependency(DefaultListableBeanFactory.java:1698)
	at org.springframework.beans.factory.support.DefaultListableBeanFactory.resolveDependency(DefaultListableBeanFactory.java:1643)
	at org.springframework.beans.factory.support.ConstructorResolver.resolveAutowiredArgument(ConstructorResolver.java:913)
	at org.springframework.beans.factory.support.ConstructorResolver.createArgumentArray(ConstructorResolver.java:791)
	... 54 common frames omitted
Caused by: org.springframework.util.PlaceholderResolutionException: Could not resolve placeholder 'genc.jwt.secret' in value "${genc.jwt.secret}"
	at org.springframework.util.PlaceholderResolutionException.withValue(PlaceholderResolutionException.java:81)
	at org.springframework.util.PlaceholderParser$ParsedValue.resolve(PlaceholderParser.java:423)
	at org.springframework.util.PlaceholderParser.replacePlaceholders(PlaceholderParser.java:128)
	at org.springframework.util.PropertyPlaceholderHelper.parseStringValue(PropertyPlaceholderHelper.java:118)
	at org.springframework.util.PropertyPlaceholderHelper.replacePlaceholders(PropertyPlaceholderHelper.java:114)
	at org.springframework.core.env.AbstractPropertyResolver.doResolvePlaceholders(AbstractPropertyResolver.java:293)
	at org.springframework.core.env.AbstractPropertyResolver.resolveRequiredPlaceholders(AbstractPropertyResolver.java:264)
	at org.springframework.context.support.PropertySourcesPlaceholderConfigurer.lambda$processProperties$0(PropertySourcesPlaceholderConfigurer.java:186)
	at org.springframework.beans.factory.support.AbstractBeanFactory.resolveEmbeddedValue(AbstractBeanFactory.java:970)
	at org.springframework.beans.factory.support.DefaultListableBeanFactory.doResolveDependency(DefaultListableBeanFactory.java:1665)
	at org.springframework.beans.factory.support.DefaultListableBeanFactory.resolveDependency(DefaultListableBeanFactory.java:1643)
	at org.springframework.beans.factory.annotation.AutowiredAnnotationBeanPostProcessor$AutowiredFieldElement.resolveFieldValue(AutowiredAnnotationBeanPostProcessor.java:785)
	at org.springframework.beans.factory.annotation.AutowiredAnnotationBeanPostProcessor$AutowiredFieldElement.inject(AutowiredAnnotationBeanPostProcessor.java:768)
	at org.springframework.beans.factory.annotation.InjectionMetadata.inject(InjectionMetadata.java:146)
	at org.springframework.beans.factory.annotation.AutowiredAnnotationBeanPostProcessor.postProcessProperties(AutowiredAnnotationBeanPostProcessor.java:509)
	... 65 common frames omitted
2026-02-26 15:41:46 [sample,/] INFO  o.g.u.UserManagementServiceApplication
                - Starting UserManagementServiceApplication using Java 25 with PID 16912 (C:\Users\2464292\2-GenCWorkspace\projectWorkspace\user-management\target\classes started by 2464292 in C:\Users\2464292\2-GenCWorkspace\projectWorkspace\user-management)
2026-02-26 15:41:46 [sample,/] INFO  o.g.u.UserManagementServiceApplication
                - No active profile set, falling back to 1 default profile: "default"
2026-02-26 15:41:47 [sample,/] INFO  o.s.d.r.c.RepositoryConfigurationDelegate
                - Bootstrapping Spring Data JPA repositories in DEFAULT mode.
2026-02-26 15:41:47 [sample,/] INFO  o.s.d.r.c.RepositoryConfigurationDelegate
                - Finished Spring Data repository scanning in 145 ms. Found 2 JPA repository interfaces.
2026-02-26 15:41:47 [sample,/] INFO  o.s.cloud.context.scope.GenericScope
                - BeanFactory id=55370d8f-92d3-32a2-9ba6-161dd8ce1389
2026-02-26 15:41:48 [sample,/] INFO  o.s.b.w.e.tomcat.TomcatWebServer
                - Tomcat initialized with port 8080 (http)
2026-02-26 15:41:48 [sample,/] INFO  o.a.catalina.core.StandardService
                - Starting service [Tomcat]
2026-02-26 15:41:48 [sample,/] INFO  o.a.catalina.core.StandardEngine
                - Starting Servlet engine: [Apache Tomcat/10.1.46]
2026-02-26 15:41:48 [sample,/] INFO  o.a.c.c.C.[Tomcat].[localhost].[/]
                - Initializing Spring embedded WebApplicationContext
2026-02-26 15:41:48 [sample,/] INFO  o.s.b.w.s.c.ServletWebServerApplicationContext
                - Root WebApplicationContext: initialization completed in 2295 ms
2026-02-26 15:41:48 [sample,/] ERROR o.s.b.w.e.tomcat.TomcatStarter
                - Error starting Tomcat context. Exception: org.springframework.beans.factory.UnsatisfiedDependencyException. Message: Error creating bean with name 'jwtAuthenticationFilter' defined in file [C:\Users\2464292\2-GenCWorkspace\projectWorkspace\user-management\target\classes\org\genc\usermgmt\filter\JwtAuthenticationFilter.class]: Unsatisfied dependency expressed through constructor parameter 0: Error creating bean with name 'jwtUtil': Injection of autowired dependencies failed
2026-02-26 15:41:48 [sample,/] INFO  o.a.catalina.core.StandardService
                - Stopping service [Tomcat]
2026-02-26 15:41:48 [sample,/] WARN  o.s.b.w.s.c.AnnotationConfigServletWebServerApplicationContext
                - Exception encountered during context initialization - cancelling refresh attempt: org.springframework.context.ApplicationContextException: Unable to start web server
2026-02-26 15:41:48 [sample,/] INFO  o.s.b.a.l.ConditionEvaluationReportLogger
                - 

Error starting ApplicationContext. To display the condition evaluation report re-run your application with 'debug' enabled.
2026-02-26 15:41:48 [sample,/] ERROR o.s.boot.SpringApplication
                - Application run failed
org.springframework.context.ApplicationContextException: Unable to start web server
	at org.springframework.boot.web.servlet.context.ServletWebServerApplicationContext.onRefresh(ServletWebServerApplicationContext.java:170)
	at org.springframework.context.support.AbstractApplicationContext.refresh(AbstractApplicationContext.java:621)
	at org.springframework.boot.web.servlet.context.ServletWebServerApplicationContext.refresh(ServletWebServerApplicationContext.java:146)
	at org.springframework.boot.SpringApplication.refresh(SpringApplication.java:752)
	at org.springframework.boot.SpringApplication.refreshContext(SpringApplication.java:439)
	at org.springframework.boot.SpringApplication.run(SpringApplication.java:318)
	at org.springframework.boot.SpringApplication.run(SpringApplication.java:1361)
	at org.springframework.boot.SpringApplication.run(SpringApplication.java:1350)
	at org.genc.usermgmt.UserManagementServiceApplication.main(UserManagementServiceApplication.java:12)
Caused by: org.springframework.boot.web.server.WebServerException: Unable to start embedded Tomcat
	at org.springframework.boot.web.embedded.tomcat.TomcatWebServer.initialize(TomcatWebServer.java:147)
	at org.springframework.boot.web.embedded.tomcat.TomcatWebServer.<init>(TomcatWebServer.java:107)
	at org.springframework.boot.web.embedded.tomcat.TomcatServletWebServerFactory.getTomcatWebServer(TomcatServletWebServerFactory.java:517)
	at org.springframework.boot.web.embedded.tomcat.TomcatServletWebServerFactory.getWebServer(TomcatServletWebServerFactory.java:219)
	at org.springframework.boot.web.servlet.context.ServletWebServerApplicationContext.createWebServer(ServletWebServerApplicationContext.java:193)
	at org.springframework.boot.web.servlet.context.ServletWebServerApplicationContext.onRefresh(ServletWebServerApplicationContext.java:167)
	... 8 common frames omitted
Caused by: org.springframework.beans.factory.UnsatisfiedDependencyException: Error creating bean with name 'jwtAuthenticationFilter' defined in file [C:\Users\2464292\2-GenCWorkspace\projectWorkspace\user-management\target\classes\org\genc\usermgmt\filter\JwtAuthenticationFilter.class]: Unsatisfied dependency expressed through constructor parameter 0: Error creating bean with name 'jwtUtil': Injection of autowired dependencies failed
	at org.springframework.beans.factory.support.ConstructorResolver.createArgumentArray(ConstructorResolver.java:804)
	at org.springframework.beans.factory.support.ConstructorResolver.autowireConstructor(ConstructorResolver.java:240)
	at org.springframework.beans.factory.support.AbstractAutowireCapableBeanFactory.autowireConstructor(AbstractAutowireCapableBeanFactory.java:1395)
	at org.springframework.beans.factory.support.AbstractAutowireCapableBeanFactory.createBeanInstance(AbstractAutowireCapableBeanFactory.java:1232)
	at org.springframework.beans.factory.support.AbstractAutowireCapableBeanFactory.doCreateBean(AbstractAutowireCapableBeanFactory.java:569)
	at org.springframework.beans.factory.support.AbstractAutowireCapableBeanFactory.createBean(AbstractAutowireCapableBeanFactory.java:529)
	at org.springframework.beans.factory.support.AbstractBeanFactory.lambda$doGetBean$0(AbstractBeanFactory.java:339)
	at org.springframework.beans.factory.support.DefaultSingletonBeanRegistry.getSingleton(DefaultSingletonBeanRegistry.java:373)
	at org.springframework.beans.factory.support.AbstractBeanFactory.doGetBean(AbstractBeanFactory.java:337)
	at org.springframework.beans.factory.support.AbstractBeanFactory.getBean(AbstractBeanFactory.java:207)
	at org.springframework.boot.web.servlet.ServletContextInitializerBeans.getOrderedBeansOfType(ServletContextInitializerBeans.java:230)
	at org.springframework.boot.web.servlet.ServletContextInitializerBeans.addAsRegistrationBean(ServletContextInitializerBeans.java:184)
	at org.springframework.boot.web.servlet.ServletContextInitializerBeans.addAsRegistrationBean(ServletContextInitializerBeans.java:179)
	at org.springframework.boot.web.servlet.ServletContextInitializerBeans.addAdaptableBeans(ServletContextInitializerBeans.java:164)
	at org.springframework.boot.web.servlet.ServletContextInitializerBeans.<init>(ServletContextInitializerBeans.java:96)
	at org.springframework.boot.web.servlet.context.ServletWebServerApplicationContext.getServletContextInitializerBeans(ServletWebServerApplicationContext.java:271)
	at org.springframework.boot.web.servlet.context.ServletWebServerApplicationContext.selfInitialize(ServletWebServerApplicationContext.java:245)
	at org.springframework.boot.web.embedded.tomcat.TomcatStarter.onStartup(TomcatStarter.java:52)
	at org.apache.catalina.core.StandardContext.startInternal(StandardContext.java:4464)
	at org.apache.catalina.util.LifecycleBase.start(LifecycleBase.java:164)
	at org.apache.catalina.core.ContainerBase$StartChild.call(ContainerBase.java:1203)
	at org.apache.catalina.core.ContainerBase$StartChild.call(ContainerBase.java:1193)
	at java.base/java.util.concurrent.FutureTask.run(FutureTask.java:328)
	at org.apache.tomcat.util.threads.InlineExecutorService.execute(InlineExecutorService.java:81)
	at java.base/java.util.concurrent.AbstractExecutorService.submit(AbstractExecutorService.java:149)
	at org.apache.catalina.core.ContainerBase.startInternal(ContainerBase.java:749)
	at org.apache.catalina.core.StandardHost.startInternal(StandardHost.java:773)
	at org.apache.catalina.util.LifecycleBase.start(LifecycleBase.java:164)
	at org.apache.catalina.core.ContainerBase$StartChild.call(ContainerBase.java:1203)
	at org.apache.catalina.core.ContainerBase$StartChild.call(ContainerBase.java:1193)
	at java.base/java.util.concurrent.FutureTask.run(FutureTask.java:328)
	at org.apache.tomcat.util.threads.InlineExecutorService.execute(InlineExecutorService.java:81)
	at java.base/java.util.concurrent.AbstractExecutorService.submit(AbstractExecutorService.java:149)
	at org.apache.catalina.core.ContainerBase.startInternal(ContainerBase.java:749)
	at org.apache.catalina.core.StandardEngine.startInternal(StandardEngine.java:203)
	at org.apache.catalina.util.LifecycleBase.start(LifecycleBase.java:164)
	at org.apache.catalina.core.StandardService.startInternal(StandardService.java:412)
	at org.apache.catalina.util.LifecycleBase.start(LifecycleBase.java:164)
	at org.apache.catalina.core.StandardServer.startInternal(StandardServer.java:870)
	at org.apache.catalina.util.LifecycleBase.start(LifecycleBase.java:164)
	at org.apache.catalina.startup.Tomcat.start(Tomcat.java:438)
	at org.springframework.boot.web.embedded.tomcat.TomcatWebServer.initialize(TomcatWebServer.java:128)
	... 13 common frames omitted
Caused by: org.springframework.beans.factory.BeanCreationException: Error creating bean with name 'jwtUtil': Injection of autowired dependencies failed
	at org.springframework.beans.factory.annotation.AutowiredAnnotationBeanPostProcessor.postProcessProperties(AutowiredAnnotationBeanPostProcessor.java:515)
	at org.springframework.beans.factory.support.AbstractAutowireCapableBeanFactory.populateBean(AbstractAutowireCapableBeanFactory.java:1459)
	at org.springframework.beans.factory.support.AbstractAutowireCapableBeanFactory.doCreateBean(AbstractAutowireCapableBeanFactory.java:606)
	at org.springframework.beans.factory.support.AbstractAutowireCapableBeanFactory.createBean(AbstractAutowireCapableBeanFactory.java:529)
	at org.springframework.beans.factory.support.AbstractBeanFactory.lambda$doGetBean$0(AbstractBeanFactory.java:339)
	at org.springframework.beans.factory.support.DefaultSingletonBeanRegistry.getSingleton(DefaultSingletonBeanRegistry.java:373)
	at org.springframework.beans.factory.support.AbstractBeanFactory.doGetBean(AbstractBeanFactory.java:337)
	at org.springframework.beans.factory.support.AbstractBeanFactory.getBean(AbstractBeanFactory.java:202)
	at org.springframework.beans.factory.support.DefaultListableBeanFactory.doResolveDependency(DefaultListableBeanFactory.java:1698)
	at org.springframework.beans.factory.support.DefaultListableBeanFactory.resolveDependency(DefaultListableBeanFactory.java:1643)
	at org.springframework.beans.factory.support.ConstructorResolver.resolveAutowiredArgument(ConstructorResolver.java:913)
	at org.springframework.beans.factory.support.ConstructorResolver.createArgumentArray(ConstructorResolver.java:791)
	... 54 common frames omitted
Caused by: org.springframework.util.PlaceholderResolutionException: Could not resolve placeholder 'genc.jwt.secret' in value "${genc.jwt.secret}"
	at org.springframework.util.PlaceholderResolutionException.withValue(PlaceholderResolutionException.java:81)
	at org.springframework.util.PlaceholderParser$ParsedValue.resolve(PlaceholderParser.java:423)
	at org.springframework.util.PlaceholderParser.replacePlaceholders(PlaceholderParser.java:128)
	at org.springframework.util.PropertyPlaceholderHelper.parseStringValue(PropertyPlaceholderHelper.java:118)
	at org.springframework.util.PropertyPlaceholderHelper.replacePlaceholders(PropertyPlaceholderHelper.java:114)
	at org.springframework.core.env.AbstractPropertyResolver.doResolvePlaceholders(AbstractPropertyResolver.java:293)
	at org.springframework.core.env.AbstractPropertyResolver.resolveRequiredPlaceholders(AbstractPropertyResolver.java:264)
	at org.springframework.context.support.PropertySourcesPlaceholderConfigurer.lambda$processProperties$0(PropertySourcesPlaceholderConfigurer.java:186)
	at org.springframework.beans.factory.support.AbstractBeanFactory.resolveEmbeddedValue(AbstractBeanFactory.java:970)
	at org.springframework.beans.factory.support.DefaultListableBeanFactory.doResolveDependency(DefaultListableBeanFactory.java:1665)
	at org.springframework.beans.factory.support.DefaultListableBeanFactory.resolveDependency(DefaultListableBeanFactory.java:1643)
	at org.springframework.beans.factory.annotation.AutowiredAnnotationBeanPostProcessor$AutowiredFieldElement.resolveFieldValue(AutowiredAnnotationBeanPostProcessor.java:785)
	at org.springframework.beans.factory.annotation.AutowiredAnnotationBeanPostProcessor$AutowiredFieldElement.inject(AutowiredAnnotationBeanPostProcessor.java:768)
	at org.springframework.beans.factory.annotation.InjectionMetadata.inject(InjectionMetadata.java:146)
	at org.springframework.beans.factory.annotation.AutowiredAnnotationBeanPostProcessor.postProcessProperties(AutowiredAnnotationBeanPostProcessor.java:509)
	... 65 common frames omitted
2026-03-05 15:56:22 [userService,/] INFO  o.g.u.UserManagementServiceApplication
                - Starting UserManagementServiceApplication using Java 25 with PID 18080 (C:\cruisemate\cruisemate-registration\cruisemate-registration\target\classes started by 2464280 in C:\cruisemate\cruisemate-registration\cruisemate-registration)
2026-03-05 15:56:22 [userService,/] DEBUG o.g.u.UserManagementServiceApplication
                - Running with Spring Boot v3.5.6, Spring v6.2.11
2026-03-05 15:56:22 [userService,/] INFO  o.g.u.UserManagementServiceApplication
                - The following 1 profile is active: "genc"
2026-03-05 15:56:24 [userService,/] INFO  o.s.d.r.c.RepositoryConfigurationDelegate
                - Bootstrapping Spring Data JPA repositories in DEFAULT mode.
2026-03-05 15:56:25 [userService,/] INFO  o.s.d.r.c.RepositoryConfigurationDelegate
                - Finished Spring Data repository scanning in 218 ms. Found 2 JPA repository interfaces.
2026-03-05 15:56:25 [userService,/] INFO  o.s.cloud.context.scope.GenericScope
                - BeanFactory id=07aab1ff-1bf7-3637-ad3f-6ce54d46db5f
2026-03-05 15:56:26 [userService,/] INFO  o.s.b.w.e.tomcat.TomcatWebServer
                - Tomcat initialized with port 8086 (http)
2026-03-05 15:56:26 [userService,/] INFO  o.a.catalina.core.StandardService
                - Starting service [Tomcat]
2026-03-05 15:56:26 [userService,/] INFO  o.a.catalina.core.StandardEngine
                - Starting Servlet engine: [Apache Tomcat/10.1.46]
2026-03-05 15:56:26 [userService,/] INFO  o.a.c.c.C.[Tomcat].[localhost].[/]
                - Initializing Spring embedded WebApplicationContext
2026-03-05 15:56:26 [userService,/] INFO  o.s.b.w.s.c.ServletWebServerApplicationContext
                - Root WebApplicationContext: initialization completed in 3758 ms
2026-03-05 15:56:27 [userService,/] INFO  o.h.jpa.internal.util.LogHelper
                - HHH000204: Processing PersistenceUnitInfo [name: default]
2026-03-05 15:56:27 [userService,/] INFO  org.hibernate.Version
                - HHH000412: Hibernate ORM core version 6.6.29.Final
2026-03-05 15:56:27 [userService,/] INFO  o.h.c.i.RegionFactoryInitiator
                - HHH000026: Second-level cache disabled
2026-03-05 15:56:27 [userService,/] INFO  o.s.o.j.p.SpringPersistenceUnitInfo
                - No LoadTimeWeaver setup: ignoring JPA class transformer
2026-03-05 15:56:27 [userService,/] INFO  com.zaxxer.hikari.HikariDataSource
                - HikariPool-1 - Starting...
2026-03-05 15:56:28 [userService,/] INFO  com.zaxxer.hikari.pool.HikariPool
                - HikariPool-1 - Added connection com.mysql.cj.jdbc.ConnectionImpl@7db2b614
2026-03-05 15:56:28 [userService,/] INFO  com.zaxxer.hikari.HikariDataSource
                - HikariPool-1 - Start completed.
2026-03-05 15:56:28 [userService,/] WARN  org.hibernate.orm.deprecation
                - HHH90000025: MySQLDialect does not need to be specified explicitly using 'hibernate.dialect' (remove the property setting and it will be selected by default)
2026-03-05 15:56:28 [userService,/] INFO  o.hibernate.orm.connections.pooling
                - HHH10001005: Database info:
	Database JDBC URL [Connecting through datasource 'HikariDataSource (HikariPool-1)']
	Database driver: undefined/unknown
	Database version: 8.0.44
	Autocommit mode: undefined/unknown
	Isolation level: undefined/unknown
	Minimum pool size: undefined/unknown
	Maximum pool size: undefined/unknown
2026-03-05 15:56:29 [userService,/] INFO  o.h.e.t.j.p.i.JtaPlatformInitiator
                - HHH000489: No JTA platform available (set 'hibernate.transaction.jta.platform' to enable JTA platform integration)
2026-03-05 15:56:30 [userService,/] INFO  o.s.o.j.LocalContainerEntityManagerFactoryBean
                - Initialized JPA EntityManagerFactory for persistence unit 'default'
2026-03-05 15:56:30 [userService,/] DEBUG o.g.u.filter.JwtAuthenticationFilter
                - Filter 'jwtAuthenticationFilter' configured for use
2026-03-05 15:56:31 [userService,/] INFO  o.s.s.c.a.a.c.InitializeUserDetailsBeanManagerConfigurer$InitializeUserDetailsManagerConfigurer
                - Global AuthenticationManager configured with UserDetailsService bean with name customUserDetailsService
2026-03-05 15:56:31 [userService,/] WARN  o.s.b.a.o.j.JpaBaseConfiguration$JpaWebConfiguration
                - spring.jpa.open-in-view is enabled by default. Therefore, database queries may be performed during view rendering. Explicitly configure spring.jpa.open-in-view to disable this warning
2026-03-05 15:56:33 [userService,/] INFO  o.s.c.n.e.c.DiscoveryClientOptionalArgsConfiguration
                - Eureka HTTP Client uses RestTemplate.
2026-03-05 15:56:33 [userService,/] WARN  o.s.c.l.c.LoadBalancerCacheAutoConfiguration$LoadBalancerCaffeineWarnLogger
                - Spring Cloud LoadBalancer is currently working with the default cache. While this cache implementation is useful for development and tests, it's recommended to use Caffeine cache in production.You can switch to using Caffeine cache, by adding it and org.springframework.cache.caffeine.CaffeineCacheManager to the classpath.
2026-03-05 15:56:33 [userService,/] INFO  o.s.c.n.eureka.InstanceInfoFactory
                - Setting initial instance status as: STARTING
2026-03-05 15:56:33 [userService,/] INFO  c.netflix.discovery.DiscoveryClient
                - Initializing Eureka in region us-east-1
2026-03-05 15:56:33 [userService,/] INFO  c.n.d.s.r.aws.ConfigClusterResolver
                - Resolving eureka endpoints via configuration
2026-03-05 15:56:33 [userService,/] INFO  c.netflix.discovery.DiscoveryClient
                - Disable delta property : false
2026-03-05 15:56:33 [userService,/] INFO  c.netflix.discovery.DiscoveryClient
                - Single vip registry refresh property : null
2026-03-05 15:56:33 [userService,/] INFO  c.netflix.discovery.DiscoveryClient
                - Force full registry fetch : false
2026-03-05 15:56:33 [userService,/] INFO  c.netflix.discovery.DiscoveryClient
                - Application is null : false
2026-03-05 15:56:33 [userService,/] INFO  c.netflix.discovery.DiscoveryClient
                - Registered Applications size is zero : true
2026-03-05 15:56:33 [userService,/] INFO  c.netflix.discovery.DiscoveryClient
                - Application version is -1: true
2026-03-05 15:56:33 [userService,/] INFO  c.netflix.discovery.DiscoveryClient
                - Getting all instance registry info from the eureka server
2026-03-05 15:56:34 [userService,/] INFO  c.netflix.discovery.DiscoveryClient
                - The response status is 200
2026-03-05 15:56:34 [userService,/] INFO  c.netflix.discovery.DiscoveryClient
                - Starting heartbeat executor: renew interval is: 30
2026-03-05 15:56:34 [userService,/] INFO  c.n.discovery.InstanceInfoReplicator
                - InstanceInfoReplicator onDemand update allowed rate per min is 4
2026-03-05 15:56:34 [userService,/] INFO  c.netflix.discovery.DiscoveryClient
                - Discovery Client initialized at timestamp 1772706394098 with initial instances count: 5
2026-03-05 15:56:34 [userService,/] INFO  o.s.c.n.e.s.EurekaServiceRegistry
                - Registering application USERSERVICE with eureka with status UP
2026-03-05 15:56:34 [userService,/] INFO  c.netflix.discovery.DiscoveryClient
                - Saw local status change event StatusChangeEvent [timestamp=1772706394108, current=UP, previous=STARTING]
2026-03-05 15:56:34 [userService,/] INFO  c.netflix.discovery.DiscoveryClient
                - DiscoveryClient_USERSERVICE/userService:1a59b79b488956e50704db0d55041819: registering service...
2026-03-05 15:56:34 [userService,/] INFO  o.s.c.n.e.s.EurekaServiceRegistry
                - Unregistering application USERSERVICE with eureka with status DOWN
2026-03-05 15:56:34 [userService,/] INFO  c.netflix.discovery.DiscoveryClient
                - Saw local status change event StatusChangeEvent [timestamp=1772706394119, current=DOWN, previous=UP]
2026-03-05 15:56:34 [userService,/] WARN  o.s.b.w.s.c.AnnotationConfigServletWebServerApplicationContext
                - Exception encountered during context initialization - cancelling refresh attempt: org.springframework.context.ApplicationContextException: Failed to start bean 'webServerStartStop'
2026-03-05 15:56:34 [userService,/] INFO  o.s.o.j.LocalContainerEntityManagerFactoryBean
                - Closing JPA EntityManagerFactory for persistence unit 'default'
2026-03-05 15:56:34 [userService,/] INFO  com.zaxxer.hikari.HikariDataSource
                - HikariPool-1 - Shutdown initiated...
2026-03-05 15:56:34 [userService,/] INFO  com.zaxxer.hikari.HikariDataSource
                - HikariPool-1 - Shutdown completed.
2026-03-05 15:56:34 [userService,/] INFO  c.netflix.discovery.DiscoveryClient
                - Shutting down DiscoveryClient ...
2026-03-05 15:56:34 [userService,/] INFO  c.netflix.discovery.DiscoveryClient
                - DiscoveryClient_USERSERVICE/userService:1a59b79b488956e50704db0d55041819 - registration status: 204
2026-03-05 15:56:34 [userService,/] INFO  c.netflix.discovery.DiscoveryClient
                - DiscoveryClient_USERSERVICE/userService:1a59b79b488956e50704db0d55041819: registering service...
2026-03-05 15:56:34 [userService,/] INFO  c.netflix.discovery.DiscoveryClient
                - DiscoveryClient_USERSERVICE/userService:1a59b79b488956e50704db0d55041819 - registration status: 204
2026-03-05 15:56:34 [userService,/] INFO  c.netflix.discovery.DiscoveryClient
                - Unregistering ...
2026-03-05 15:56:34 [userService,/] INFO  c.netflix.discovery.DiscoveryClient
                - DiscoveryClient_USERSERVICE/userService:1a59b79b488956e50704db0d55041819 - deregister  status: 200
2026-03-05 15:56:34 [userService,/] INFO  c.netflix.discovery.DiscoveryClient
                - Completed shut down of DiscoveryClient
2026-03-05 15:56:34 [userService,/] INFO  o.s.b.a.l.ConditionEvaluationReportLogger
                - 

Error starting ApplicationContext. To display the condition evaluation report re-run your application with 'debug' enabled.
2026-03-05 15:56:34 [userService,/] ERROR o.s.b.d.LoggingFailureAnalysisReporter
                - 

***************************
APPLICATION FAILED TO START
***************************

Description:

Web server failed to start. Port 8086 was already in use.

Action:

Identify and stop the process that's listening on port 8086 or configure this application to listen on another port.

2026-03-05 15:59:39 [userService,/] INFO  o.g.u.UserManagementServiceApplication
                - Starting UserManagementServiceApplication using Java 25 with PID 22108 (C:\cruisemate\cruisemate-registration\cruisemate-registration\target\classes started by 2464280 in C:\cruisemate\cruisemate-registration\cruisemate-registration)
2026-03-05 15:59:39 [userService,/] DEBUG o.g.u.UserManagementServiceApplication
                - Running with Spring Boot v3.5.6, Spring v6.2.11
2026-03-05 15:59:39 [userService,/] INFO  o.g.u.UserManagementServiceApplication
                - The following 1 profile is active: "genc"
2026-03-05 15:59:41 [userService,/] INFO  o.s.d.r.c.RepositoryConfigurationDelegate
                - Bootstrapping Spring Data JPA repositories in DEFAULT mode.
2026-03-05 15:59:42 [userService,/] INFO  o.s.d.r.c.RepositoryConfigurationDelegate
                - Finished Spring Data repository scanning in 254 ms. Found 2 JPA repository interfaces.
2026-03-05 15:59:42 [userService,/] INFO  o.s.cloud.context.scope.GenericScope
                - BeanFactory id=07aab1ff-1bf7-3637-ad3f-6ce54d46db5f
2026-03-05 15:59:43 [userService,/] INFO  o.s.b.w.e.tomcat.TomcatWebServer
                - Tomcat initialized with port 8086 (http)
2026-03-05 15:59:43 [userService,/] INFO  o.a.catalina.core.StandardService
                - Starting service [Tomcat]
2026-03-05 15:59:43 [userService,/] INFO  o.a.catalina.core.StandardEngine
                - Starting Servlet engine: [Apache Tomcat/10.1.46]
2026-03-05 15:59:43 [userService,/] INFO  o.a.c.c.C.[Tomcat].[localhost].[/]
                - Initializing Spring embedded WebApplicationContext
2026-03-05 15:59:43 [userService,/] INFO  o.s.b.w.s.c.ServletWebServerApplicationContext
                - Root WebApplicationContext: initialization completed in 3770 ms
2026-03-05 15:59:44 [userService,/] INFO  o.h.jpa.internal.util.LogHelper
                - HHH000204: Processing PersistenceUnitInfo [name: default]
2026-03-05 15:59:44 [userService,/] INFO  org.hibernate.Version
                - HHH000412: Hibernate ORM core version 6.6.29.Final
2026-03-05 15:59:44 [userService,/] INFO  o.h.c.i.RegionFactoryInitiator
                - HHH000026: Second-level cache disabled
2026-03-05 15:59:44 [userService,/] INFO  o.s.o.j.p.SpringPersistenceUnitInfo
                - No LoadTimeWeaver setup: ignoring JPA class transformer
2026-03-05 15:59:44 [userService,/] INFO  com.zaxxer.hikari.HikariDataSource
                - HikariPool-1 - Starting...
2026-03-05 15:59:45 [userService,/] INFO  com.zaxxer.hikari.pool.HikariPool
                - HikariPool-1 - Added connection com.mysql.cj.jdbc.ConnectionImpl@34d5eac
2026-03-05 15:59:45 [userService,/] INFO  com.zaxxer.hikari.HikariDataSource
                - HikariPool-1 - Start completed.
2026-03-05 15:59:45 [userService,/] WARN  org.hibernate.orm.deprecation
                - HHH90000025: MySQLDialect does not need to be specified explicitly using 'hibernate.dialect' (remove the property setting and it will be selected by default)
2026-03-05 15:59:45 [userService,/] INFO  o.hibernate.orm.connections.pooling
                - HHH10001005: Database info:
	Database JDBC URL [Connecting through datasource 'HikariDataSource (HikariPool-1)']
	Database driver: undefined/unknown
	Database version: 8.0.44
	Autocommit mode: undefined/unknown
	Isolation level: undefined/unknown
	Minimum pool size: undefined/unknown
	Maximum pool size: undefined/unknown
2026-03-05 15:59:46 [userService,/] INFO  o.h.e.t.j.p.i.JtaPlatformInitiator
                - HHH000489: No JTA platform available (set 'hibernate.transaction.jta.platform' to enable JTA platform integration)
2026-03-05 15:59:46 [userService,/] INFO  o.s.o.j.LocalContainerEntityManagerFactoryBean
                - Initialized JPA EntityManagerFactory for persistence unit 'default'
2026-03-05 15:59:47 [userService,/] DEBUG o.g.u.filter.JwtAuthenticationFilter
                - Filter 'jwtAuthenticationFilter' configured for use
2026-03-05 15:59:47 [userService,/] INFO  o.s.s.c.a.a.c.InitializeUserDetailsBeanManagerConfigurer$InitializeUserDetailsManagerConfigurer
                - Global AuthenticationManager configured with UserDetailsService bean with name customUserDetailsService
2026-03-05 15:59:47 [userService,/] WARN  o.s.b.a.o.j.JpaBaseConfiguration$JpaWebConfiguration
                - spring.jpa.open-in-view is enabled by default. Therefore, database queries may be performed during view rendering. Explicitly configure spring.jpa.open-in-view to disable this warning
2026-03-05 15:59:49 [userService,/] INFO  o.s.c.n.e.c.DiscoveryClientOptionalArgsConfiguration
                - Eureka HTTP Client uses RestTemplate.
2026-03-05 15:59:49 [userService,/] WARN  o.s.c.l.c.LoadBalancerCacheAutoConfiguration$LoadBalancerCaffeineWarnLogger
                - Spring Cloud LoadBalancer is currently working with the default cache. While this cache implementation is useful for development and tests, it's recommended to use Caffeine cache in production.You can switch to using Caffeine cache, by adding it and org.springframework.cache.caffeine.CaffeineCacheManager to the classpath.
2026-03-05 15:59:49 [userService,/] INFO  o.s.c.n.eureka.InstanceInfoFactory
                - Setting initial instance status as: STARTING
2026-03-05 15:59:49 [userService,/] INFO  c.netflix.discovery.DiscoveryClient
                - Initializing Eureka in region us-east-1
2026-03-05 15:59:49 [userService,/] INFO  c.n.d.s.r.aws.ConfigClusterResolver
                - Resolving eureka endpoints via configuration
2026-03-05 15:59:49 [userService,/] INFO  c.netflix.discovery.DiscoveryClient
                - Disable delta property : false
2026-03-05 15:59:49 [userService,/] INFO  c.netflix.discovery.DiscoveryClient
                - Single vip registry refresh property : null
2026-03-05 15:59:49 [userService,/] INFO  c.netflix.discovery.DiscoveryClient
                - Force full registry fetch : false
2026-03-05 15:59:49 [userService,/] INFO  c.netflix.discovery.DiscoveryClient
                - Application is null : false
2026-03-05 15:59:49 [userService,/] INFO  c.netflix.discovery.DiscoveryClient
                - Registered Applications size is zero : true
2026-03-05 15:59:49 [userService,/] INFO  c.netflix.discovery.DiscoveryClient
                - Application version is -1: true
2026-03-05 15:59:49 [userService,/] INFO  c.netflix.discovery.DiscoveryClient
                - Getting all instance registry info from the eureka server
2026-03-05 15:59:49 [userService,/] INFO  c.netflix.discovery.DiscoveryClient
                - The response status is 200
2026-03-05 15:59:49 [userService,/] INFO  c.netflix.discovery.DiscoveryClient
                - Starting heartbeat executor: renew interval is: 30
2026-03-05 15:59:49 [userService,/] INFO  c.n.discovery.InstanceInfoReplicator
                - InstanceInfoReplicator onDemand update allowed rate per min is 4
2026-03-05 15:59:49 [userService,/] INFO  c.netflix.discovery.DiscoveryClient
                - Discovery Client initialized at timestamp 1772706589936 with initial instances count: 5
2026-03-05 15:59:49 [userService,/] INFO  o.s.c.n.e.s.EurekaServiceRegistry
                - Registering application USERSERVICE with eureka with status UP
2026-03-05 15:59:49 [userService,/] INFO  c.netflix.discovery.DiscoveryClient
                - Saw local status change event StatusChangeEvent [timestamp=1772706589946, current=UP, previous=STARTING]
2026-03-05 15:59:49 [userService,/] INFO  c.netflix.discovery.DiscoveryClient
                - DiscoveryClient_USERSERVICE/userService:28bd642cad02f71ec6b0bd24d277147e: registering service...
2026-03-05 15:59:49 [userService,/] INFO  o.s.c.n.e.s.EurekaServiceRegistry
                - Unregistering application USERSERVICE with eureka with status DOWN
2026-03-05 15:59:49 [userService,/] INFO  c.netflix.discovery.DiscoveryClient
                - Saw local status change event StatusChangeEvent [timestamp=1772706589954, current=DOWN, previous=UP]
2026-03-05 15:59:49 [userService,/] WARN  o.s.b.w.s.c.AnnotationConfigServletWebServerApplicationContext
                - Exception encountered during context initialization - cancelling refresh attempt: org.springframework.context.ApplicationContextException: Failed to start bean 'webServerStartStop'
2026-03-05 15:59:49 [userService,/] INFO  o.s.o.j.LocalContainerEntityManagerFactoryBean
                - Closing JPA EntityManagerFactory for persistence unit 'default'
2026-03-05 15:59:49 [userService,/] INFO  com.zaxxer.hikari.HikariDataSource
                - HikariPool-1 - Shutdown initiated...
2026-03-05 15:59:49 [userService,/] INFO  com.zaxxer.hikari.HikariDataSource
                - HikariPool-1 - Shutdown completed.
2026-03-05 15:59:49 [userService,/] INFO  c.netflix.discovery.DiscoveryClient
                - Shutting down DiscoveryClient ...
2026-03-05 15:59:50 [userService,/] INFO  c.netflix.discovery.DiscoveryClient
                - DiscoveryClient_USERSERVICE/userService:28bd642cad02f71ec6b0bd24d277147e - registration status: 204
2026-03-05 15:59:50 [userService,/] INFO  c.netflix.discovery.DiscoveryClient
                - DiscoveryClient_USERSERVICE/userService:28bd642cad02f71ec6b0bd24d277147e: registering service...
2026-03-05 15:59:50 [userService,/] INFO  c.netflix.discovery.DiscoveryClient
                - DiscoveryClient_USERSERVICE/userService:28bd642cad02f71ec6b0bd24d277147e - registration status: 204
2026-03-05 15:59:50 [userService,/] INFO  c.netflix.discovery.DiscoveryClient
                - Unregistering ...
2026-03-05 15:59:50 [userService,/] INFO  c.netflix.discovery.DiscoveryClient
                - DiscoveryClient_USERSERVICE/userService:28bd642cad02f71ec6b0bd24d277147e - deregister  status: 200
2026-03-05 15:59:50 [userService,/] INFO  c.netflix.discovery.DiscoveryClient
                - Completed shut down of DiscoveryClient
2026-03-05 15:59:50 [userService,/] INFO  o.s.b.a.l.ConditionEvaluationReportLogger
                - 

Error starting ApplicationContext. To display the condition evaluation report re-run your application with 'debug' enabled.
2026-03-05 15:59:50 [userService,/] ERROR o.s.b.d.LoggingFailureAnalysisReporter
                - 

***************************
APPLICATION FAILED TO START
***************************

Description:

Web server failed to start. Port 8086 was already in use.

Action:

Identify and stop the process that's listening on port 8086 or configure this application to listen on another port.

2026-03-05 16:00:21 [userService,/] INFO  o.g.u.UserManagementServiceApplication
                - Starting UserManagementServiceApplication using Java 25 with PID 36304 (C:\cruisemate\cruisemate-registration\cruisemate-registration\target\classes started by 2464280 in C:\cruisemate\cruisemate-registration\cruisemate-registration)
2026-03-05 16:00:21 [userService,/] DEBUG o.g.u.UserManagementServiceApplication
                - Running with Spring Boot v3.5.6, Spring v6.2.11
2026-03-05 16:00:21 [userService,/] INFO  o.g.u.UserManagementServiceApplication
                - The following 1 profile is active: "genc"
2026-03-05 16:00:23 [userService,/] INFO  o.s.d.r.c.RepositoryConfigurationDelegate
                - Bootstrapping Spring Data JPA repositories in DEFAULT mode.
2026-03-05 16:00:23 [userService,/] INFO  o.s.d.r.c.RepositoryConfigurationDelegate
                - Finished Spring Data repository scanning in 245 ms. Found 2 JPA repository interfaces.
2026-03-05 16:00:23 [userService,/] INFO  o.s.cloud.context.scope.GenericScope
                - BeanFactory id=07aab1ff-1bf7-3637-ad3f-6ce54d46db5f
2026-03-05 16:00:24 [userService,/] INFO  o.s.b.w.e.tomcat.TomcatWebServer
                - Tomcat initialized with port 8086 (http)
2026-03-05 16:00:24 [userService,/] INFO  o.a.catalina.core.StandardService
                - Starting service [Tomcat]
2026-03-05 16:00:24 [userService,/] INFO  o.a.catalina.core.StandardEngine
                - Starting Servlet engine: [Apache Tomcat/10.1.46]
2026-03-05 16:00:24 [userService,/] INFO  o.a.c.c.C.[Tomcat].[localhost].[/]
                - Initializing Spring embedded WebApplicationContext
2026-03-05 16:00:24 [userService,/] INFO  o.s.b.w.s.c.ServletWebServerApplicationContext
                - Root WebApplicationContext: initialization completed in 3036 ms
2026-03-05 16:00:24 [userService,/] INFO  o.h.jpa.internal.util.LogHelper
                - HHH000204: Processing PersistenceUnitInfo [name: default]
2026-03-05 16:00:25 [userService,/] INFO  org.hibernate.Version
                - HHH000412: Hibernate ORM core version 6.6.29.Final
2026-03-05 16:00:25 [userService,/] INFO  o.h.c.i.RegionFactoryInitiator
                - HHH000026: Second-level cache disabled
2026-03-05 16:00:25 [userService,/] INFO  o.s.o.j.p.SpringPersistenceUnitInfo
                - No LoadTimeWeaver setup: ignoring JPA class transformer
2026-03-05 16:00:25 [userService,/] INFO  com.zaxxer.hikari.HikariDataSource
                - HikariPool-1 - Starting...
2026-03-05 16:00:25 [userService,/] INFO  com.zaxxer.hikari.pool.HikariPool
                - HikariPool-1 - Added connection com.mysql.cj.jdbc.ConnectionImpl@66d44581
2026-03-05 16:00:25 [userService,/] INFO  com.zaxxer.hikari.HikariDataSource
                - HikariPool-1 - Start completed.
2026-03-05 16:00:25 [userService,/] WARN  org.hibernate.orm.deprecation
                - HHH90000025: MySQLDialect does not need to be specified explicitly using 'hibernate.dialect' (remove the property setting and it will be selected by default)
2026-03-05 16:00:25 [userService,/] INFO  o.hibernate.orm.connections.pooling
                - HHH10001005: Database info:
	Database JDBC URL [Connecting through datasource 'HikariDataSource (HikariPool-1)']
	Database driver: undefined/unknown
	Database version: 8.0.44
	Autocommit mode: undefined/unknown
	Isolation level: undefined/unknown
	Minimum pool size: undefined/unknown
	Maximum pool size: undefined/unknown
2026-03-05 16:00:27 [userService,/] INFO  o.h.e.t.j.p.i.JtaPlatformInitiator
                - HHH000489: No JTA platform available (set 'hibernate.transaction.jta.platform' to enable JTA platform integration)
2026-03-05 16:00:27 [userService,/] INFO  o.s.o.j.LocalContainerEntityManagerFactoryBean
                - Initialized JPA EntityManagerFactory for persistence unit 'default'
2026-03-05 16:00:27 [userService,/] DEBUG o.g.u.filter.JwtAuthenticationFilter
                - Filter 'jwtAuthenticationFilter' configured for use
2026-03-05 16:00:27 [userService,/] INFO  o.s.s.c.a.a.c.InitializeUserDetailsBeanManagerConfigurer$InitializeUserDetailsManagerConfigurer
                - Global AuthenticationManager configured with UserDetailsService bean with name customUserDetailsService
2026-03-05 16:00:27 [userService,/] WARN  o.s.b.a.o.j.JpaBaseConfiguration$JpaWebConfiguration
                - spring.jpa.open-in-view is enabled by default. Therefore, database queries may be performed during view rendering. Explicitly configure spring.jpa.open-in-view to disable this warning
2026-03-05 16:00:29 [userService,/] INFO  o.s.c.n.e.c.DiscoveryClientOptionalArgsConfiguration
                - Eureka HTTP Client uses RestTemplate.
2026-03-05 16:00:29 [userService,/] WARN  o.s.c.l.c.LoadBalancerCacheAutoConfiguration$LoadBalancerCaffeineWarnLogger
                - Spring Cloud LoadBalancer is currently working with the default cache. While this cache implementation is useful for development and tests, it's recommended to use Caffeine cache in production.You can switch to using Caffeine cache, by adding it and org.springframework.cache.caffeine.CaffeineCacheManager to the classpath.
2026-03-05 16:00:29 [userService,/] INFO  o.s.c.n.eureka.InstanceInfoFactory
                - Setting initial instance status as: STARTING
2026-03-05 16:00:29 [userService,/] INFO  c.netflix.discovery.DiscoveryClient
                - Initializing Eureka in region us-east-1
2026-03-05 16:00:29 [userService,/] INFO  c.n.d.s.r.aws.ConfigClusterResolver
                - Resolving eureka endpoints via configuration
2026-03-05 16:00:29 [userService,/] INFO  c.netflix.discovery.DiscoveryClient
                - Disable delta property : false
2026-03-05 16:00:29 [userService,/] INFO  c.netflix.discovery.DiscoveryClient
                - Single vip registry refresh property : null
2026-03-05 16:00:29 [userService,/] INFO  c.netflix.discovery.DiscoveryClient
                - Force full registry fetch : false
2026-03-05 16:00:29 [userService,/] INFO  c.netflix.discovery.DiscoveryClient
                - Application is null : false
2026-03-05 16:00:29 [userService,/] INFO  c.netflix.discovery.DiscoveryClient
                - Registered Applications size is zero : true
2026-03-05 16:00:29 [userService,/] INFO  c.netflix.discovery.DiscoveryClient
                - Application version is -1: true
2026-03-05 16:00:29 [userService,/] INFO  c.netflix.discovery.DiscoveryClient
                - Getting all instance registry info from the eureka server
2026-03-05 16:00:29 [userService,/] INFO  c.netflix.discovery.DiscoveryClient
                - The response status is 200
2026-03-05 16:00:29 [userService,/] INFO  c.netflix.discovery.DiscoveryClient
                - Starting heartbeat executor: renew interval is: 30
2026-03-05 16:00:29 [userService,/] INFO  c.n.discovery.InstanceInfoReplicator
                - InstanceInfoReplicator onDemand update allowed rate per min is 4
2026-03-05 16:00:29 [userService,/] INFO  c.netflix.discovery.DiscoveryClient
                - Discovery Client initialized at timestamp 1772706629767 with initial instances count: 5
2026-03-05 16:00:29 [userService,/] INFO  o.s.c.n.e.s.EurekaServiceRegistry
                - Registering application USERSERVICE with eureka with status UP
2026-03-05 16:00:29 [userService,/] INFO  c.netflix.discovery.DiscoveryClient
                - Saw local status change event StatusChangeEvent [timestamp=1772706629779, current=UP, previous=STARTING]
2026-03-05 16:00:29 [userService,/] INFO  c.netflix.discovery.DiscoveryClient
                - DiscoveryClient_USERSERVICE/userService:19930e48e2047a2b38ae1dbeb566c454: registering service...
2026-03-05 16:00:29 [userService,/] INFO  o.s.c.n.e.s.EurekaServiceRegistry
                - Unregistering application USERSERVICE with eureka with status DOWN
2026-03-05 16:00:29 [userService,/] INFO  c.netflix.discovery.DiscoveryClient
                - Saw local status change event StatusChangeEvent [timestamp=1772706629788, current=DOWN, previous=UP]
2026-03-05 16:00:29 [userService,/] WARN  o.s.b.w.s.c.AnnotationConfigServletWebServerApplicationContext
                - Exception encountered during context initialization - cancelling refresh attempt: org.springframework.context.ApplicationContextException: Failed to start bean 'webServerStartStop'
2026-03-05 16:00:29 [userService,/] INFO  o.s.o.j.LocalContainerEntityManagerFactoryBean
                - Closing JPA EntityManagerFactory for persistence unit 'default'
2026-03-05 16:00:29 [userService,/] INFO  com.zaxxer.hikari.HikariDataSource
                - HikariPool-1 - Shutdown initiated...
2026-03-05 16:00:29 [userService,/] INFO  com.zaxxer.hikari.HikariDataSource
                - HikariPool-1 - Shutdown completed.
2026-03-05 16:00:29 [userService,/] INFO  c.netflix.discovery.DiscoveryClient
                - Shutting down DiscoveryClient ...
2026-03-05 16:00:29 [userService,/] INFO  c.netflix.discovery.DiscoveryClient
                - DiscoveryClient_USERSERVICE/userService:19930e48e2047a2b38ae1dbeb566c454 - registration status: 204
2026-03-05 16:00:29 [userService,/] INFO  c.netflix.discovery.DiscoveryClient
                - DiscoveryClient_USERSERVICE/userService:19930e48e2047a2b38ae1dbeb566c454: registering service...
2026-03-05 16:00:29 [userService,/] INFO  c.netflix.discovery.DiscoveryClient
                - DiscoveryClient_USERSERVICE/userService:19930e48e2047a2b38ae1dbeb566c454 - registration status: 204
2026-03-05 16:00:29 [userService,/] INFO  c.netflix.discovery.DiscoveryClient
                - Unregistering ...
2026-03-05 16:00:29 [userService,/] INFO  c.netflix.discovery.DiscoveryClient
                - DiscoveryClient_USERSERVICE/userService:19930e48e2047a2b38ae1dbeb566c454 - deregister  status: 200
2026-03-05 16:00:29 [userService,/] INFO  c.netflix.discovery.DiscoveryClient
                - Completed shut down of DiscoveryClient
2026-03-05 16:00:29 [userService,/] INFO  o.s.b.a.l.ConditionEvaluationReportLogger
                - 

Error starting ApplicationContext. To display the condition evaluation report re-run your application with 'debug' enabled.
2026-03-05 16:00:29 [userService,/] ERROR o.s.b.d.LoggingFailureAnalysisReporter
                - 

***************************
APPLICATION FAILED TO START
***************************

Description:

Web server failed to start. Port 8086 was already in use.

Action:

Identify and stop the process that's listening on port 8086 or configure this application to listen on another port.

2026-03-05 16:01:17 [userService,/] INFO  o.g.u.UserManagementServiceApplication
                - Starting UserManagementServiceApplication using Java 25 with PID 13112 (C:\cruisemate\cruisemate-registration\cruisemate-registration\target\classes started by 2464280 in C:\cruisemate\cruisemate-registration\cruisemate-registration)
2026-03-05 16:01:17 [userService,/] DEBUG o.g.u.UserManagementServiceApplication
                - Running with Spring Boot v3.5.6, Spring v6.2.11
2026-03-05 16:01:17 [userService,/] INFO  o.g.u.UserManagementServiceApplication
                - The following 1 profile is active: "genc"
2026-03-05 16:01:19 [userService,/] INFO  o.s.d.r.c.RepositoryConfigurationDelegate
                - Bootstrapping Spring Data JPA repositories in DEFAULT mode.
2026-03-05 16:01:19 [userService,/] INFO  o.s.d.r.c.RepositoryConfigurationDelegate
                - Finished Spring Data repository scanning in 233 ms. Found 2 JPA repository interfaces.
2026-03-05 16:01:19 [userService,/] INFO  o.s.cloud.context.scope.GenericScope
                - BeanFactory id=07aab1ff-1bf7-3637-ad3f-6ce54d46db5f
2026-03-05 16:01:20 [userService,/] INFO  o.s.b.w.e.tomcat.TomcatWebServer
                - Tomcat initialized with port 8086 (http)
2026-03-05 16:01:20 [userService,/] INFO  o.a.catalina.core.StandardService
                - Starting service [Tomcat]
2026-03-05 16:01:20 [userService,/] INFO  o.a.catalina.core.StandardEngine
                - Starting Servlet engine: [Apache Tomcat/10.1.46]
2026-03-05 16:01:20 [userService,/] INFO  o.a.c.c.C.[Tomcat].[localhost].[/]
                - Initializing Spring embedded WebApplicationContext
2026-03-05 16:01:20 [userService,/] INFO  o.s.b.w.s.c.ServletWebServerApplicationContext
                - Root WebApplicationContext: initialization completed in 3430 ms
2026-03-05 16:01:21 [userService,/] INFO  o.h.jpa.internal.util.LogHelper
                - HHH000204: Processing PersistenceUnitInfo [name: default]
2026-03-05 16:01:21 [userService,/] INFO  org.hibernate.Version
                - HHH000412: Hibernate ORM core version 6.6.29.Final
2026-03-05 16:01:21 [userService,/] INFO  o.h.c.i.RegionFactoryInitiator
                - HHH000026: Second-level cache disabled
2026-03-05 16:01:21 [userService,/] INFO  o.s.o.j.p.SpringPersistenceUnitInfo
                - No LoadTimeWeaver setup: ignoring JPA class transformer
2026-03-05 16:01:21 [userService,/] INFO  com.zaxxer.hikari.HikariDataSource
                - HikariPool-1 - Starting...
2026-03-05 16:01:21 [userService,/] INFO  com.zaxxer.hikari.pool.HikariPool
                - HikariPool-1 - Added connection com.mysql.cj.jdbc.ConnectionImpl@34d5eac
2026-03-05 16:01:21 [userService,/] INFO  com.zaxxer.hikari.HikariDataSource
                - HikariPool-1 - Start completed.
2026-03-05 16:01:22 [userService,/] WARN  org.hibernate.orm.deprecation
                - HHH90000025: MySQLDialect does not need to be specified explicitly using 'hibernate.dialect' (remove the property setting and it will be selected by default)
2026-03-05 16:01:22 [userService,/] INFO  o.hibernate.orm.connections.pooling
                - HHH10001005: Database info:
	Database JDBC URL [Connecting through datasource 'HikariDataSource (HikariPool-1)']
	Database driver: undefined/unknown
	Database version: 8.0.44
	Autocommit mode: undefined/unknown
	Isolation level: undefined/unknown
	Minimum pool size: undefined/unknown
	Maximum pool size: undefined/unknown
2026-03-05 16:01:23 [userService,/] INFO  o.h.e.t.j.p.i.JtaPlatformInitiator
                - HHH000489: No JTA platform available (set 'hibernate.transaction.jta.platform' to enable JTA platform integration)
2026-03-05 16:01:23 [userService,/] INFO  o.s.o.j.LocalContainerEntityManagerFactoryBean
                - Initialized JPA EntityManagerFactory for persistence unit 'default'
2026-03-05 16:01:23 [userService,/] DEBUG o.g.u.filter.JwtAuthenticationFilter
                - Filter 'jwtAuthenticationFilter' configured for use
2026-03-05 16:01:24 [userService,/] INFO  o.s.s.c.a.a.c.InitializeUserDetailsBeanManagerConfigurer$InitializeUserDetailsManagerConfigurer
                - Global AuthenticationManager configured with UserDetailsService bean with name customUserDetailsService
2026-03-05 16:01:24 [userService,/] WARN  o.s.b.a.o.j.JpaBaseConfiguration$JpaWebConfiguration
                - spring.jpa.open-in-view is enabled by default. Therefore, database queries may be performed during view rendering. Explicitly configure spring.jpa.open-in-view to disable this warning
2026-03-05 16:01:25 [userService,/] INFO  o.s.c.n.e.c.DiscoveryClientOptionalArgsConfiguration
                - Eureka HTTP Client uses RestTemplate.
2026-03-05 16:01:25 [userService,/] WARN  o.s.c.l.c.LoadBalancerCacheAutoConfiguration$LoadBalancerCaffeineWarnLogger
                - Spring Cloud LoadBalancer is currently working with the default cache. While this cache implementation is useful for development and tests, it's recommended to use Caffeine cache in production.You can switch to using Caffeine cache, by adding it and org.springframework.cache.caffeine.CaffeineCacheManager to the classpath.
2026-03-05 16:01:25 [userService,/] INFO  o.s.c.n.eureka.InstanceInfoFactory
                - Setting initial instance status as: STARTING
2026-03-05 16:01:25 [userService,/] INFO  c.netflix.discovery.DiscoveryClient
                - Initializing Eureka in region us-east-1
2026-03-05 16:01:25 [userService,/] INFO  c.n.d.s.r.aws.ConfigClusterResolver
                - Resolving eureka endpoints via configuration
2026-03-05 16:01:25 [userService,/] INFO  c.netflix.discovery.DiscoveryClient
                - Disable delta property : false
2026-03-05 16:01:25 [userService,/] INFO  c.netflix.discovery.DiscoveryClient
                - Single vip registry refresh property : null
2026-03-05 16:01:25 [userService,/] INFO  c.netflix.discovery.DiscoveryClient
                - Force full registry fetch : false
2026-03-05 16:01:25 [userService,/] INFO  c.netflix.discovery.DiscoveryClient
                - Application is null : false
2026-03-05 16:01:25 [userService,/] INFO  c.netflix.discovery.DiscoveryClient
                - Registered Applications size is zero : true
2026-03-05 16:01:25 [userService,/] INFO  c.netflix.discovery.DiscoveryClient
                - Application version is -1: true
2026-03-05 16:01:25 [userService,/] INFO  c.netflix.discovery.DiscoveryClient
                - Getting all instance registry info from the eureka server
2026-03-05 16:01:26 [userService,/] INFO  c.netflix.discovery.DiscoveryClient
                - The response status is 200
2026-03-05 16:01:26 [userService,/] INFO  c.netflix.discovery.DiscoveryClient
                - Starting heartbeat executor: renew interval is: 30
2026-03-05 16:01:26 [userService,/] INFO  c.n.discovery.InstanceInfoReplicator
                - InstanceInfoReplicator onDemand update allowed rate per min is 4
2026-03-05 16:01:26 [userService,/] INFO  c.netflix.discovery.DiscoveryClient
                - Discovery Client initialized at timestamp 1772706686396 with initial instances count: 4
2026-03-05 16:01:26 [userService,/] INFO  o.s.c.n.e.s.EurekaServiceRegistry
                - Registering application USERSERVICE with eureka with status UP
2026-03-05 16:01:26 [userService,/] INFO  c.netflix.discovery.DiscoveryClient
                - Saw local status change event StatusChangeEvent [timestamp=1772706686404, current=UP, previous=STARTING]
2026-03-05 16:01:26 [userService,/] INFO  c.netflix.discovery.DiscoveryClient
                - DiscoveryClient_USERSERVICE/userService:7bc2f47f1df9ac137240b57d661a7b17: registering service...
2026-03-05 16:01:26 [userService,/] INFO  o.s.b.w.e.tomcat.TomcatWebServer
                - Tomcat started on port 8086 (http) with context path '/'
2026-03-05 16:01:26 [userService,/] INFO  o.s.c.n.e.s.EurekaAutoServiceRegistration
                - Updating port to 8086
2026-03-05 16:01:26 [userService,/] INFO  c.netflix.discovery.DiscoveryClient
                - DiscoveryClient_USERSERVICE/userService:7bc2f47f1df9ac137240b57d661a7b17 - registration status: 204
2026-03-05 16:01:26 [userService,/] INFO  o.s.b.w.e.tomcat.TomcatWebServer
                - Tomcat initialized with port 8090 (http)
2026-03-05 16:01:26 [userService,/] INFO  o.a.catalina.core.StandardService
                - Starting service [Tomcat]
2026-03-05 16:01:26 [userService,/] INFO  o.a.catalina.core.StandardEngine
                - Starting Servlet engine: [Apache Tomcat/10.1.46]
2026-03-05 16:01:26 [userService,/] INFO  o.a.c.c.C.[Tomcat-1].[localhost].[/]
                - Initializing Spring embedded WebApplicationContext
2026-03-05 16:01:26 [userService,/] INFO  o.s.b.w.s.c.ServletWebServerApplicationContext
                - Root WebApplicationContext: initialization completed in 181 ms
2026-03-05 16:01:26 [userService,/] INFO  o.s.b.a.e.web.EndpointLinksResolver
                - Exposing 17 endpoints beneath base path '/actuator'
2026-03-05 16:01:26 [userService,/] INFO  o.s.b.w.e.tomcat.TomcatWebServer
                - Tomcat started on port 8090 (http) with context path '/'
2026-03-05 16:01:26 [userService,/] INFO  o.g.u.UserManagementServiceApplication
                - Started UserManagementServiceApplication in 10.479 seconds (process running for 11.666)
2026-03-05 16:01:27 [userService,/] INFO  o.g.u.UserManagementServiceApplication
                - UserManagementServiceApplication booted up and running
2026-03-05 16:01:41 [userService,/] INFO  o.s.c.n.e.s.EurekaServiceRegistry
                - Unregistering application USERSERVICE with eureka with status DOWN
2026-03-05 16:01:41 [userService,/] INFO  c.netflix.discovery.DiscoveryClient
                - Saw local status change event StatusChangeEvent [timestamp=1772706701660, current=DOWN, previous=UP]
2026-03-05 16:01:41 [userService,/] INFO  c.netflix.discovery.DiscoveryClient
                - DiscoveryClient_USERSERVICE/userService:7bc2f47f1df9ac137240b57d661a7b17: registering service...
2026-03-05 16:01:41 [userService,/] INFO  o.s.b.w.e.tomcat.GracefulShutdown
                - Commencing graceful shutdown. Waiting for active requests to complete
2026-03-05 16:01:41 [userService,/] INFO  c.netflix.discovery.DiscoveryClient
                - DiscoveryClient_USERSERVICE/userService:7bc2f47f1df9ac137240b57d661a7b17 - registration status: 204
2026-03-05 16:01:41 [userService,/] INFO  o.s.b.w.e.tomcat.GracefulShutdown
                - Graceful shutdown complete
2026-03-05 16:01:41 [userService,/] INFO  o.s.b.w.e.tomcat.GracefulShutdown
                - Commencing graceful shutdown. Waiting for active requests to complete
2026-03-05 16:01:41 [userService,/] INFO  o.s.b.w.e.tomcat.GracefulShutdown
                - Graceful shutdown complete
2026-03-05 16:01:41 [userService,/] INFO  o.s.o.j.LocalContainerEntityManagerFactoryBean
                - Closing JPA EntityManagerFactory for persistence unit 'default'
2026-03-05 16:01:41 [userService,/] INFO  com.zaxxer.hikari.HikariDataSource
                - HikariPool-1 - Shutdown initiated...
2026-03-05 16:01:41 [userService,/] INFO  com.zaxxer.hikari.HikariDataSource
                - HikariPool-1 - Shutdown completed.
2026-03-05 16:01:41 [userService,/] INFO  c.netflix.discovery.DiscoveryClient
                - Shutting down DiscoveryClient ...
2026-03-05 16:01:44 [userService,/] INFO  c.netflix.discovery.DiscoveryClient
                - Unregistering ...
2026-03-05 16:01:44 [userService,/] INFO  c.netflix.discovery.DiscoveryClient
                - DiscoveryClient_USERSERVICE/userService:7bc2f47f1df9ac137240b57d661a7b17 - deregister  status: 200
2026-03-05 16:01:44 [userService,/] INFO  c.netflix.discovery.DiscoveryClient
                - Completed shut down of DiscoveryClient
2026-03-05 16:01:49 [user-Service,/] INFO  o.g.u.UserManagementServiceApplication
                - Starting UserManagementServiceApplication using Java 25 with PID 3124 (C:\cruisemate\cruisemate-registration\cruisemate-registration\target\classes started by 2464280 in C:\cruisemate\cruisemate-registration\cruisemate-registration)
2026-03-05 16:01:49 [user-Service,/] DEBUG o.g.u.UserManagementServiceApplication
                - Running with Spring Boot v3.5.6, Spring v6.2.11
2026-03-05 16:01:49 [user-Service,/] INFO  o.g.u.UserManagementServiceApplication
                - The following 1 profile is active: "genc"
2026-03-05 16:01:51 [user-Service,/] INFO  o.s.d.r.c.RepositoryConfigurationDelegate
                - Bootstrapping Spring Data JPA repositories in DEFAULT mode.
2026-03-05 16:01:51 [user-Service,/] INFO  o.s.d.r.c.RepositoryConfigurationDelegate
                - Finished Spring Data repository scanning in 224 ms. Found 2 JPA repository interfaces.
2026-03-05 16:01:51 [user-Service,/] INFO  o.s.cloud.context.scope.GenericScope
                - BeanFactory id=07aab1ff-1bf7-3637-ad3f-6ce54d46db5f
2026-03-05 16:01:52 [user-Service,/] INFO  o.s.b.w.e.tomcat.TomcatWebServer
                - Tomcat initialized with port 9091 (http)
2026-03-05 16:01:52 [user-Service,/] INFO  o.a.catalina.core.StandardService
                - Starting service [Tomcat]
2026-03-05 16:01:52 [user-Service,/] INFO  o.a.catalina.core.StandardEngine
                - Starting Servlet engine: [Apache Tomcat/10.1.46]
2026-03-05 16:01:52 [user-Service,/] INFO  o.a.c.c.C.[Tomcat].[localhost].[/]
                - Initializing Spring embedded WebApplicationContext
2026-03-05 16:01:52 [user-Service,/] INFO  o.s.b.w.s.c.ServletWebServerApplicationContext
                - Root WebApplicationContext: initialization completed in 3059 ms
2026-03-05 16:01:52 [user-Service,/] INFO  o.h.jpa.internal.util.LogHelper
                - HHH000204: Processing PersistenceUnitInfo [name: default]
2026-03-05 16:01:52 [user-Service,/] INFO  org.hibernate.Version
                - HHH000412: Hibernate ORM core version 6.6.29.Final
2026-03-05 16:01:52 [user-Service,/] INFO  o.h.c.i.RegionFactoryInitiator
                - HHH000026: Second-level cache disabled
2026-03-05 16:01:53 [user-Service,/] INFO  o.s.o.j.p.SpringPersistenceUnitInfo
                - No LoadTimeWeaver setup: ignoring JPA class transformer
2026-03-05 16:01:53 [user-Service,/] INFO  com.zaxxer.hikari.HikariDataSource
                - HikariPool-1 - Starting...
2026-03-05 16:01:53 [user-Service,/] INFO  com.zaxxer.hikari.pool.HikariPool
                - HikariPool-1 - Added connection com.mysql.cj.jdbc.ConnectionImpl@a1a72d4
2026-03-05 16:01:53 [user-Service,/] INFO  com.zaxxer.hikari.HikariDataSource
                - HikariPool-1 - Start completed.
2026-03-05 16:01:53 [user-Service,/] WARN  org.hibernate.orm.deprecation
                - HHH90000025: MySQLDialect does not need to be specified explicitly using 'hibernate.dialect' (remove the property setting and it will be selected by default)
2026-03-05 16:01:53 [user-Service,/] INFO  o.hibernate.orm.connections.pooling
                - HHH10001005: Database info:
	Database JDBC URL [Connecting through datasource 'HikariDataSource (HikariPool-1)']
	Database driver: undefined/unknown
	Database version: 8.0.44
	Autocommit mode: undefined/unknown
	Isolation level: undefined/unknown
	Minimum pool size: undefined/unknown
	Maximum pool size: undefined/unknown
2026-03-05 16:01:54 [user-Service,/] INFO  o.h.e.t.j.p.i.JtaPlatformInitiator
                - HHH000489: No JTA platform available (set 'hibernate.transaction.jta.platform' to enable JTA platform integration)
2026-03-05 16:01:54 [user-Service,/] INFO  o.s.o.j.LocalContainerEntityManagerFactoryBean
                - Initialized JPA EntityManagerFactory for persistence unit 'default'
2026-03-05 16:01:55 [user-Service,/] DEBUG o.g.u.filter.JwtAuthenticationFilter
                - Filter 'jwtAuthenticationFilter' configured for use
2026-03-05 16:01:55 [user-Service,/] INFO  o.s.s.c.a.a.c.InitializeUserDetailsBeanManagerConfigurer$InitializeUserDetailsManagerConfigurer
                - Global AuthenticationManager configured with UserDetailsService bean with name customUserDetailsService
2026-03-05 16:01:55 [user-Service,/] WARN  o.s.b.a.o.j.JpaBaseConfiguration$JpaWebConfiguration
                - spring.jpa.open-in-view is enabled by default. Therefore, database queries may be performed during view rendering. Explicitly configure spring.jpa.open-in-view to disable this warning
2026-03-05 16:01:57 [user-Service,/] INFO  o.s.c.n.e.c.DiscoveryClientOptionalArgsConfiguration
                - Eureka HTTP Client uses RestTemplate.
2026-03-05 16:01:57 [user-Service,/] WARN  o.s.c.l.c.LoadBalancerCacheAutoConfiguration$LoadBalancerCaffeineWarnLogger
                - Spring Cloud LoadBalancer is currently working with the default cache. While this cache implementation is useful for development and tests, it's recommended to use Caffeine cache in production.You can switch to using Caffeine cache, by adding it and org.springframework.cache.caffeine.CaffeineCacheManager to the classpath.
2026-03-05 16:01:57 [user-Service,/] INFO  o.s.c.n.eureka.InstanceInfoFactory
                - Setting initial instance status as: STARTING
2026-03-05 16:01:57 [user-Service,/] INFO  c.netflix.discovery.DiscoveryClient
                - Initializing Eureka in region us-east-1
2026-03-05 16:01:57 [user-Service,/] INFO  c.n.d.s.r.aws.ConfigClusterResolver
                - Resolving eureka endpoints via configuration
2026-03-05 16:01:57 [user-Service,/] INFO  c.netflix.discovery.DiscoveryClient
                - Disable delta property : false
2026-03-05 16:01:57 [user-Service,/] INFO  c.netflix.discovery.DiscoveryClient
                - Single vip registry refresh property : null
2026-03-05 16:01:57 [user-Service,/] INFO  c.netflix.discovery.DiscoveryClient
                - Force full registry fetch : false
2026-03-05 16:01:57 [user-Service,/] INFO  c.netflix.discovery.DiscoveryClient
                - Application is null : false
2026-03-05 16:01:57 [user-Service,/] INFO  c.netflix.discovery.DiscoveryClient
                - Registered Applications size is zero : true
2026-03-05 16:01:57 [user-Service,/] INFO  c.netflix.discovery.DiscoveryClient
                - Application version is -1: true
2026-03-05 16:01:57 [user-Service,/] INFO  c.netflix.discovery.DiscoveryClient
                - Getting all instance registry info from the eureka server
2026-03-05 16:01:57 [user-Service,/] INFO  c.netflix.discovery.DiscoveryClient
                - The response status is 200
2026-03-05 16:01:57 [user-Service,/] INFO  c.netflix.discovery.DiscoveryClient
                - Starting heartbeat executor: renew interval is: 30
2026-03-05 16:01:57 [user-Service,/] INFO  c.n.discovery.InstanceInfoReplicator
                - InstanceInfoReplicator onDemand update allowed rate per min is 4
2026-03-05 16:01:57 [user-Service,/] INFO  c.netflix.discovery.DiscoveryClient
                - Discovery Client initialized at timestamp 1772706717986 with initial instances count: 6
2026-03-05 16:01:57 [user-Service,/] INFO  o.s.c.n.e.s.EurekaServiceRegistry
                - Registering application USER-SERVICE with eureka with status UP
2026-03-05 16:01:57 [user-Service,/] INFO  c.netflix.discovery.DiscoveryClient
                - Saw local status change event StatusChangeEvent [timestamp=1772706717996, current=UP, previous=STARTING]
2026-03-05 16:01:57 [user-Service,/] INFO  c.netflix.discovery.DiscoveryClient
                - DiscoveryClient_USER-SERVICE/user-Service:e05f941fc405d9d31ceca4ef93aec2c7: registering service...
2026-03-05 16:01:58 [user-Service,/] INFO  o.s.b.w.e.tomcat.TomcatWebServer
                - Tomcat started on port 9091 (http) with context path '/'
2026-03-05 16:01:58 [user-Service,/] INFO  o.s.c.n.e.s.EurekaAutoServiceRegistration
                - Updating port to 9091
2026-03-05 16:01:58 [user-Service,/] INFO  c.netflix.discovery.DiscoveryClient
                - DiscoveryClient_USER-SERVICE/user-Service:e05f941fc405d9d31ceca4ef93aec2c7 - registration status: 204
2026-03-05 16:01:58 [user-Service,/] INFO  o.s.b.w.e.tomcat.TomcatWebServer
                - Tomcat initialized with port 8090 (http)
2026-03-05 16:01:58 [user-Service,/] INFO  o.a.catalina.core.StandardService
                - Starting service [Tomcat]
2026-03-05 16:01:58 [user-Service,/] INFO  o.a.catalina.core.StandardEngine
                - Starting Servlet engine: [Apache Tomcat/10.1.46]
2026-03-05 16:01:58 [user-Service,/] INFO  o.a.c.c.C.[Tomcat-1].[localhost].[/]
                - Initializing Spring embedded WebApplicationContext
2026-03-05 16:01:58 [user-Service,/] INFO  o.s.b.w.s.c.ServletWebServerApplicationContext
                - Root WebApplicationContext: initialization completed in 189 ms
2026-03-05 16:01:58 [user-Service,/] INFO  o.s.b.a.e.web.EndpointLinksResolver
                - Exposing 17 endpoints beneath base path '/actuator'
2026-03-05 16:01:58 [user-Service,/] INFO  o.s.b.w.e.tomcat.TomcatWebServer
                - Tomcat started on port 8090 (http) with context path '/'
2026-03-05 16:01:58 [user-Service,/] INFO  o.g.u.UserManagementServiceApplication
                - Started UserManagementServiceApplication in 9.814 seconds (process running for 10.7)
2026-03-05 16:01:58 [user-Service,/] INFO  o.g.u.UserManagementServiceApplication
                - UserManagementServiceApplication booted up and running
2026-03-05 16:06:48 [user-Service,/] INFO  o.a.c.c.C.[Tomcat].[localhost].[/]
                - Initializing Spring DispatcherServlet 'dispatcherServlet'
2026-03-05 16:06:48 [user-Service,/] INFO  o.s.web.servlet.DispatcherServlet
                - Initializing Servlet 'dispatcherServlet'
2026-03-05 16:06:48 [user-Service,/] INFO  o.s.web.servlet.DispatcherServlet
                - Completed initialization in 0 ms
2026-03-05 16:06:48 [user-Service,/] INFO  o.g.u.s.i.CustomUserDetailsService
                - User found: admin, Assigned Role: ADMIN
2026-03-05 16:06:48 [user-Service,/] INFO  o.g.u.s.i.CustomUserDetailsService
                - User found: admin, Assigned Role: ADMIN
2026-03-05 16:06:49 [user-Service,/] INFO  o.g.usermgmt.resource.AuthController
                - Access from user-Service on port 9091 (instance: user-Service:7622a46e7d7897b4f5d86adfdd92ad3b)
2026-03-05 16:06:57 [user-Service,/] INFO  c.n.d.s.r.aws.ConfigClusterResolver
                - Resolving eureka endpoints via configuration
2026-03-05 16:10:37 [user-Service,/] INFO  o.g.u.s.i.CustomUserDetailsService
                - User found: admin, Assigned Role: ADMIN
2026-03-05 16:10:37 [user-Service,/] INFO  org.genc.usermgmt.util.JwtUtil
                - isTokenExpired false 
2026-03-05 16:10:37 [user-Service,/] DEBUG o.g.u.filter.JwtAuthenticationFilter
                - Authenticated user: admin for request: /api/v1/userservice/users
2026-03-05 16:10:37 [user-Service,/] WARN  o.g.u.s.CustomAccessDeniedHandler
                - Access denied for user admin: Access Denied
2026-03-05 16:10:37 [user-Service,/] INFO  o.g.u.s.i.CustomUserDetailsService
                - User found: admin, Assigned Role: ADMIN
2026-03-05 16:10:37 [user-Service,/] INFO  org.genc.usermgmt.util.JwtUtil
                - isTokenExpired false 
2026-03-05 16:10:37 [user-Service,/] DEBUG o.g.u.filter.JwtAuthenticationFilter
                - Authenticated user: admin for request: /api/v1/userservice/users
2026-03-05 16:10:37 [user-Service,/] WARN  o.g.u.s.CustomAccessDeniedHandler
                - Access denied for user admin: Access Denied
2026-03-05 16:10:45 [user-Service,/] INFO  o.g.u.s.i.CustomUserDetailsService
                - User found: admin, Assigned Role: ADMIN
2026-03-05 16:10:45 [user-Service,/] INFO  org.genc.usermgmt.util.JwtUtil
                - isTokenExpired false 
2026-03-05 16:10:45 [user-Service,/] DEBUG o.g.u.filter.JwtAuthenticationFilter
                - Authenticated user: admin for request: /api/v1/userservice/admin/settings/1
2026-03-05 16:10:45 [user-Service,/] INFO  o.g.u.s.i.CustomUserDetailsService
                - User found: admin, Assigned Role: ADMIN
2026-03-05 16:10:45 [user-Service,/] INFO  org.genc.usermgmt.util.JwtUtil
                - isTokenExpired false 
2026-03-05 16:10:45 [user-Service,/] DEBUG o.g.u.filter.JwtAuthenticationFilter
                - Authenticated user: admin for request: /api/v1/userservice/admin/settings/1
2026-03-05 16:11:10 [user-Service,/] INFO  o.g.u.s.i.CustomUserDetailsService
                - User found: manndy, Assigned Role: PASSENGER
2026-03-05 16:11:10 [user-Service,/] INFO  o.g.u.s.i.CustomUserDetailsService
                - User found: manndy, Assigned Role: PASSENGER
2026-03-05 16:11:10 [user-Service,/] INFO  o.g.usermgmt.resource.AuthController
                - Access from user-Service on port 9091 (instance: user-Service:7622a46e7d7897b4f5d86adfdd92ad3b)
2026-03-05 16:11:57 [user-Service,/] INFO  c.n.d.s.r.aws.ConfigClusterResolver
                - Resolving eureka endpoints via configuration
2026-03-05 16:16:57 [user-Service,/] INFO  c.n.d.s.r.aws.ConfigClusterResolver
                - Resolving eureka endpoints via configuration
2026-03-05 16:21:57 [user-Service,/] INFO  c.n.d.s.r.aws.ConfigClusterResolver
                - Resolving eureka endpoints via configuration
2026-03-05 16:26:57 [user-Service,/] INFO  c.n.d.s.r.aws.ConfigClusterResolver
                - Resolving eureka endpoints via configuration
2026-03-05 16:31:53 [user-Service,/] WARN  com.zaxxer.hikari.pool.HikariPool
                - HikariPool-1 - Thread starvation or clock leap detected (housekeeper delta=58s375ms513µs300ns).
2026-03-05 16:32:29 [user-Service,/] INFO  c.n.d.s.r.aws.ConfigClusterResolver
                - Resolving eureka endpoints via configuration
2026-03-05 16:37:29 [user-Service,/] INFO  c.n.d.s.r.aws.ConfigClusterResolver
                - Resolving eureka endpoints via configuration
2026-03-05 16:42:29 [user-Service,/] INFO  c.n.d.s.r.aws.ConfigClusterResolver
                - Resolving eureka endpoints via configuration
2026-03-05 16:47:29 [user-Service,/] INFO  c.n.d.s.r.aws.ConfigClusterResolver
                - Resolving eureka endpoints via configuration
2026-03-05 16:52:29 [user-Service,/] INFO  c.n.d.s.r.aws.ConfigClusterResolver
                - Resolving eureka endpoints via configuration
2026-03-05 16:57:29 [user-Service,/] INFO  c.n.d.s.r.aws.ConfigClusterResolver
                - Resolving eureka endpoints via configuration
2026-03-05 17:02:29 [user-Service,/] INFO  c.n.d.s.r.aws.ConfigClusterResolver
                - Resolving eureka endpoints via configuration
2026-03-05 17:07:29 [user-Service,/] INFO  c.n.d.s.r.aws.ConfigClusterResolver
                - Resolving eureka endpoints via configuration
2026-03-05 17:12:29 [user-Service,/] INFO  c.n.d.s.r.aws.ConfigClusterResolver
                - Resolving eureka endpoints via configuration
2026-03-05 17:17:29 [user-Service,/] INFO  c.n.d.s.r.aws.ConfigClusterResolver
                - Resolving eureka endpoints via configuration
2026-03-05 18:21:39 [user-Service,/] WARN  com.zaxxer.hikari.pool.HikariPool
                - HikariPool-1 - Thread starvation or clock leap detected (housekeeper delta=1h3m14s698ms483µs100ns).
2026-03-05 18:25:28 [user-Service,/] INFO  c.n.d.s.r.aws.ConfigClusterResolver
                - Resolving eureka endpoints via configuration
2026-03-05 19:00:43 [user-Service,/] WARN  com.zaxxer.hikari.pool.HikariPool
                - HikariPool-1 - Thread starvation or clock leap detected (housekeeper delta=34m4s676ms479µs700ns).
2026-03-05 19:03:19 [user-Service,/] WARN  com.zaxxer.hikari.pool.HikariPool
                - HikariPool-1 - Thread starvation or clock leap detected (housekeeper delta=2m5s325ms461µs).
2026-03-05 19:05:44 [user-Service,/] INFO  c.n.d.s.r.aws.ConfigClusterResolver
                - Resolving eureka endpoints via configuration
2026-03-05 19:10:44 [user-Service,/] INFO  c.n.d.s.r.aws.ConfigClusterResolver
                - Resolving eureka endpoints via configuration
2026-03-05 19:15:44 [user-Service,/] INFO  c.n.d.s.r.aws.ConfigClusterResolver
                - Resolving eureka endpoints via configuration
2026-03-05 19:20:44 [user-Service,/] INFO  c.n.d.s.r.aws.ConfigClusterResolver
                - Resolving eureka endpoints via configuration
2026-03-05 19:25:44 [user-Service,/] INFO  c.n.d.s.r.aws.ConfigClusterResolver
                - Resolving eureka endpoints via configuration
2026-03-05 21:12:28 [user-Service,/] WARN  com.zaxxer.hikari.pool.HikariPool
                - HikariPool-1 - Thread starvation or clock leap detected (housekeeper delta=1h43m8s589ms409µs900ns).
2026-03-05 21:13:33 [user-Service,/] INFO  c.n.d.s.r.aws.ConfigClusterResolver
                - Resolving eureka endpoints via configuration
2026-03-05 21:18:33 [user-Service,/] INFO  c.n.d.s.r.aws.ConfigClusterResolver
                - Resolving eureka endpoints via configuration
2026-03-05 21:21:09 [user-Service,/] INFO  o.s.c.n.e.s.EurekaServiceRegistry
                - Unregistering application USER-SERVICE with eureka with status DOWN
2026-03-05 21:21:09 [user-Service,/] INFO  c.netflix.discovery.DiscoveryClient
                - Saw local status change event StatusChangeEvent [timestamp=1772725869722, current=DOWN, previous=UP]
2026-03-05 21:21:09 [user-Service,/] INFO  c.netflix.discovery.DiscoveryClient
                - DiscoveryClient_USER-SERVICE/user-Service:e05f941fc405d9d31ceca4ef93aec2c7: registering service...
2026-03-05 21:21:09 [user-Service,/] INFO  c.netflix.discovery.DiscoveryClient
                - DiscoveryClient_USER-SERVICE/user-Service:e05f941fc405d9d31ceca4ef93aec2c7 - registration status: 204
2026-03-05 21:21:09 [user-Service,/] INFO  o.s.b.w.e.tomcat.GracefulShutdown
                - Commencing graceful shutdown. Waiting for active requests to complete
2026-03-05 21:21:09 [user-Service,/] INFO  o.s.b.w.e.tomcat.GracefulShutdown
                - Graceful shutdown complete
2026-03-05 21:21:09 [user-Service,/] INFO  o.s.b.w.e.tomcat.GracefulShutdown
                - Commencing graceful shutdown. Waiting for active requests to complete
2026-03-05 21:21:09 [user-Service,/] INFO  o.s.b.w.e.tomcat.GracefulShutdown
                - Graceful shutdown complete
2026-03-05 21:21:10 [user-Service,/] INFO  o.s.o.j.LocalContainerEntityManagerFactoryBean
                - Closing JPA EntityManagerFactory for persistence unit 'default'
2026-03-05 21:21:10 [user-Service,/] INFO  com.zaxxer.hikari.HikariDataSource
                - HikariPool-1 - Shutdown initiated...
2026-03-05 21:21:10 [user-Service,/] INFO  com.zaxxer.hikari.HikariDataSource
                - HikariPool-1 - Shutdown completed.
2026-03-05 21:21:10 [user-Service,/] INFO  c.netflix.discovery.DiscoveryClient
                - Shutting down DiscoveryClient ...
2026-03-05 21:21:16 [user-Service,/] INFO  o.g.u.UserManagementServiceApplication
                - Starting UserManagementServiceApplication using Java 25 with PID 29036 (C:\cruisemate\cruisemate-registration\cruisemate-registration\target\classes started by 2464280 in C:\cruisemate\cruisemate-registration\cruisemate-registration)
2026-03-05 21:21:16 [user-Service,/] DEBUG o.g.u.UserManagementServiceApplication
                - Running with Spring Boot v3.5.6, Spring v6.2.11
2026-03-05 21:21:16 [user-Service,/] INFO  o.g.u.UserManagementServiceApplication
                - The following 1 profile is active: "genc"
2026-03-05 21:21:18 [user-Service,/] INFO  o.s.d.r.c.RepositoryConfigurationDelegate
                - Bootstrapping Spring Data JPA repositories in DEFAULT mode.
2026-03-05 21:21:18 [user-Service,/] INFO  o.s.d.r.c.RepositoryConfigurationDelegate
                - Finished Spring Data repository scanning in 248 ms. Found 2 JPA repository interfaces.
2026-03-05 21:21:19 [user-Service,/] INFO  o.s.cloud.context.scope.GenericScope
                - BeanFactory id=07aab1ff-1bf7-3637-ad3f-6ce54d46db5f
2026-03-05 21:21:19 [user-Service,/] INFO  o.s.b.w.e.tomcat.TomcatWebServer
                - Tomcat initialized with port 9091 (http)
2026-03-05 21:21:19 [user-Service,/] INFO  o.a.catalina.core.StandardService
                - Starting service [Tomcat]
2026-03-05 21:21:19 [user-Service,/] INFO  o.a.catalina.core.StandardEngine
                - Starting Servlet engine: [Apache Tomcat/10.1.46]
2026-03-05 21:21:19 [user-Service,/] INFO  o.a.c.c.C.[Tomcat].[localhost].[/]
                - Initializing Spring embedded WebApplicationContext
2026-03-05 21:21:19 [user-Service,/] INFO  o.s.b.w.s.c.ServletWebServerApplicationContext
                - Root WebApplicationContext: initialization completed in 2976 ms
2026-03-05 21:21:20 [user-Service,/] INFO  o.h.jpa.internal.util.LogHelper
                - HHH000204: Processing PersistenceUnitInfo [name: default]
2026-03-05 21:21:20 [user-Service,/] INFO  org.hibernate.Version
                - HHH000412: Hibernate ORM core version 6.6.29.Final
2026-03-05 21:21:20 [user-Service,/] INFO  o.h.c.i.RegionFactoryInitiator
                - HHH000026: Second-level cache disabled
2026-03-05 21:21:20 [user-Service,/] INFO  o.s.o.j.p.SpringPersistenceUnitInfo
                - No LoadTimeWeaver setup: ignoring JPA class transformer
2026-03-05 21:21:20 [user-Service,/] INFO  com.zaxxer.hikari.HikariDataSource
                - HikariPool-1 - Starting...
2026-03-05 21:21:20 [user-Service,/] INFO  com.zaxxer.hikari.pool.HikariPool
                - HikariPool-1 - Added connection com.mysql.cj.jdbc.ConnectionImpl@dbcf7c3
2026-03-05 21:21:20 [user-Service,/] INFO  com.zaxxer.hikari.HikariDataSource
                - HikariPool-1 - Start completed.
2026-03-05 21:21:21 [user-Service,/] WARN  org.hibernate.orm.deprecation
                - HHH90000025: MySQLDialect does not need to be specified explicitly using 'hibernate.dialect' (remove the property setting and it will be selected by default)
2026-03-05 21:21:21 [user-Service,/] INFO  o.hibernate.orm.connections.pooling
                - HHH10001005: Database info:
	Database JDBC URL [Connecting through datasource 'HikariDataSource (HikariPool-1)']
	Database driver: undefined/unknown
	Database version: 8.0.44
	Autocommit mode: undefined/unknown
	Isolation level: undefined/unknown
	Minimum pool size: undefined/unknown
	Maximum pool size: undefined/unknown
2026-03-05 21:21:22 [user-Service,/] INFO  o.h.e.t.j.p.i.JtaPlatformInitiator
                - HHH000489: No JTA platform available (set 'hibernate.transaction.jta.platform' to enable JTA platform integration)
2026-03-05 21:21:22 [user-Service,/] INFO  o.s.o.j.LocalContainerEntityManagerFactoryBean
                - Initialized JPA EntityManagerFactory for persistence unit 'default'
2026-03-05 21:21:22 [user-Service,/] DEBUG o.g.u.filter.JwtAuthenticationFilter
                - Filter 'jwtAuthenticationFilter' configured for use
2026-03-05 21:21:23 [user-Service,/] INFO  o.s.s.c.a.a.c.InitializeUserDetailsBeanManagerConfigurer$InitializeUserDetailsManagerConfigurer
                - Global AuthenticationManager configured with UserDetailsService bean with name customUserDetailsService
2026-03-05 21:21:23 [user-Service,/] WARN  o.s.b.a.o.j.JpaBaseConfiguration$JpaWebConfiguration
                - spring.jpa.open-in-view is enabled by default. Therefore, database queries may be performed during view rendering. Explicitly configure spring.jpa.open-in-view to disable this warning
2026-03-05 21:21:24 [user-Service,/] INFO  o.s.c.n.e.c.DiscoveryClientOptionalArgsConfiguration
                - Eureka HTTP Client uses RestTemplate.
2026-03-05 21:21:24 [user-Service,/] WARN  o.s.c.l.c.LoadBalancerCacheAutoConfiguration$LoadBalancerCaffeineWarnLogger
                - Spring Cloud LoadBalancer is currently working with the default cache. While this cache implementation is useful for development and tests, it's recommended to use Caffeine cache in production.You can switch to using Caffeine cache, by adding it and org.springframework.cache.caffeine.CaffeineCacheManager to the classpath.
2026-03-05 21:21:24 [user-Service,/] INFO  o.s.c.n.eureka.InstanceInfoFactory
                - Setting initial instance status as: STARTING
2026-03-05 21:21:24 [user-Service,/] INFO  c.netflix.discovery.DiscoveryClient
                - Initializing Eureka in region us-east-1
2026-03-05 21:21:24 [user-Service,/] INFO  c.n.d.s.r.aws.ConfigClusterResolver
                - Resolving eureka endpoints via configuration
2026-03-05 21:21:24 [user-Service,/] INFO  c.netflix.discovery.DiscoveryClient
                - Disable delta property : false
2026-03-05 21:21:24 [user-Service,/] INFO  c.netflix.discovery.DiscoveryClient
                - Single vip registry refresh property : null
2026-03-05 21:21:24 [user-Service,/] INFO  c.netflix.discovery.DiscoveryClient
                - Force full registry fetch : false
2026-03-05 21:21:24 [user-Service,/] INFO  c.netflix.discovery.DiscoveryClient
                - Application is null : false
2026-03-05 21:21:24 [user-Service,/] INFO  c.netflix.discovery.DiscoveryClient
                - Registered Applications size is zero : true
2026-03-05 21:21:24 [user-Service,/] INFO  c.netflix.discovery.DiscoveryClient
                - Application version is -1: true
2026-03-05 21:21:24 [user-Service,/] INFO  c.netflix.discovery.DiscoveryClient
                - Getting all instance registry info from the eureka server
2026-03-05 21:21:24 [user-Service,/] INFO  c.netflix.discovery.DiscoveryClient
                - The response status is 200
2026-03-05 21:21:24 [user-Service,/] INFO  c.netflix.discovery.DiscoveryClient
                - Starting heartbeat executor: renew interval is: 30
2026-03-05 21:21:24 [user-Service,/] INFO  c.n.discovery.InstanceInfoReplicator
                - InstanceInfoReplicator onDemand update allowed rate per min is 4
2026-03-05 21:21:24 [user-Service,/] INFO  c.netflix.discovery.DiscoveryClient
                - Discovery Client initialized at timestamp 1772725884912 with initial instances count: 6
2026-03-05 21:21:24 [user-Service,/] INFO  o.s.c.n.e.s.EurekaServiceRegistry
                - Registering application USER-SERVICE with eureka with status UP
2026-03-05 21:21:24 [user-Service,/] INFO  c.netflix.discovery.DiscoveryClient
                - Saw local status change event StatusChangeEvent [timestamp=1772725884920, current=UP, previous=STARTING]
2026-03-05 21:21:24 [user-Service,/] INFO  c.netflix.discovery.DiscoveryClient
                - DiscoveryClient_USER-SERVICE/user-Service:b32d4371f0131f7a54450eb95df33f54: registering service...
2026-03-05 21:21:24 [user-Service,/] INFO  o.s.b.w.e.tomcat.TomcatWebServer
                - Tomcat started on port 9091 (http) with context path '/'
2026-03-05 21:21:24 [user-Service,/] INFO  o.s.c.n.e.s.EurekaAutoServiceRegistration
                - Updating port to 9091
2026-03-05 21:21:24 [user-Service,/] INFO  c.netflix.discovery.DiscoveryClient
                - DiscoveryClient_USER-SERVICE/user-Service:b32d4371f0131f7a54450eb95df33f54 - registration status: 204
2026-03-05 21:21:25 [user-Service,/] INFO  o.s.b.w.e.tomcat.TomcatWebServer
                - Tomcat initialized with port 8090 (http)
2026-03-05 21:21:25 [user-Service,/] INFO  o.a.catalina.core.StandardService
                - Starting service [Tomcat]
2026-03-05 21:21:25 [user-Service,/] INFO  o.a.catalina.core.StandardEngine
                - Starting Servlet engine: [Apache Tomcat/10.1.46]
2026-03-05 21:21:25 [user-Service,/] INFO  o.a.c.c.C.[Tomcat-1].[localhost].[/]
                - Initializing Spring embedded WebApplicationContext
2026-03-05 21:21:25 [user-Service,/] INFO  o.s.b.w.s.c.ServletWebServerApplicationContext
                - Root WebApplicationContext: initialization completed in 127 ms
2026-03-05 21:21:25 [user-Service,/] INFO  o.s.b.a.e.web.EndpointLinksResolver
                - Exposing 17 endpoints beneath base path '/actuator'
2026-03-05 21:21:25 [user-Service,/] INFO  o.s.b.w.e.tomcat.TomcatWebServer
                - Tomcat started on port 8090 (http) with context path '/'
2026-03-05 21:21:25 [user-Service,/] INFO  o.g.u.UserManagementServiceApplication
                - Started UserManagementServiceApplication in 9.181 seconds (process running for 10.045)
2026-03-05 21:21:25 [user-Service,/] INFO  o.g.u.UserManagementServiceApplication
                - UserManagementServiceApplication booted up and running
2026-03-05 21:22:36 [user-Service,/] INFO  o.s.c.n.e.s.EurekaServiceRegistry
                - Unregistering application USER-SERVICE with eureka with status DOWN
2026-03-05 21:22:36 [user-Service,/] INFO  c.netflix.discovery.DiscoveryClient
                - Saw local status change event StatusChangeEvent [timestamp=1772725956880, current=DOWN, previous=UP]
2026-03-05 21:22:36 [user-Service,/] INFO  c.netflix.discovery.DiscoveryClient
                - DiscoveryClient_USER-SERVICE/user-Service:b32d4371f0131f7a54450eb95df33f54: registering service...
2026-03-05 21:22:36 [user-Service,/] INFO  o.s.b.w.e.tomcat.GracefulShutdown
                - Commencing graceful shutdown. Waiting for active requests to complete
2026-03-05 21:22:36 [user-Service,/] INFO  c.netflix.discovery.DiscoveryClient
                - DiscoveryClient_USER-SERVICE/user-Service:b32d4371f0131f7a54450eb95df33f54 - registration status: 204
2026-03-05 21:22:36 [user-Service,/] INFO  o.s.b.w.e.tomcat.GracefulShutdown
                - Graceful shutdown complete
2026-03-05 21:22:36 [user-Service,/] INFO  o.s.b.w.e.tomcat.GracefulShutdown
                - Commencing graceful shutdown. Waiting for active requests to complete
2026-03-05 21:22:36 [user-Service,/] INFO  o.s.b.w.e.tomcat.GracefulShutdown
                - Graceful shutdown complete
2026-03-05 21:22:36 [user-Service,/] INFO  o.s.o.j.LocalContainerEntityManagerFactoryBean
                - Closing JPA EntityManagerFactory for persistence unit 'default'
2026-03-05 21:22:36 [user-Service,/] INFO  com.zaxxer.hikari.HikariDataSource
                - HikariPool-1 - Shutdown initiated...
2026-03-05 21:22:36 [user-Service,/] INFO  com.zaxxer.hikari.HikariDataSource
                - HikariPool-1 - Shutdown completed.
2026-03-05 21:22:36 [user-Service,/] INFO  c.netflix.discovery.DiscoveryClient
                - Shutting down DiscoveryClient ...
2026-03-05 21:22:39 [user-Service,/] INFO  c.netflix.discovery.DiscoveryClient
                - Unregistering ...
2026-03-05 21:22:39 [user-Service,/] INFO  c.netflix.discovery.DiscoveryClient
                - DiscoveryClient_USER-SERVICE/user-Service:b32d4371f0131f7a54450eb95df33f54 - deregister  status: 200
2026-03-05 21:22:39 [user-Service,/] INFO  c.netflix.discovery.DiscoveryClient
                - Completed shut down of DiscoveryClient
2026-03-05 21:22:46 [user-Service,/] INFO  o.g.u.UserManagementServiceApplication
                - Starting UserManagementServiceApplication using Java 25 with PID 22912 (C:\cruisemate\cruisemate-registration\cruisemate-registration\target\classes started by 2464280 in C:\cruisemate\cruisemate-registration\cruisemate-registration)
2026-03-05 21:22:46 [user-Service,/] DEBUG o.g.u.UserManagementServiceApplication
                - Running with Spring Boot v3.5.6, Spring v6.2.11
2026-03-05 21:22:46 [user-Service,/] INFO  o.g.u.UserManagementServiceApplication
                - The following 1 profile is active: "genc"
2026-03-05 21:22:48 [user-Service,/] INFO  o.s.d.r.c.RepositoryConfigurationDelegate
                - Bootstrapping Spring Data JPA repositories in DEFAULT mode.
2026-03-05 21:22:48 [user-Service,/] INFO  o.s.d.r.c.RepositoryConfigurationDelegate
                - Finished Spring Data repository scanning in 185 ms. Found 2 JPA repository interfaces.
2026-03-05 21:22:48 [user-Service,/] INFO  o.s.cloud.context.scope.GenericScope
                - BeanFactory id=07aab1ff-1bf7-3637-ad3f-6ce54d46db5f
2026-03-05 21:22:49 [user-Service,/] INFO  o.s.b.w.e.tomcat.TomcatWebServer
                - Tomcat initialized with port 9091 (http)
2026-03-05 21:22:49 [user-Service,/] INFO  o.a.catalina.core.StandardService
                - Starting service [Tomcat]
2026-03-05 21:22:49 [user-Service,/] INFO  o.a.catalina.core.StandardEngine
                - Starting Servlet engine: [Apache Tomcat/10.1.46]
2026-03-05 21:22:49 [user-Service,/] INFO  o.a.c.c.C.[Tomcat].[localhost].[/]
                - Initializing Spring embedded WebApplicationContext
2026-03-05 21:22:49 [user-Service,/] INFO  o.s.b.w.s.c.ServletWebServerApplicationContext
                - Root WebApplicationContext: initialization completed in 2723 ms
2026-03-05 21:22:49 [user-Service,/] INFO  o.h.jpa.internal.util.LogHelper
                - HHH000204: Processing PersistenceUnitInfo [name: default]
2026-03-05 21:22:49 [user-Service,/] INFO  org.hibernate.Version
                - HHH000412: Hibernate ORM core version 6.6.29.Final
2026-03-05 21:22:50 [user-Service,/] INFO  o.h.c.i.RegionFactoryInitiator
                - HHH000026: Second-level cache disabled
2026-03-05 21:22:50 [user-Service,/] INFO  o.s.o.j.p.SpringPersistenceUnitInfo
                - No LoadTimeWeaver setup: ignoring JPA class transformer
2026-03-05 21:22:50 [user-Service,/] INFO  com.zaxxer.hikari.HikariDataSource
                - HikariPool-1 - Starting...
2026-03-05 21:22:50 [user-Service,/] INFO  com.zaxxer.hikari.pool.HikariPool
                - HikariPool-1 - Added connection com.mysql.cj.jdbc.ConnectionImpl@21dd9203
2026-03-05 21:22:50 [user-Service,/] INFO  com.zaxxer.hikari.HikariDataSource
                - HikariPool-1 - Start completed.
2026-03-05 21:22:50 [user-Service,/] WARN  org.hibernate.orm.deprecation
                - HHH90000025: MySQLDialect does not need to be specified explicitly using 'hibernate.dialect' (remove the property setting and it will be selected by default)
2026-03-05 21:22:50 [user-Service,/] INFO  o.hibernate.orm.connections.pooling
                - HHH10001005: Database info:
	Database JDBC URL [Connecting through datasource 'HikariDataSource (HikariPool-1)']
	Database driver: undefined/unknown
	Database version: 8.0.44
	Autocommit mode: undefined/unknown
	Isolation level: undefined/unknown
	Minimum pool size: undefined/unknown
	Maximum pool size: undefined/unknown
2026-03-05 21:22:51 [user-Service,/] INFO  o.h.e.t.j.p.i.JtaPlatformInitiator
                - HHH000489: No JTA platform available (set 'hibernate.transaction.jta.platform' to enable JTA platform integration)
2026-03-05 21:22:52 [user-Service,/] INFO  o.s.o.j.LocalContainerEntityManagerFactoryBean
                - Initialized JPA EntityManagerFactory for persistence unit 'default'
2026-03-05 21:22:52 [user-Service,/] DEBUG o.g.u.filter.JwtAuthenticationFilter
                - Filter 'jwtAuthenticationFilter' configured for use
2026-03-05 21:22:52 [user-Service,/] INFO  o.s.s.c.a.a.c.InitializeUserDetailsBeanManagerConfigurer$InitializeUserDetailsManagerConfigurer
                - Global AuthenticationManager configured with UserDetailsService bean with name customUserDetailsService
2026-03-05 21:22:52 [user-Service,/] WARN  o.s.b.a.o.j.JpaBaseConfiguration$JpaWebConfiguration
                - spring.jpa.open-in-view is enabled by default. Therefore, database queries may be performed during view rendering. Explicitly configure spring.jpa.open-in-view to disable this warning
2026-03-05 21:22:53 [user-Service,/] INFO  o.s.c.n.e.c.DiscoveryClientOptionalArgsConfiguration
                - Eureka HTTP Client uses RestTemplate.
2026-03-05 21:22:54 [user-Service,/] WARN  o.s.c.l.c.LoadBalancerCacheAutoConfiguration$LoadBalancerCaffeineWarnLogger
                - Spring Cloud LoadBalancer is currently working with the default cache. While this cache implementation is useful for development and tests, it's recommended to use Caffeine cache in production.You can switch to using Caffeine cache, by adding it and org.springframework.cache.caffeine.CaffeineCacheManager to the classpath.
2026-03-05 21:22:54 [user-Service,/] INFO  o.s.c.n.eureka.InstanceInfoFactory
                - Setting initial instance status as: STARTING
2026-03-05 21:22:54 [user-Service,/] INFO  c.netflix.discovery.DiscoveryClient
                - Initializing Eureka in region us-east-1
2026-03-05 21:22:54 [user-Service,/] INFO  c.n.d.s.r.aws.ConfigClusterResolver
                - Resolving eureka endpoints via configuration
2026-03-05 21:22:54 [user-Service,/] INFO  c.netflix.discovery.DiscoveryClient
                - Disable delta property : false
2026-03-05 21:22:54 [user-Service,/] INFO  c.netflix.discovery.DiscoveryClient
                - Single vip registry refresh property : null
2026-03-05 21:22:54 [user-Service,/] INFO  c.netflix.discovery.DiscoveryClient
                - Force full registry fetch : false
2026-03-05 21:22:54 [user-Service,/] INFO  c.netflix.discovery.DiscoveryClient
                - Application is null : false
2026-03-05 21:22:54 [user-Service,/] INFO  c.netflix.discovery.DiscoveryClient
                - Registered Applications size is zero : true
2026-03-05 21:22:54 [user-Service,/] INFO  c.netflix.discovery.DiscoveryClient
                - Application version is -1: true
2026-03-05 21:22:54 [user-Service,/] INFO  c.netflix.discovery.DiscoveryClient
                - Getting all instance registry info from the eureka server
2026-03-05 21:22:54 [user-Service,/] INFO  c.netflix.discovery.DiscoveryClient
                - The response status is 200
2026-03-05 21:22:54 [user-Service,/] INFO  c.netflix.discovery.DiscoveryClient
                - Starting heartbeat executor: renew interval is: 30
2026-03-05 21:22:54 [user-Service,/] INFO  c.n.discovery.InstanceInfoReplicator
                - InstanceInfoReplicator onDemand update allowed rate per min is 4
2026-03-05 21:22:54 [user-Service,/] INFO  c.netflix.discovery.DiscoveryClient
                - Discovery Client initialized at timestamp 1772725974606 with initial instances count: 6
2026-03-05 21:22:54 [user-Service,/] INFO  o.s.c.n.e.s.EurekaServiceRegistry
                - Registering application USER-SERVICE with eureka with status UP
2026-03-05 21:22:54 [user-Service,/] INFO  c.netflix.discovery.DiscoveryClient
                - Saw local status change event StatusChangeEvent [timestamp=1772725974615, current=UP, previous=STARTING]
2026-03-05 21:22:54 [user-Service,/] INFO  c.netflix.discovery.DiscoveryClient
                - DiscoveryClient_USER-SERVICE/user-Service:b5c6f02b7a311674e9323022d8880d94: registering service...
2026-03-05 21:22:54 [user-Service,/] INFO  o.s.b.w.e.tomcat.TomcatWebServer
                - Tomcat started on port 9091 (http) with context path '/'
2026-03-05 21:22:54 [user-Service,/] INFO  o.s.c.n.e.s.EurekaAutoServiceRegistration
                - Updating port to 9091
2026-03-05 21:22:54 [user-Service,/] INFO  c.netflix.discovery.DiscoveryClient
                - DiscoveryClient_USER-SERVICE/user-Service:b5c6f02b7a311674e9323022d8880d94 - registration status: 204
2026-03-05 21:22:54 [user-Service,/] INFO  o.s.b.w.e.tomcat.TomcatWebServer
                - Tomcat initialized with port 8090 (http)
2026-03-05 21:22:54 [user-Service,/] INFO  o.a.catalina.core.StandardService
                - Starting service [Tomcat]
2026-03-05 21:22:54 [user-Service,/] INFO  o.a.catalina.core.StandardEngine
                - Starting Servlet engine: [Apache Tomcat/10.1.46]
2026-03-05 21:22:54 [user-Service,/] INFO  o.a.c.c.C.[Tomcat-1].[localhost].[/]
                - Initializing Spring embedded WebApplicationContext
2026-03-05 21:22:54 [user-Service,/] INFO  o.s.b.w.s.c.ServletWebServerApplicationContext
                - Root WebApplicationContext: initialization completed in 180 ms
2026-03-05 21:22:54 [user-Service,/] INFO  o.s.b.a.e.web.EndpointLinksResolver
                - Exposing 17 endpoints beneath base path '/actuator'
2026-03-05 21:22:54 [user-Service,/] INFO  o.s.b.w.e.tomcat.TomcatWebServer
                - Tomcat started on port 8090 (http) with context path '/'
2026-03-05 21:22:54 [user-Service,/] INFO  o.g.u.UserManagementServiceApplication
                - Started UserManagementServiceApplication in 8.9 seconds (process running for 9.695)
2026-03-05 21:22:55 [user-Service,/] INFO  o.g.u.UserManagementServiceApplication
                - UserManagementServiceApplication booted up and running
2026-03-05 21:24:24 [user-Service,/] INFO  c.n.d.s.t.d.RedirectingEurekaHttpClient
                - Request execution error. endpoint=DefaultEndpoint{ serviceUrl='http://localhost:8761/eureka/} exception=I/O error on GET request for "http://localhost:8761/eureka/apps/delta": Connect to http://localhost:8761 failed: Connection refused: getsockopt stacktrace=org.springframework.web.client.ResourceAccessException: I/O error on GET request for "http://localhost:8761/eureka/apps/delta": Connect to http://localhost:8761 failed: Connection refused: getsockopt
	at org.springframework.web.client.RestTemplate.createResourceAccessException(RestTemplate.java:926)
	at org.springframework.web.client.RestTemplate.doExecute(RestTemplate.java:906)
	at org.springframework.web.client.RestTemplate.execute(RestTemplate.java:841)
	at org.springframework.web.client.RestTemplate.exchange(RestTemplate.java:702)
	at org.springframework.cloud.netflix.eureka.http.RestTemplateEurekaHttpClient.getApplicationsInternal(RestTemplateEurekaHttpClient.java:174)
	at org.springframework.cloud.netflix.eureka.http.RestTemplateEurekaHttpClient.getDelta(RestTemplateEurekaHttpClient.java:186)
	at com.netflix.discovery.shared.transport.decorator.EurekaHttpClientDecorator$7.execute(EurekaHttpClientDecorator.java:152)
	at com.netflix.discovery.shared.transport.decorator.RedirectingEurekaHttpClient.execute(RedirectingEurekaHttpClient.java:91)
	at com.netflix.discovery.shared.transport.decorator.EurekaHttpClientDecorator.getDelta(EurekaHttpClientDecorator.java:149)
	at com.netflix.discovery.shared.transport.decorator.EurekaHttpClientDecorator$7.execute(EurekaHttpClientDecorator.java:152)
	at com.netflix.discovery.shared.transport.decorator.RetryableEurekaHttpClient.execute(RetryableEurekaHttpClient.java:120)
	at com.netflix.discovery.shared.transport.decorator.EurekaHttpClientDecorator.getDelta(EurekaHttpClientDecorator.java:149)
	at com.netflix.discovery.shared.transport.decorator.EurekaHttpClientDecorator$7.execute(EurekaHttpClientDecorator.java:152)
	at com.netflix.discovery.shared.transport.decorator.SessionedEurekaHttpClient.execute(SessionedEurekaHttpClient.java:76)
	at com.netflix.discovery.shared.transport.decorator.EurekaHttpClientDecorator.getDelta(EurekaHttpClientDecorator.java:149)
	at com.netflix.discovery.DiscoveryClient.getAndUpdateDelta(DiscoveryClient.java:1080)
	at com.netflix.discovery.DiscoveryClient.fetchRegistry(DiscoveryClient.java:963)
	at com.netflix.discovery.DiscoveryClient.refreshRegistry(DiscoveryClient.java:1473)
	at com.netflix.discovery.DiscoveryClient$CacheRefreshThread.run(DiscoveryClient.java:1441)
	at java.base/java.util.concurrent.Executors$RunnableAdapter.call(Executors.java:545)
	at java.base/java.util.concurrent.FutureTask.run(FutureTask.java:328)
	at java.base/java.util.concurrent.ThreadPoolExecutor.runWorker(ThreadPoolExecutor.java:1090)
	at java.base/java.util.concurrent.ThreadPoolExecutor$Worker.run(ThreadPoolExecutor.java:614)
	at java.base/java.lang.Thread.run(Thread.java:1474)
Caused by: org.apache.hc.client5.http.HttpHostConnectException: Connect to http://localhost:8761 failed: Connection refused: getsockopt
	at java.base/sun.nio.ch.Net.pollConnect(Native Method)
	at java.base/sun.nio.ch.Net.pollConnectNow(Net.java:639)
	at java.base/sun.nio.ch.NioSocketImpl.timedFinishConnect(NioSocketImpl.java:543)
	at java.base/sun.nio.ch.NioSocketImpl.connect(NioSocketImpl.java:594)
	at java.base/java.net.SocksSocketImpl.connect(SocksSocketImpl.java:284)
	at java.base/java.net.Socket.connect(Socket.java:659)
	at org.apache.hc.client5.http.impl.io.DefaultHttpClientConnectionOperator.connect(DefaultHttpClientConnectionOperator.java:205)
	at org.apache.hc.client5.http.impl.io.PoolingHttpClientConnectionManager.connect(PoolingHttpClientConnectionManager.java:490)
	at org.apache.hc.client5.http.impl.classic.InternalExecRuntime.connectEndpoint(InternalExecRuntime.java:164)
	at org.apache.hc.client5.http.impl.classic.InternalExecRuntime.connectEndpoint(InternalExecRuntime.java:174)
	at org.apache.hc.client5.http.impl.classic.ConnectExec.execute(ConnectExec.java:144)
	at org.apache.hc.client5.http.impl.classic.ExecChainElement.execute(ExecChainElement.java:51)
	at org.apache.hc.client5.http.impl.classic.ProtocolExec.execute(ProtocolExec.java:195)
	at org.apache.hc.client5.http.impl.classic.ExecChainElement.execute(ExecChainElement.java:51)
	at org.apache.hc.client5.http.impl.classic.ContentCompressionExec.execute(ContentCompressionExec.java:150)
	at org.apache.hc.client5.http.impl.classic.ExecChainElement.execute(ExecChainElement.java:51)
	at org.apache.hc.client5.http.impl.classic.HttpRequestRetryExec.execute(HttpRequestRetryExec.java:113)
	at org.apache.hc.client5.http.impl.classic.ExecChainElement.execute(ExecChainElement.java:51)
	at org.apache.hc.client5.http.impl.classic.RedirectExec.execute(RedirectExec.java:110)
	at org.apache.hc.client5.http.impl.classic.ExecChainElement.execute(ExecChainElement.java:51)
	at org.apache.hc.client5.http.impl.classic.InternalHttpClient.doExecute(InternalHttpClient.java:185)
	at org.apache.hc.client5.http.impl.classic.CloseableHttpClient.execute(CloseableHttpClient.java:87)
	at org.apache.hc.client5.http.impl.classic.CloseableHttpClient.execute(CloseableHttpClient.java:55)
	at org.apache.hc.client5.http.classic.HttpClient.executeOpen(HttpClient.java:183)
	at org.springframework.http.client.HttpComponentsClientHttpRequest.executeInternal(HttpComponentsClientHttpRequest.java:99)
	at org.springframework.http.client.AbstractStreamingClientHttpRequest.executeInternal(AbstractStreamingClientHttpRequest.java:71)
	at org.springframework.http.client.AbstractClientHttpRequest.execute(AbstractClientHttpRequest.java:81)
	at org.springframework.http.client.InterceptingClientHttpRequest$InterceptingRequestExecution.execute(InterceptingClientHttpRequest.java:117)
	at org.springframework.cloud.netflix.eureka.http.RestTemplateTransportClientFactory.lambda$restTemplate$2(RestTemplateTransportClientFactory.java:145)
	at org.springframework.http.client.InterceptingClientHttpRequest$InterceptingRequestExecution.execute(InterceptingClientHttpRequest.java:88)
	at org.springframework.http.client.InterceptingClientHttpRequest.executeInternal(InterceptingClientHttpRequest.java:72)
	at org.springframework.http.client.AbstractBufferingClientHttpRequest.executeInternal(AbstractBufferingClientHttpRequest.java:48)
	at org.springframework.http.client.AbstractClientHttpRequest.execute(AbstractClientHttpRequest.java:81)
	at org.springframework.web.client.RestTemplate.doExecute(RestTemplate.java:900)
	... 22 more

2026-03-05 21:24:24 [user-Service,/] WARN  c.n.d.s.t.d.RetryableEurekaHttpClient
                - Request execution failed with message: I/O error on GET request for "http://localhost:8761/eureka/apps/delta": Connect to http://localhost:8761 failed: Connection refused: getsockopt
2026-03-05 21:24:24 [user-Service,/] INFO  c.n.d.s.t.d.RedirectingEurekaHttpClient
                - Request execution error. endpoint=DefaultEndpoint{ serviceUrl='http://localhost:8761/eureka/} exception=I/O error on PUT request for "http://localhost:8761/eureka/apps/USER-SERVICE/user-Service:b5c6f02b7a311674e9323022d8880d94": Connect to http://localhost:8761 failed: Connection refused: getsockopt stacktrace=org.springframework.web.client.ResourceAccessException: I/O error on PUT request for "http://localhost:8761/eureka/apps/USER-SERVICE/user-Service:b5c6f02b7a311674e9323022d8880d94": Connect to http://localhost:8761 failed: Connection refused: getsockopt
	at org.springframework.web.client.RestTemplate.createResourceAccessException(RestTemplate.java:926)
	at org.springframework.web.client.RestTemplate.doExecute(RestTemplate.java:906)
	at org.springframework.web.client.RestTemplate.execute(RestTemplate.java:841)
	at org.springframework.web.client.RestTemplate.exchange(RestTemplate.java:702)
	at org.springframework.cloud.netflix.eureka.http.RestTemplateEurekaHttpClient.sendHeartBeat(RestTemplateEurekaHttpClient.java:119)
	at com.netflix.discovery.shared.transport.decorator.EurekaHttpClientDecorator$3.execute(EurekaHttpClientDecorator.java:92)
	at com.netflix.discovery.shared.transport.decorator.RedirectingEurekaHttpClient.execute(RedirectingEurekaHttpClient.java:91)
	at com.netflix.discovery.shared.transport.decorator.EurekaHttpClientDecorator.sendHeartBeat(EurekaHttpClientDecorator.java:89)
	at com.netflix.discovery.shared.transport.decorator.EurekaHttpClientDecorator$3.execute(EurekaHttpClientDecorator.java:92)
	at com.netflix.discovery.shared.transport.decorator.RetryableEurekaHttpClient.execute(RetryableEurekaHttpClient.java:120)
	at com.netflix.discovery.shared.transport.decorator.EurekaHttpClientDecorator.sendHeartBeat(EurekaHttpClientDecorator.java:89)
	at com.netflix.discovery.shared.transport.decorator.EurekaHttpClientDecorator$3.execute(EurekaHttpClientDecorator.java:92)
	at com.netflix.discovery.shared.transport.decorator.SessionedEurekaHttpClient.execute(SessionedEurekaHttpClient.java:76)
	at com.netflix.discovery.shared.transport.decorator.EurekaHttpClientDecorator.sendHeartBeat(EurekaHttpClientDecorator.java:89)
	at com.netflix.discovery.DiscoveryClient.renew(DiscoveryClient.java:845)
	at com.netflix.discovery.DiscoveryClient$HeartbeatThread.run(DiscoveryClient.java:1402)
	at java.base/java.util.concurrent.Executors$RunnableAdapter.call(Executors.java:545)
	at java.base/java.util.concurrent.FutureTask.run(FutureTask.java:328)
	at java.base/java.util.concurrent.ThreadPoolExecutor.runWorker(ThreadPoolExecutor.java:1090)
	at java.base/java.util.concurrent.ThreadPoolExecutor$Worker.run(ThreadPoolExecutor.java:614)
	at java.base/java.lang.Thread.run(Thread.java:1474)
Caused by: org.apache.hc.client5.http.HttpHostConnectException: Connect to http://localhost:8761 failed: Connection refused: getsockopt
	at java.base/sun.nio.ch.Net.pollConnect(Native Method)
	at java.base/sun.nio.ch.Net.pollConnectNow(Net.java:639)
	at java.base/sun.nio.ch.NioSocketImpl.timedFinishConnect(NioSocketImpl.java:543)
	at java.base/sun.nio.ch.NioSocketImpl.connect(NioSocketImpl.java:594)
	at java.base/java.net.SocksSocketImpl.connect(SocksSocketImpl.java:284)
	at java.base/java.net.Socket.connect(Socket.java:659)
	at org.apache.hc.client5.http.impl.io.DefaultHttpClientConnectionOperator.connect(DefaultHttpClientConnectionOperator.java:205)
	at org.apache.hc.client5.http.impl.io.PoolingHttpClientConnectionManager.connect(PoolingHttpClientConnectionManager.java:490)
	at org.apache.hc.client5.http.impl.classic.InternalExecRuntime.connectEndpoint(InternalExecRuntime.java:164)
	at org.apache.hc.client5.http.impl.classic.InternalExecRuntime.connectEndpoint(InternalExecRuntime.java:174)
	at org.apache.hc.client5.http.impl.classic.ConnectExec.execute(ConnectExec.java:144)
	at org.apache.hc.client5.http.impl.classic.ExecChainElement.execute(ExecChainElement.java:51)
	at org.apache.hc.client5.http.impl.classic.ProtocolExec.execute(ProtocolExec.java:195)
	at org.apache.hc.client5.http.impl.classic.ExecChainElement.execute(ExecChainElement.java:51)
	at org.apache.hc.client5.http.impl.classic.ContentCompressionExec.execute(ContentCompressionExec.java:150)
	at org.apache.hc.client5.http.impl.classic.ExecChainElement.execute(ExecChainElement.java:51)
	at org.apache.hc.client5.http.impl.classic.HttpRequestRetryExec.execute(HttpRequestRetryExec.java:113)
	at org.apache.hc.client5.http.impl.classic.ExecChainElement.execute(ExecChainElement.java:51)
	at org.apache.hc.client5.http.impl.classic.RedirectExec.execute(RedirectExec.java:110)
	at org.apache.hc.client5.http.impl.classic.ExecChainElement.execute(ExecChainElement.java:51)
	at org.apache.hc.client5.http.impl.classic.InternalHttpClient.doExecute(InternalHttpClient.java:185)
	at org.apache.hc.client5.http.impl.classic.CloseableHttpClient.execute(CloseableHttpClient.java:87)
	at org.apache.hc.client5.http.impl.classic.CloseableHttpClient.execute(CloseableHttpClient.java:55)
	at org.apache.hc.client5.http.classic.HttpClient.executeOpen(HttpClient.java:183)
	at org.springframework.http.client.HttpComponentsClientHttpRequest.executeInternal(HttpComponentsClientHttpRequest.java:99)
	at org.springframework.http.client.AbstractStreamingClientHttpRequest.executeInternal(AbstractStreamingClientHttpRequest.java:71)
	at org.springframework.http.client.AbstractClientHttpRequest.execute(AbstractClientHttpRequest.java:81)
	at org.springframework.http.client.InterceptingClientHttpRequest$InterceptingRequestExecution.execute(InterceptingClientHttpRequest.java:117)
	at org.springframework.cloud.netflix.eureka.http.RestTemplateTransportClientFactory.lambda$restTemplate$2(RestTemplateTransportClientFactory.java:145)
	at org.springframework.http.client.InterceptingClientHttpRequest$InterceptingRequestExecution.execute(InterceptingClientHttpRequest.java:88)
	at org.springframework.http.client.InterceptingClientHttpRequest.executeInternal(InterceptingClientHttpRequest.java:72)
	at org.springframework.http.client.AbstractBufferingClientHttpRequest.executeInternal(AbstractBufferingClientHttpRequest.java:48)
	at org.springframework.http.client.AbstractClientHttpRequest.execute(AbstractClientHttpRequest.java:81)
	at org.springframework.web.client.RestTemplate.doExecute(RestTemplate.java:900)
	... 19 more

2026-03-05 21:24:24 [user-Service,/] WARN  c.n.d.s.t.d.RetryableEurekaHttpClient
                - Request execution failed with message: I/O error on PUT request for "http://localhost:8761/eureka/apps/USER-SERVICE/user-Service:b5c6f02b7a311674e9323022d8880d94": Connect to http://localhost:8761 failed: Connection refused: getsockopt
2026-03-05 21:24:24 [user-Service,/] INFO  c.n.d.s.t.d.RedirectingEurekaHttpClient
                - Request execution error. endpoint=DefaultEndpoint{ serviceUrl='http://localhost:8761/eureka/}, exception=I/O error on GET request for "http://localhost:8761/eureka/apps/delta": Connect to http://localhost:8761 failed: Connection refused: getsockopt stacktrace=org.springframework.web.client.ResourceAccessException: I/O error on GET request for "http://localhost:8761/eureka/apps/delta": Connect to http://localhost:8761 failed: Connection refused: getsockopt
	at org.springframework.web.client.RestTemplate.createResourceAccessException(RestTemplate.java:926)
	at org.springframework.web.client.RestTemplate.doExecute(RestTemplate.java:906)
	at org.springframework.web.client.RestTemplate.execute(RestTemplate.java:841)
	at org.springframework.web.client.RestTemplate.exchange(RestTemplate.java:702)
	at org.springframework.cloud.netflix.eureka.http.RestTemplateEurekaHttpClient.getApplicationsInternal(RestTemplateEurekaHttpClient.java:174)
	at org.springframework.cloud.netflix.eureka.http.RestTemplateEurekaHttpClient.getDelta(RestTemplateEurekaHttpClient.java:186)
	at com.netflix.discovery.shared.transport.decorator.EurekaHttpClientDecorator$7.execute(EurekaHttpClientDecorator.java:152)
	at com.netflix.discovery.shared.transport.decorator.RedirectingEurekaHttpClient.executeOnNewServer(RedirectingEurekaHttpClient.java:121)
	at com.netflix.discovery.shared.transport.decorator.RedirectingEurekaHttpClient.execute(RedirectingEurekaHttpClient.java:80)
	at com.netflix.discovery.shared.transport.decorator.EurekaHttpClientDecorator.getDelta(EurekaHttpClientDecorator.java:149)
	at com.netflix.discovery.shared.transport.decorator.EurekaHttpClientDecorator$7.execute(EurekaHttpClientDecorator.java:152)
	at com.netflix.discovery.shared.transport.decorator.RetryableEurekaHttpClient.execute(RetryableEurekaHttpClient.java:120)
	at com.netflix.discovery.shared.transport.decorator.EurekaHttpClientDecorator.getDelta(EurekaHttpClientDecorator.java:149)
	at com.netflix.discovery.shared.transport.decorator.EurekaHttpClientDecorator$7.execute(EurekaHttpClientDecorator.java:152)
	at com.netflix.discovery.shared.transport.decorator.SessionedEurekaHttpClient.execute(SessionedEurekaHttpClient.java:76)
	at com.netflix.discovery.shared.transport.decorator.EurekaHttpClientDecorator.getDelta(EurekaHttpClientDecorator.java:149)
	at com.netflix.discovery.DiscoveryClient.getAndUpdateDelta(DiscoveryClient.java:1080)
	at com.netflix.discovery.DiscoveryClient.fetchRegistry(DiscoveryClient.java:963)
	at com.netflix.discovery.DiscoveryClient.refreshRegistry(DiscoveryClient.java:1473)
	at com.netflix.discovery.DiscoveryClient$CacheRefreshThread.run(DiscoveryClient.java:1441)
	at java.base/java.util.concurrent.Executors$RunnableAdapter.call(Executors.java:545)
	at java.base/java.util.concurrent.FutureTask.run(FutureTask.java:328)
	at java.base/java.util.concurrent.ThreadPoolExecutor.runWorker(ThreadPoolExecutor.java:1090)
	at java.base/java.util.concurrent.ThreadPoolExecutor$Worker.run(ThreadPoolExecutor.java:614)
	at java.base/java.lang.Thread.run(Thread.java:1474)
Caused by: org.apache.hc.client5.http.HttpHostConnectException: Connect to http://localhost:8761 failed: Connection refused: getsockopt
	at java.base/sun.nio.ch.Net.pollConnect(Native Method)
	at java.base/sun.nio.ch.Net.pollConnectNow(Net.java:639)
	at java.base/sun.nio.ch.NioSocketImpl.timedFinishConnect(NioSocketImpl.java:543)
	at java.base/sun.nio.ch.NioSocketImpl.connect(NioSocketImpl.java:594)
	at java.base/java.net.SocksSocketImpl.connect(SocksSocketImpl.java:284)
	at java.base/java.net.Socket.connect(Socket.java:659)
	at org.apache.hc.client5.http.impl.io.DefaultHttpClientConnectionOperator.connect(DefaultHttpClientConnectionOperator.java:205)
	at org.apache.hc.client5.http.impl.io.PoolingHttpClientConnectionManager.connect(PoolingHttpClientConnectionManager.java:490)
	at org.apache.hc.client5.http.impl.classic.InternalExecRuntime.connectEndpoint(InternalExecRuntime.java:164)
	at org.apache.hc.client5.http.impl.classic.InternalExecRuntime.connectEndpoint(InternalExecRuntime.java:174)
	at org.apache.hc.client5.http.impl.classic.ConnectExec.execute(ConnectExec.java:144)
	at org.apache.hc.client5.http.impl.classic.ExecChainElement.execute(ExecChainElement.java:51)
	at org.apache.hc.client5.http.impl.classic.ProtocolExec.execute(ProtocolExec.java:195)
	at org.apache.hc.client5.http.impl.classic.ExecChainElement.execute(ExecChainElement.java:51)
	at org.apache.hc.client5.http.impl.classic.ContentCompressionExec.execute(ContentCompressionExec.java:150)
	at org.apache.hc.client5.http.impl.classic.ExecChainElement.execute(ExecChainElement.java:51)
	at org.apache.hc.client5.http.impl.classic.HttpRequestRetryExec.execute(HttpRequestRetryExec.java:113)
	at org.apache.hc.client5.http.impl.classic.ExecChainElement.execute(ExecChainElement.java:51)
	at org.apache.hc.client5.http.impl.classic.RedirectExec.execute(RedirectExec.java:110)
	at org.apache.hc.client5.http.impl.classic.ExecChainElement.execute(ExecChainElement.java:51)
	at org.apache.hc.client5.http.impl.classic.InternalHttpClient.doExecute(InternalHttpClient.java:185)
	at org.apache.hc.client5.http.impl.classic.CloseableHttpClient.execute(CloseableHttpClient.java:87)
	at org.apache.hc.client5.http.impl.classic.CloseableHttpClient.execute(CloseableHttpClient.java:55)
	at org.apache.hc.client5.http.classic.HttpClient.executeOpen(HttpClient.java:183)
	at org.springframework.http.client.HttpComponentsClientHttpRequest.executeInternal(HttpComponentsClientHttpRequest.java:99)
	at org.springframework.http.client.AbstractStreamingClientHttpRequest.executeInternal(AbstractStreamingClientHttpRequest.java:71)
	at org.springframework.http.client.AbstractClientHttpRequest.execute(AbstractClientHttpRequest.java:81)
	at org.springframework.http.client.InterceptingClientHttpRequest$InterceptingRequestExecution.execute(InterceptingClientHttpRequest.java:117)
	at org.springframework.cloud.netflix.eureka.http.RestTemplateTransportClientFactory.lambda$restTemplate$2(RestTemplateTransportClientFactory.java:145)
	at org.springframework.http.client.InterceptingClientHttpRequest$InterceptingRequestExecution.execute(InterceptingClientHttpRequest.java:88)
	at org.springframework.http.client.InterceptingClientHttpRequest.executeInternal(InterceptingClientHttpRequest.java:72)
	at org.springframework.http.client.AbstractBufferingClientHttpRequest.executeInternal(AbstractBufferingClientHttpRequest.java:48)
	at org.springframework.http.client.AbstractClientHttpRequest.execute(AbstractClientHttpRequest.java:81)
	at org.springframework.web.client.RestTemplate.doExecute(RestTemplate.java:900)
	... 23 more

2026-03-05 21:24:24 [user-Service,/] WARN  c.n.d.s.t.d.RetryableEurekaHttpClient
                - Request execution failed with message: I/O error on GET request for "http://localhost:8761/eureka/apps/delta": Connect to http://localhost:8761 failed: Connection refused: getsockopt
2026-03-05 21:24:24 [user-Service,/] INFO  c.netflix.discovery.DiscoveryClient
                - DiscoveryClient_USER-SERVICE/user-Service:b5c6f02b7a311674e9323022d8880d94 - was unable to refresh its cache! This periodic background refresh will be retried in 30 seconds. status = Cannot execute request on any known server stacktrace = com.netflix.discovery.shared.transport.TransportException: Cannot execute request on any known server
	at com.netflix.discovery.shared.transport.decorator.RetryableEurekaHttpClient.execute(RetryableEurekaHttpClient.java:112)
	at com.netflix.discovery.shared.transport.decorator.EurekaHttpClientDecorator.getDelta(EurekaHttpClientDecorator.java:149)
	at com.netflix.discovery.shared.transport.decorator.EurekaHttpClientDecorator$7.execute(EurekaHttpClientDecorator.java:152)
	at com.netflix.discovery.shared.transport.decorator.SessionedEurekaHttpClient.execute(SessionedEurekaHttpClient.java:76)
	at com.netflix.discovery.shared.transport.decorator.EurekaHttpClientDecorator.getDelta(EurekaHttpClientDecorator.java:149)
	at com.netflix.discovery.DiscoveryClient.getAndUpdateDelta(DiscoveryClient.java:1080)
	at com.netflix.discovery.DiscoveryClient.fetchRegistry(DiscoveryClient.java:963)
	at com.netflix.discovery.DiscoveryClient.refreshRegistry(DiscoveryClient.java:1473)
	at com.netflix.discovery.DiscoveryClient$CacheRefreshThread.run(DiscoveryClient.java:1441)
	at java.base/java.util.concurrent.Executors$RunnableAdapter.call(Executors.java:545)
	at java.base/java.util.concurrent.FutureTask.run(FutureTask.java:328)
	at java.base/java.util.concurrent.ThreadPoolExecutor.runWorker(ThreadPoolExecutor.java:1090)
	at java.base/java.util.concurrent.ThreadPoolExecutor$Worker.run(ThreadPoolExecutor.java:614)
	at java.base/java.lang.Thread.run(Thread.java:1474)

2026-03-05 21:24:24 [user-Service,/] INFO  c.n.d.s.t.d.RedirectingEurekaHttpClient
                - Request execution error. endpoint=DefaultEndpoint{ serviceUrl='http://localhost:8761/eureka/}, exception=I/O error on PUT request for "http://localhost:8761/eureka/apps/USER-SERVICE/user-Service:b5c6f02b7a311674e9323022d8880d94": Connect to http://localhost:8761 failed: Connection refused: getsockopt stacktrace=org.springframework.web.client.ResourceAccessException: I/O error on PUT request for "http://localhost:8761/eureka/apps/USER-SERVICE/user-Service:b5c6f02b7a311674e9323022d8880d94": Connect to http://localhost:8761 failed: Connection refused: getsockopt
	at org.springframework.web.client.RestTemplate.createResourceAccessException(RestTemplate.java:926)
	at org.springframework.web.client.RestTemplate.doExecute(RestTemplate.java:906)
	at org.springframework.web.client.RestTemplate.execute(RestTemplate.java:841)
	at org.springframework.web.client.RestTemplate.exchange(RestTemplate.java:702)
	at org.springframework.cloud.netflix.eureka.http.RestTemplateEurekaHttpClient.sendHeartBeat(RestTemplateEurekaHttpClient.java:119)
	at com.netflix.discovery.shared.transport.decorator.EurekaHttpClientDecorator$3.execute(EurekaHttpClientDecorator.java:92)
	at com.netflix.discovery.shared.transport.decorator.RedirectingEurekaHttpClient.executeOnNewServer(RedirectingEurekaHttpClient.java:121)
	at com.netflix.discovery.shared.transport.decorator.RedirectingEurekaHttpClient.execute(RedirectingEurekaHttpClient.java:80)
	at com.netflix.discovery.shared.transport.decorator.EurekaHttpClientDecorator.sendHeartBeat(EurekaHttpClientDecorator.java:89)
	at com.netflix.discovery.shared.transport.decorator.EurekaHttpClientDecorator$3.execute(EurekaHttpClientDecorator.java:92)
	at com.netflix.discovery.shared.transport.decorator.RetryableEurekaHttpClient.execute(RetryableEurekaHttpClient.java:120)
	at com.netflix.discovery.shared.transport.decorator.EurekaHttpClientDecorator.sendHeartBeat(EurekaHttpClientDecorator.java:89)
	at com.netflix.discovery.shared.transport.decorator.EurekaHttpClientDecorator$3.execute(EurekaHttpClientDecorator.java:92)
	at com.netflix.discovery.shared.transport.decorator.SessionedEurekaHttpClient.execute(SessionedEurekaHttpClient.java:76)
	at com.netflix.discovery.shared.transport.decorator.EurekaHttpClientDecorator.sendHeartBeat(EurekaHttpClientDecorator.java:89)
	at com.netflix.discovery.DiscoveryClient.renew(DiscoveryClient.java:845)
	at com.netflix.discovery.DiscoveryClient$HeartbeatThread.run(DiscoveryClient.java:1402)
	at java.base/java.util.concurrent.Executors$RunnableAdapter.call(Executors.java:545)
	at java.base/java.util.concurrent.FutureTask.run(FutureTask.java:328)
	at java.base/java.util.concurrent.ThreadPoolExecutor.runWorker(ThreadPoolExecutor.java:1090)
	at java.base/java.util.concurrent.ThreadPoolExecutor$Worker.run(ThreadPoolExecutor.java:614)
	at java.base/java.lang.Thread.run(Thread.java:1474)
Caused by: org.apache.hc.client5.http.HttpHostConnectException: Connect to http://localhost:8761 failed: Connection refused: getsockopt
	at java.base/sun.nio.ch.Net.pollConnect(Native Method)
	at java.base/sun.nio.ch.Net.pollConnectNow(Net.java:639)
	at java.base/sun.nio.ch.NioSocketImpl.timedFinishConnect(NioSocketImpl.java:543)
	at java.base/sun.nio.ch.NioSocketImpl.connect(NioSocketImpl.java:594)
	at java.base/java.net.SocksSocketImpl.connect(SocksSocketImpl.java:284)
	at java.base/java.net.Socket.connect(Socket.java:659)
	at org.apache.hc.client5.http.impl.io.DefaultHttpClientConnectionOperator.connect(DefaultHttpClientConnectionOperator.java:205)
	at org.apache.hc.client5.http.impl.io.PoolingHttpClientConnectionManager.connect(PoolingHttpClientConnectionManager.java:490)
	at org.apache.hc.client5.http.impl.classic.InternalExecRuntime.connectEndpoint(InternalExecRuntime.java:164)
	at org.apache.hc.client5.http.impl.classic.InternalExecRuntime.connectEndpoint(InternalExecRuntime.java:174)
	at org.apache.hc.client5.http.impl.classic.ConnectExec.execute(ConnectExec.java:144)
	at org.apache.hc.client5.http.impl.classic.ExecChainElement.execute(ExecChainElement.java:51)
	at org.apache.hc.client5.http.impl.classic.ProtocolExec.execute(ProtocolExec.java:195)
	at org.apache.hc.client5.http.impl.classic.ExecChainElement.execute(ExecChainElement.java:51)
	at org.apache.hc.client5.http.impl.classic.ContentCompressionExec.execute(ContentCompressionExec.java:150)
	at org.apache.hc.client5.http.impl.classic.ExecChainElement.execute(ExecChainElement.java:51)
	at org.apache.hc.client5.http.impl.classic.HttpRequestRetryExec.execute(HttpRequestRetryExec.java:113)
	at org.apache.hc.client5.http.impl.classic.ExecChainElement.execute(ExecChainElement.java:51)
	at org.apache.hc.client5.http.impl.classic.RedirectExec.execute(RedirectExec.java:110)
	at org.apache.hc.client5.http.impl.classic.ExecChainElement.execute(ExecChainElement.java:51)
	at org.apache.hc.client5.http.impl.classic.InternalHttpClient.doExecute(InternalHttpClient.java:185)
	at org.apache.hc.client5.http.impl.classic.CloseableHttpClient.execute(CloseableHttpClient.java:87)
	at org.apache.hc.client5.http.impl.classic.CloseableHttpClient.execute(CloseableHttpClient.java:55)
	at org.apache.hc.client5.http.classic.HttpClient.executeOpen(HttpClient.java:183)
	at org.springframework.http.client.HttpComponentsClientHttpRequest.executeInternal(HttpComponentsClientHttpRequest.java:99)
	at org.springframework.http.client.AbstractStreamingClientHttpRequest.executeInternal(AbstractStreamingClientHttpRequest.java:71)
	at org.springframework.http.client.AbstractClientHttpRequest.execute(AbstractClientHttpRequest.java:81)
	at org.springframework.http.client.InterceptingClientHttpRequest$InterceptingRequestExecution.execute(InterceptingClientHttpRequest.java:117)
	at org.springframework.cloud.netflix.eureka.http.RestTemplateTransportClientFactory.lambda$restTemplate$2(RestTemplateTransportClientFactory.java:145)
	at org.springframework.http.client.InterceptingClientHttpRequest$InterceptingRequestExecution.execute(InterceptingClientHttpRequest.java:88)
	at org.springframework.http.client.InterceptingClientHttpRequest.executeInternal(InterceptingClientHttpRequest.java:72)
	at org.springframework.http.client.AbstractBufferingClientHttpRequest.executeInternal(AbstractBufferingClientHttpRequest.java:48)
	at org.springframework.http.client.AbstractClientHttpRequest.execute(AbstractClientHttpRequest.java:81)
	at org.springframework.web.client.RestTemplate.doExecute(RestTemplate.java:900)
	... 20 more

2026-03-05 21:24:24 [user-Service,/] WARN  c.n.d.s.t.d.RetryableEurekaHttpClient
                - Request execution failed with message: I/O error on PUT request for "http://localhost:8761/eureka/apps/USER-SERVICE/user-Service:b5c6f02b7a311674e9323022d8880d94": Connect to http://localhost:8761 failed: Connection refused: getsockopt
2026-03-05 21:24:24 [user-Service,/] ERROR c.netflix.discovery.DiscoveryClient
                - DiscoveryClient_USER-SERVICE/user-Service:b5c6f02b7a311674e9323022d8880d94 - was unable to send heartbeat!
com.netflix.discovery.shared.transport.TransportException: Cannot execute request on any known server
	at com.netflix.discovery.shared.transport.decorator.RetryableEurekaHttpClient.execute(RetryableEurekaHttpClient.java:112)
	at com.netflix.discovery.shared.transport.decorator.EurekaHttpClientDecorator.sendHeartBeat(EurekaHttpClientDecorator.java:89)
	at com.netflix.discovery.shared.transport.decorator.EurekaHttpClientDecorator$3.execute(EurekaHttpClientDecorator.java:92)
	at com.netflix.discovery.shared.transport.decorator.SessionedEurekaHttpClient.execute(SessionedEurekaHttpClient.java:76)
	at com.netflix.discovery.shared.transport.decorator.EurekaHttpClientDecorator.sendHeartBeat(EurekaHttpClientDecorator.java:89)
	at com.netflix.discovery.DiscoveryClient.renew(DiscoveryClient.java:845)
	at com.netflix.discovery.DiscoveryClient$HeartbeatThread.run(DiscoveryClient.java:1402)
	at java.base/java.util.concurrent.Executors$RunnableAdapter.call(Executors.java:545)
	at java.base/java.util.concurrent.FutureTask.run(FutureTask.java:328)
	at java.base/java.util.concurrent.ThreadPoolExecutor.runWorker(ThreadPoolExecutor.java:1090)
	at java.base/java.util.concurrent.ThreadPoolExecutor$Worker.run(ThreadPoolExecutor.java:614)
	at java.base/java.lang.Thread.run(Thread.java:1474)
2026-03-05 21:24:46 [user-Service,/] INFO  o.s.c.n.e.s.EurekaServiceRegistry
                - Unregistering application USER-SERVICE with eureka with status DOWN
2026-03-05 21:24:46 [user-Service,/] INFO  c.netflix.discovery.DiscoveryClient
                - Saw local status change event StatusChangeEvent [timestamp=1772726086054, current=DOWN, previous=UP]
2026-03-05 21:24:46 [user-Service,/] INFO  c.netflix.discovery.DiscoveryClient
                - DiscoveryClient_USER-SERVICE/user-Service:b5c6f02b7a311674e9323022d8880d94: registering service...
2026-03-05 21:24:46 [user-Service,/] INFO  o.s.b.w.e.tomcat.GracefulShutdown
                - Commencing graceful shutdown. Waiting for active requests to complete
2026-03-05 21:24:46 [user-Service,/] INFO  c.netflix.discovery.DiscoveryClient
                - DiscoveryClient_USER-SERVICE/user-Service:b5c6f02b7a311674e9323022d8880d94 - registration status: 204
2026-03-05 21:24:46 [user-Service,/] INFO  o.s.b.w.e.tomcat.GracefulShutdown
                - Graceful shutdown complete
2026-03-05 21:24:46 [user-Service,/] INFO  o.s.b.w.e.tomcat.GracefulShutdown
                - Commencing graceful shutdown. Waiting for active requests to complete
2026-03-05 21:24:46 [user-Service,/] INFO  o.s.b.w.e.tomcat.GracefulShutdown
                - Graceful shutdown complete
2026-03-05 21:24:46 [user-Service,/] INFO  o.s.o.j.LocalContainerEntityManagerFactoryBean
                - Closing JPA EntityManagerFactory for persistence unit 'default'
2026-03-05 21:24:46 [user-Service,/] INFO  com.zaxxer.hikari.HikariDataSource
                - HikariPool-1 - Shutdown initiated...
2026-03-05 21:24:46 [user-Service,/] INFO  com.zaxxer.hikari.HikariDataSource
                - HikariPool-1 - Shutdown completed.
2026-03-05 21:24:46 [user-Service,/] INFO  c.netflix.discovery.DiscoveryClient
                - Shutting down DiscoveryClient ...
2026-03-05 21:24:49 [user-Service,/] INFO  c.netflix.discovery.DiscoveryClient
                - Unregistering ...
2026-03-05 21:24:49 [user-Service,/] INFO  c.netflix.discovery.DiscoveryClient
                - DiscoveryClient_USER-SERVICE/user-Service:b5c6f02b7a311674e9323022d8880d94 - deregister  status: 200
2026-03-05 21:24:49 [user-Service,/] INFO  c.netflix.discovery.DiscoveryClient
                - Completed shut down of DiscoveryClient
2026-03-05 21:24:52 [user-Service,/] INFO  o.g.u.UserManagementServiceApplication
                - Starting UserManagementServiceApplication using Java 25 with PID 18936 (C:\cruisemate\cruisemate-registration\cruisemate-registration\target\classes started by 2464280 in C:\cruisemate\cruisemate-registration\cruisemate-registration)
2026-03-05 21:24:52 [user-Service,/] DEBUG o.g.u.UserManagementServiceApplication
                - Running with Spring Boot v3.5.6, Spring v6.2.11
2026-03-05 21:24:52 [user-Service,/] INFO  o.g.u.UserManagementServiceApplication
                - The following 1 profile is active: "genc"
2026-03-05 21:24:54 [user-Service,/] INFO  o.s.d.r.c.RepositoryConfigurationDelegate
                - Bootstrapping Spring Data JPA repositories in DEFAULT mode.
2026-03-05 21:24:54 [user-Service,/] INFO  o.s.d.r.c.RepositoryConfigurationDelegate
                - Finished Spring Data repository scanning in 160 ms. Found 2 JPA repository interfaces.
2026-03-05 21:24:54 [user-Service,/] INFO  o.s.cloud.context.scope.GenericScope
                - BeanFactory id=07aab1ff-1bf7-3637-ad3f-6ce54d46db5f
2026-03-05 21:24:55 [user-Service,/] INFO  o.s.b.w.e.tomcat.TomcatWebServer
                - Tomcat initialized with port 9091 (http)
2026-03-05 21:24:55 [user-Service,/] INFO  o.a.catalina.core.StandardService
                - Starting service [Tomcat]
2026-03-05 21:24:55 [user-Service,/] INFO  o.a.catalina.core.StandardEngine
                - Starting Servlet engine: [Apache Tomcat/10.1.46]
2026-03-05 21:24:55 [user-Service,/] INFO  o.a.c.c.C.[Tomcat].[localhost].[/]
                - Initializing Spring embedded WebApplicationContext
2026-03-05 21:24:55 [user-Service,/] INFO  o.s.b.w.s.c.ServletWebServerApplicationContext
                - Root WebApplicationContext: initialization completed in 2286 ms
2026-03-05 21:24:55 [user-Service,/] INFO  o.h.jpa.internal.util.LogHelper
                - HHH000204: Processing PersistenceUnitInfo [name: default]
2026-03-05 21:24:55 [user-Service,/] INFO  org.hibernate.Version
                - HHH000412: Hibernate ORM core version 6.6.29.Final
2026-03-05 21:24:55 [user-Service,/] INFO  o.h.c.i.RegionFactoryInitiator
                - HHH000026: Second-level cache disabled
2026-03-05 21:24:55 [user-Service,/] INFO  o.s.o.j.p.SpringPersistenceUnitInfo
                - No LoadTimeWeaver setup: ignoring JPA class transformer
2026-03-05 21:24:55 [user-Service,/] INFO  com.zaxxer.hikari.HikariDataSource
                - HikariPool-1 - Starting...
2026-03-05 21:24:56 [user-Service,/] INFO  com.zaxxer.hikari.pool.HikariPool
                - HikariPool-1 - Added connection com.mysql.cj.jdbc.ConnectionImpl@21dd9203
2026-03-05 21:24:56 [user-Service,/] INFO  com.zaxxer.hikari.HikariDataSource
                - HikariPool-1 - Start completed.
2026-03-05 21:24:56 [user-Service,/] WARN  org.hibernate.orm.deprecation
                - HHH90000025: MySQLDialect does not need to be specified explicitly using 'hibernate.dialect' (remove the property setting and it will be selected by default)
2026-03-05 21:24:56 [user-Service,/] INFO  o.hibernate.orm.connections.pooling
                - HHH10001005: Database info:
	Database JDBC URL [Connecting through datasource 'HikariDataSource (HikariPool-1)']
	Database driver: undefined/unknown
	Database version: 8.0.44
	Autocommit mode: undefined/unknown
	Isolation level: undefined/unknown
	Minimum pool size: undefined/unknown
	Maximum pool size: undefined/unknown
2026-03-05 21:24:57 [user-Service,/] INFO  o.h.e.t.j.p.i.JtaPlatformInitiator
                - HHH000489: No JTA platform available (set 'hibernate.transaction.jta.platform' to enable JTA platform integration)
2026-03-05 21:24:57 [user-Service,/] INFO  o.s.o.j.LocalContainerEntityManagerFactoryBean
                - Initialized JPA EntityManagerFactory for persistence unit 'default'
2026-03-05 21:24:57 [user-Service,/] DEBUG o.g.u.filter.JwtAuthenticationFilter
                - Filter 'jwtAuthenticationFilter' configured for use
2026-03-05 21:24:57 [user-Service,/] INFO  o.s.s.c.a.a.c.InitializeUserDetailsBeanManagerConfigurer$InitializeUserDetailsManagerConfigurer
                - Global AuthenticationManager configured with UserDetailsService bean with name customUserDetailsService
2026-03-05 21:24:57 [user-Service,/] WARN  o.s.b.a.o.j.JpaBaseConfiguration$JpaWebConfiguration
                - spring.jpa.open-in-view is enabled by default. Therefore, database queries may be performed during view rendering. Explicitly configure spring.jpa.open-in-view to disable this warning
2026-03-05 21:24:58 [user-Service,/] INFO  o.s.c.n.e.c.DiscoveryClientOptionalArgsConfiguration
                - Eureka HTTP Client uses RestTemplate.
2026-03-05 21:24:58 [user-Service,/] WARN  o.s.c.l.c.LoadBalancerCacheAutoConfiguration$LoadBalancerCaffeineWarnLogger
                - Spring Cloud LoadBalancer is currently working with the default cache. While this cache implementation is useful for development and tests, it's recommended to use Caffeine cache in production.You can switch to using Caffeine cache, by adding it and org.springframework.cache.caffeine.CaffeineCacheManager to the classpath.
2026-03-05 21:24:58 [user-Service,/] INFO  o.s.c.n.eureka.InstanceInfoFactory
                - Setting initial instance status as: STARTING
2026-03-05 21:24:58 [user-Service,/] INFO  c.netflix.discovery.DiscoveryClient
                - Initializing Eureka in region us-east-1
2026-03-05 21:24:58 [user-Service,/] INFO  c.n.d.s.r.aws.ConfigClusterResolver
                - Resolving eureka endpoints via configuration
2026-03-05 21:24:58 [user-Service,/] INFO  c.netflix.discovery.DiscoveryClient
                - Disable delta property : false
2026-03-05 21:24:58 [user-Service,/] INFO  c.netflix.discovery.DiscoveryClient
                - Single vip registry refresh property : null
2026-03-05 21:24:58 [user-Service,/] INFO  c.netflix.discovery.DiscoveryClient
                - Force full registry fetch : false
2026-03-05 21:24:58 [user-Service,/] INFO  c.netflix.discovery.DiscoveryClient
                - Application is null : false
2026-03-05 21:24:58 [user-Service,/] INFO  c.netflix.discovery.DiscoveryClient
                - Registered Applications size is zero : true
2026-03-05 21:24:58 [user-Service,/] INFO  c.netflix.discovery.DiscoveryClient
                - Application version is -1: true
2026-03-05 21:24:58 [user-Service,/] INFO  c.netflix.discovery.DiscoveryClient
                - Getting all instance registry info from the eureka server
2026-03-05 21:24:59 [user-Service,/] INFO  c.netflix.discovery.DiscoveryClient
                - The response status is 200
2026-03-05 21:24:59 [user-Service,/] INFO  c.netflix.discovery.DiscoveryClient
                - Starting heartbeat executor: renew interval is: 30
2026-03-05 21:24:59 [user-Service,/] INFO  c.n.discovery.InstanceInfoReplicator
                - InstanceInfoReplicator onDemand update allowed rate per min is 4
2026-03-05 21:24:59 [user-Service,/] INFO  c.netflix.discovery.DiscoveryClient
                - Discovery Client initialized at timestamp 1772726099206 with initial instances count: 0
2026-03-05 21:24:59 [user-Service,/] INFO  o.s.c.n.e.s.EurekaServiceRegistry
                - Registering application USER-SERVICE with eureka with status UP
2026-03-05 21:24:59 [user-Service,/] INFO  c.netflix.discovery.DiscoveryClient
                - Saw local status change event StatusChangeEvent [timestamp=1772726099212, current=UP, previous=STARTING]
2026-03-05 21:24:59 [user-Service,/] INFO  c.netflix.discovery.DiscoveryClient
                - DiscoveryClient_USER-SERVICE/user-Service:1fad7bd6b1fa99a2c22ad321a6ea6776: registering service...
2026-03-05 21:24:59 [user-Service,/] INFO  o.s.b.w.e.tomcat.TomcatWebServer
                - Tomcat started on port 9091 (http) with context path '/'
2026-03-05 21:24:59 [user-Service,/] INFO  o.s.c.n.e.s.EurekaAutoServiceRegistration
                - Updating port to 9091
2026-03-05 21:24:59 [user-Service,/] INFO  c.netflix.discovery.DiscoveryClient
                - DiscoveryClient_USER-SERVICE/user-Service:1fad7bd6b1fa99a2c22ad321a6ea6776 - registration status: 204
2026-03-05 21:24:59 [user-Service,/] INFO  o.s.b.w.e.tomcat.TomcatWebServer
                - Tomcat initialized with port 8090 (http)
2026-03-05 21:24:59 [user-Service,/] INFO  o.a.catalina.core.StandardService
                - Starting service [Tomcat]
2026-03-05 21:24:59 [user-Service,/] INFO  o.a.catalina.core.StandardEngine
                - Starting Servlet engine: [Apache Tomcat/10.1.46]
2026-03-05 21:24:59 [user-Service,/] INFO  o.a.c.c.C.[Tomcat-1].[localhost].[/]
                - Initializing Spring embedded WebApplicationContext
2026-03-05 21:24:59 [user-Service,/] INFO  o.s.b.w.s.c.ServletWebServerApplicationContext
                - Root WebApplicationContext: initialization completed in 115 ms
2026-03-05 21:24:59 [user-Service,/] INFO  o.s.b.a.e.web.EndpointLinksResolver
                - Exposing 17 endpoints beneath base path '/actuator'
2026-03-05 21:24:59 [user-Service,/] INFO  o.s.b.w.e.tomcat.TomcatWebServer
                - Tomcat started on port 8090 (http) with context path '/'
2026-03-05 21:24:59 [user-Service,/] INFO  o.g.u.UserManagementServiceApplication
                - Started UserManagementServiceApplication in 7.199 seconds (process running for 8.006)
2026-03-05 21:24:59 [user-Service,/] INFO  o.g.u.UserManagementServiceApplication
                - UserManagementServiceApplication booted up and running
2026-03-05 21:25:14 [user-Service,/] INFO  o.a.c.c.C.[Tomcat].[localhost].[/]
                - Initializing Spring DispatcherServlet 'dispatcherServlet'
2026-03-05 21:25:14 [user-Service,/] INFO  o.s.web.servlet.DispatcherServlet
                - Initializing Servlet 'dispatcherServlet'
2026-03-05 21:25:14 [user-Service,/] INFO  o.s.web.servlet.DispatcherServlet
                - Completed initialization in 2 ms
2026-03-05 21:25:14 [user-Service,/] INFO  o.g.u.s.i.CustomUserDetailsService
                - User found: admin, Assigned Role: ADMIN
2026-03-05 21:25:14 [user-Service,/] INFO  o.g.u.s.i.CustomUserDetailsService
                - User found: admin, Assigned Role: ADMIN
2026-03-05 21:25:15 [user-Service,/] INFO  o.g.usermgmt.resource.AuthController
                - Access from user-Service on port 9091 (instance: user-Service:dc8400099de718d1bc08a9692bb0da8c)
2026-03-05 21:25:29 [user-Service,/] INFO  c.netflix.discovery.DiscoveryClient
                - Disable delta property : false
2026-03-05 21:25:29 [user-Service,/] INFO  c.netflix.discovery.DiscoveryClient
                - Single vip registry refresh property : null
2026-03-05 21:25:29 [user-Service,/] INFO  c.netflix.discovery.DiscoveryClient
                - Force full registry fetch : false
2026-03-05 21:25:29 [user-Service,/] INFO  c.netflix.discovery.DiscoveryClient
                - Application is null : false
2026-03-05 21:25:29 [user-Service,/] INFO  c.netflix.discovery.DiscoveryClient
                - Registered Applications size is zero : true
2026-03-05 21:25:29 [user-Service,/] INFO  c.netflix.discovery.DiscoveryClient
                - Application version is -1: false
2026-03-05 21:25:29 [user-Service,/] INFO  c.netflix.discovery.DiscoveryClient
                - Getting all instance registry info from the eureka server
2026-03-05 21:25:29 [user-Service,/] INFO  c.netflix.discovery.DiscoveryClient
                - The response status is 200
2026-03-05 21:25:30 [user-Service,/] INFO  o.g.u.s.i.CustomUserDetailsService
                - User found: admin, Assigned Role: ADMIN
2026-03-05 21:25:30 [user-Service,/] INFO  o.g.u.s.i.CustomUserDetailsService
                - User found: admin, Assigned Role: ADMIN
2026-03-05 21:25:30 [user-Service,/] INFO  o.g.usermgmt.resource.AuthController
                - Access from user-Service on port 9091 (instance: user-Service:dc8400099de718d1bc08a9692bb0da8c)
2026-03-05 21:26:16 [user-Service,/] INFO  o.g.u.r.RegistrationController
                - Registering new user with username: sheshank123
2026-03-05 21:26:16 [user-Service,/] INFO  o.g.u.s.impl.UserMgmtServiceImpl
                - New CruiseMate account created: sheshank123
2026-03-05 21:26:19 [user-Service,/] INFO  o.g.u.s.i.CustomUserDetailsService
                - User found: sheshank123, Assigned Role: PASSENGER
2026-03-05 21:26:19 [user-Service,/] INFO  o.g.u.s.i.CustomUserDetailsService
                - User found: sheshank123, Assigned Role: PASSENGER
2026-03-05 21:26:19 [user-Service,/] INFO  o.g.usermgmt.resource.AuthController
                - Access from user-Service on port 9091 (instance: user-Service:dc8400099de718d1bc08a9692bb0da8c)
2026-03-05 21:27:16 [user-Service,/] INFO  o.g.u.s.i.CustomUserDetailsService
                - User found: sheshank123, Assigned Role: PASSENGER
2026-03-05 21:27:16 [user-Service,/] INFO  o.g.u.s.i.CustomUserDetailsService
                - User found: sheshank123, Assigned Role: PASSENGER
2026-03-05 21:27:16 [user-Service,/] INFO  o.g.usermgmt.resource.AuthController
                - Access from user-Service on port 9091 (instance: user-Service:dc8400099de718d1bc08a9692bb0da8c)
2026-03-05 21:29:58 [user-Service,/] INFO  c.n.d.s.r.aws.ConfigClusterResolver
                - Resolving eureka endpoints via configuration
2026-03-05 21:31:08 [user-Service,/] INFO  o.g.u.s.i.CustomUserDetailsService
                - User found: admin, Assigned Role: ADMIN
2026-03-05 21:31:09 [user-Service,/] INFO  o.g.u.s.i.CustomUserDetailsService
                - User found: admin, Assigned Role: ADMIN
2026-03-05 21:31:09 [user-Service,/] INFO  o.g.usermgmt.resource.AuthController
                - Access from user-Service on port 9091 (instance: user-Service:dc8400099de718d1bc08a9692bb0da8c)
2026-03-05 21:32:46 [user-Service,/] INFO  o.g.u.s.i.CustomUserDetailsService
                - User found: admin, Assigned Role: ADMIN
2026-03-05 21:32:47 [user-Service,/] INFO  o.g.u.s.i.CustomUserDetailsService
                - User found: admin, Assigned Role: ADMIN
2026-03-05 21:32:47 [user-Service,/] INFO  o.g.usermgmt.resource.AuthController
                - Access from user-Service on port 9091 (instance: user-Service:dc8400099de718d1bc08a9692bb0da8c)
2026-03-05 21:32:55 [user-Service,/] INFO  o.g.u.s.i.CustomUserDetailsService
                - User found: admin, Assigned Role: ADMIN
2026-03-05 21:32:55 [user-Service,/] INFO  org.genc.usermgmt.util.JwtUtil
                - isTokenExpired false 
2026-03-05 21:32:55 [user-Service,/] DEBUG o.g.u.filter.JwtAuthenticationFilter
                - Authenticated user: admin for request: /api/v1/userservice/users
2026-03-05 21:32:55 [user-Service,/] WARN  o.g.u.s.CustomAccessDeniedHandler
                - Access denied for user admin: Access Denied
2026-03-05 21:32:55 [user-Service,/] INFO  o.g.u.s.i.CustomUserDetailsService
                - User found: admin, Assigned Role: ADMIN
2026-03-05 21:32:55 [user-Service,/] INFO  org.genc.usermgmt.util.JwtUtil
                - isTokenExpired false 
2026-03-05 21:32:55 [user-Service,/] DEBUG o.g.u.filter.JwtAuthenticationFilter
                - Authenticated user: admin for request: /api/v1/userservice/users
2026-03-05 21:32:55 [user-Service,/] WARN  o.g.u.s.CustomAccessDeniedHandler
                - Access denied for user admin: Access Denied
2026-03-05 21:33:31 [user-Service,/] INFO  o.g.u.s.i.CustomUserDetailsService
                - User found: admin, Assigned Role: ADMIN
2026-03-05 21:33:31 [user-Service,/] INFO  org.genc.usermgmt.util.JwtUtil
                - isTokenExpired false 
2026-03-05 21:33:31 [user-Service,/] DEBUG o.g.u.filter.JwtAuthenticationFilter
                - Authenticated user: admin for request: /api/v1/userservice/admin/settings/1
2026-03-05 21:33:34 [user-Service,/] INFO  o.g.u.s.i.CustomUserDetailsService
                - User found: admin, Assigned Role: ADMIN
2026-03-05 21:33:34 [user-Service,/] INFO  org.genc.usermgmt.util.JwtUtil
                - isTokenExpired false 
2026-03-05 21:33:34 [user-Service,/] DEBUG o.g.u.filter.JwtAuthenticationFilter
                - Authenticated user: admin for request: /api/v1/userservice/users
2026-03-05 21:33:34 [user-Service,/] WARN  o.g.u.s.CustomAccessDeniedHandler
                - Access denied for user admin: Access Denied
2026-03-05 21:34:43 [user-Service,/] INFO  o.g.u.s.i.CustomUserDetailsService
                - User found: sheshank123, Assigned Role: PASSENGER
2026-03-05 21:34:43 [user-Service,/] INFO  o.g.u.s.i.CustomUserDetailsService
                - User found: sheshank123, Assigned Role: PASSENGER
2026-03-05 21:34:43 [user-Service,/] INFO  o.g.usermgmt.resource.AuthController
                - Access from user-Service on port 9091 (instance: user-Service:dc8400099de718d1bc08a9692bb0da8c)
2026-03-05 21:34:55 [user-Service,/] INFO  o.g.u.s.i.CustomUserDetailsService
                - User found: admin, Assigned Role: ADMIN
2026-03-05 21:34:55 [user-Service,/] INFO  org.genc.usermgmt.util.JwtUtil
                - isTokenExpired false 
2026-03-05 21:34:55 [user-Service,/] DEBUG o.g.u.filter.JwtAuthenticationFilter
                - Authenticated user: admin for request: /api/v1/userservice/users
2026-03-05 21:34:55 [user-Service,/] WARN  o.g.u.s.CustomAccessDeniedHandler
                - Access denied for user admin: Access Denied
2026-03-05 21:34:55 [user-Service,/] INFO  o.g.u.s.i.CustomUserDetailsService
                - User found: admin, Assigned Role: ADMIN
2026-03-05 21:34:55 [user-Service,/] INFO  org.genc.usermgmt.util.JwtUtil
                - isTokenExpired false 
2026-03-05 21:34:55 [user-Service,/] DEBUG o.g.u.filter.JwtAuthenticationFilter
                - Authenticated user: admin for request: /api/v1/userservice/admin/settings/1
2026-03-05 21:34:58 [user-Service,/] INFO  c.n.d.s.r.aws.ConfigClusterResolver
                - Resolving eureka endpoints via configuration
2026-03-05 21:35:08 [user-Service,/] INFO  o.g.u.s.i.CustomUserDetailsService
                - User found: sheshank123, Assigned Role: PASSENGER
2026-03-05 21:35:08 [user-Service,/] INFO  org.genc.usermgmt.util.JwtUtil
                - isTokenExpired false 
2026-03-05 21:35:08 [user-Service,/] DEBUG o.g.u.filter.JwtAuthenticationFilter
                - Authenticated user: sheshank123 for request: /api/v1/userservice/users/3
2026-03-05 21:35:08 [user-Service,/] WARN  o.g.u.s.CustomAccessDeniedHandler
                - Access denied for user sheshank123: Access Denied
2026-03-05 21:35:08 [user-Service,/] INFO  o.g.u.s.i.CustomUserDetailsService
                - User found: sheshank123, Assigned Role: PASSENGER
2026-03-05 21:35:08 [user-Service,/] INFO  org.genc.usermgmt.util.JwtUtil
                - isTokenExpired false 
2026-03-05 21:35:08 [user-Service,/] DEBUG o.g.u.filter.JwtAuthenticationFilter
                - Authenticated user: sheshank123 for request: /api/v1/userservice/users/3
2026-03-05 21:35:08 [user-Service,/] WARN  o.g.u.s.CustomAccessDeniedHandler
                - Access denied for user sheshank123: Access Denied
2026-03-05 21:35:39 [user-Service,/] INFO  o.g.u.s.i.CustomUserDetailsService
                - User found: sheshank123, Assigned Role: PASSENGER
2026-03-05 21:35:39 [user-Service,/] INFO  org.genc.usermgmt.util.JwtUtil
                - isTokenExpired false 
2026-03-05 21:35:39 [user-Service,/] DEBUG o.g.u.filter.JwtAuthenticationFilter
                - Authenticated user: sheshank123 for request: /api/v1/userservice/users/3
2026-03-05 21:35:39 [user-Service,/] WARN  o.g.u.s.CustomAccessDeniedHandler
                - Access denied for user sheshank123: Access Denied
2026-03-05 21:35:39 [user-Service,/] INFO  o.g.u.s.i.CustomUserDetailsService
                - User found: sheshank123, Assigned Role: PASSENGER
2026-03-05 21:35:39 [user-Service,/] INFO  org.genc.usermgmt.util.JwtUtil
                - isTokenExpired false 
2026-03-05 21:35:39 [user-Service,/] DEBUG o.g.u.filter.JwtAuthenticationFilter
                - Authenticated user: sheshank123 for request: /api/v1/userservice/users/3
2026-03-05 21:35:39 [user-Service,/] WARN  o.g.u.s.CustomAccessDeniedHandler
                - Access denied for user sheshank123: Access Denied
2026-03-05 21:35:47 [user-Service,/] INFO  o.g.u.s.i.CustomUserDetailsService
                - User found: sheshank123, Assigned Role: PASSENGER
2026-03-05 21:35:47 [user-Service,/] INFO  org.genc.usermgmt.util.JwtUtil
                - isTokenExpired false 
2026-03-05 21:35:47 [user-Service,/] DEBUG o.g.u.filter.JwtAuthenticationFilter
                - Authenticated user: sheshank123 for request: /api/v1/userservice/users/3
2026-03-05 21:35:47 [user-Service,/] WARN  o.g.u.s.CustomAccessDeniedHandler
                - Access denied for user sheshank123: Access Denied
2026-03-05 21:35:47 [user-Service,/] INFO  o.g.u.s.i.CustomUserDetailsService
                - User found: sheshank123, Assigned Role: PASSENGER
2026-03-05 21:35:47 [user-Service,/] INFO  org.genc.usermgmt.util.JwtUtil
                - isTokenExpired false 
2026-03-05 21:35:47 [user-Service,/] DEBUG o.g.u.filter.JwtAuthenticationFilter
                - Authenticated user: sheshank123 for request: /api/v1/userservice/users/3
2026-03-05 21:35:47 [user-Service,/] WARN  o.g.u.s.CustomAccessDeniedHandler
                - Access denied for user sheshank123: Access Denied
2026-03-05 21:36:10 [user-Service,/] INFO  o.g.u.s.i.CustomUserDetailsService
                - User found: sheshank123, Assigned Role: PASSENGER
2026-03-05 21:36:10 [user-Service,/] INFO  org.genc.usermgmt.util.JwtUtil
                - isTokenExpired false 
2026-03-05 21:36:10 [user-Service,/] DEBUG o.g.u.filter.JwtAuthenticationFilter
                - Authenticated user: sheshank123 for request: /api/v1/userservice/users/3
2026-03-05 21:36:10 [user-Service,/] WARN  o.g.u.s.CustomAccessDeniedHandler
                - Access denied for user sheshank123: Access Denied
2026-03-05 21:36:10 [user-Service,/] INFO  o.g.u.s.i.CustomUserDetailsService
                - User found: sheshank123, Assigned Role: PASSENGER
2026-03-05 21:36:10 [user-Service,/] INFO  org.genc.usermgmt.util.JwtUtil
                - isTokenExpired false 
2026-03-05 21:36:10 [user-Service,/] DEBUG o.g.u.filter.JwtAuthenticationFilter
                - Authenticated user: sheshank123 for request: /api/v1/userservice/users/3
2026-03-05 21:36:10 [user-Service,/] WARN  o.g.u.s.CustomAccessDeniedHandler
                - Access denied for user sheshank123: Access Denied
2026-03-05 21:38:47 [user-Service,/] INFO  o.g.u.s.i.CustomUserDetailsService
                - User found: sheshank123, Assigned Role: PASSENGER
2026-03-05 21:38:47 [user-Service,/] INFO  org.genc.usermgmt.util.JwtUtil
                - isTokenExpired false 
2026-03-05 21:38:47 [user-Service,/] DEBUG o.g.u.filter.JwtAuthenticationFilter
                - Authenticated user: sheshank123 for request: /api/v1/userservice/users/3
2026-03-05 21:38:47 [user-Service,/] WARN  o.g.u.s.CustomAccessDeniedHandler
                - Access denied for user sheshank123: Access Denied
2026-03-05 21:38:47 [user-Service,/] INFO  o.g.u.s.i.CustomUserDetailsService
                - User found: sheshank123, Assigned Role: PASSENGER
2026-03-05 21:38:47 [user-Service,/] INFO  org.genc.usermgmt.util.JwtUtil
                - isTokenExpired false 
2026-03-05 21:38:47 [user-Service,/] DEBUG o.g.u.filter.JwtAuthenticationFilter
                - Authenticated user: sheshank123 for request: /api/v1/userservice/users/3
2026-03-05 21:38:47 [user-Service,/] WARN  o.g.u.s.CustomAccessDeniedHandler
                - Access denied for user sheshank123: Access Denied
2026-03-05 21:39:59 [user-Service,/] INFO  c.n.d.s.r.aws.ConfigClusterResolver
                - Resolving eureka endpoints via configuration
2026-03-05 21:44:59 [user-Service,/] INFO  c.n.d.s.r.aws.ConfigClusterResolver
                - Resolving eureka endpoints via configuration
2026-03-05 21:45:19 [user-Service,/] INFO  o.g.u.s.i.CustomUserDetailsService
                - User found: sheshank123, Assigned Role: PASSENGER
2026-03-05 21:45:19 [user-Service,/] INFO  org.genc.usermgmt.util.JwtUtil
                - isTokenExpired false 
2026-03-05 21:45:19 [user-Service,/] DEBUG o.g.u.filter.JwtAuthenticationFilter
                - Authenticated user: sheshank123 for request: /api/v1/userservice/users/3
2026-03-05 21:45:19 [user-Service,/] WARN  o.g.u.s.CustomAccessDeniedHandler
                - Access denied for user sheshank123: Access Denied
2026-03-05 21:45:19 [user-Service,/] INFO  o.g.u.s.i.CustomUserDetailsService
                - User found: sheshank123, Assigned Role: PASSENGER
2026-03-05 21:45:19 [user-Service,/] INFO  org.genc.usermgmt.util.JwtUtil
                - isTokenExpired false 
2026-03-05 21:45:19 [user-Service,/] DEBUG o.g.u.filter.JwtAuthenticationFilter
                - Authenticated user: sheshank123 for request: /api/v1/userservice/users/3
2026-03-05 21:45:19 [user-Service,/] WARN  o.g.u.s.CustomAccessDeniedHandler
                - Access denied for user sheshank123: Access Denied
2026-03-05 21:46:11 [user-Service,/] INFO  o.g.u.s.i.CustomUserDetailsService
                - User found: sheshank123, Assigned Role: PASSENGER
2026-03-05 21:46:11 [user-Service,/] INFO  org.genc.usermgmt.util.JwtUtil
                - isTokenExpired false 
2026-03-05 21:46:11 [user-Service,/] DEBUG o.g.u.filter.JwtAuthenticationFilter
                - Authenticated user: sheshank123 for request: /api/v1/userservice/users/3
2026-03-05 21:46:11 [user-Service,/] WARN  o.g.u.s.CustomAccessDeniedHandler
                - Access denied for user sheshank123: Access Denied
2026-03-05 21:46:11 [user-Service,/] INFO  o.g.u.s.i.CustomUserDetailsService
                - User found: sheshank123, Assigned Role: PASSENGER
2026-03-05 21:46:11 [user-Service,/] INFO  org.genc.usermgmt.util.JwtUtil
                - isTokenExpired false 
2026-03-05 21:46:11 [user-Service,/] DEBUG o.g.u.filter.JwtAuthenticationFilter
                - Authenticated user: sheshank123 for request: /api/v1/userservice/users/3
2026-03-05 21:46:11 [user-Service,/] WARN  o.g.u.s.CustomAccessDeniedHandler
                - Access denied for user sheshank123: Access Denied
2026-03-05 21:47:56 [user-Service,/] INFO  o.g.u.s.i.CustomUserDetailsService
                - User found: sheshank123, Assigned Role: PASSENGER
2026-03-05 21:47:56 [user-Service,/] INFO  org.genc.usermgmt.util.JwtUtil
                - isTokenExpired false 
2026-03-05 21:47:56 [user-Service,/] DEBUG o.g.u.filter.JwtAuthenticationFilter
                - Authenticated user: sheshank123 for request: /api/v1/userservice/users/
2026-03-05 21:47:56 [user-Service,/] WARN  o.g.u.s.CustomAccessDeniedHandler
                - Access denied for user sheshank123: Access Denied
2026-03-05 21:48:22 [user-Service,/] INFO  o.g.u.s.i.CustomUserDetailsService
                - User found: sheshank123, Assigned Role: PASSENGER
2026-03-05 21:48:22 [user-Service,/] INFO  org.genc.usermgmt.util.JwtUtil
                - isTokenExpired false 
2026-03-05 21:48:22 [user-Service,/] DEBUG o.g.u.filter.JwtAuthenticationFilter
                - Authenticated user: sheshank123 for request: /api/v1/userservice/users/
2026-03-05 21:48:22 [user-Service,/] WARN  o.g.u.s.CustomAccessDeniedHandler
                - Access denied for user sheshank123: Access Denied
2026-03-05 21:49:59 [user-Service,/] INFO  c.n.d.s.r.aws.ConfigClusterResolver
                - Resolving eureka endpoints via configuration
2026-03-05 21:54:59 [user-Service,/] INFO  c.n.d.s.r.aws.ConfigClusterResolver
                - Resolving eureka endpoints via configuration
2026-03-05 21:59:59 [user-Service,/] INFO  c.n.d.s.r.aws.ConfigClusterResolver
                - Resolving eureka endpoints via configuration
2026-03-05 22:04:59 [user-Service,/] INFO  c.n.d.s.r.aws.ConfigClusterResolver
                - Resolving eureka endpoints via configuration
2026-03-05 22:09:59 [user-Service,/] INFO  c.n.d.s.r.aws.ConfigClusterResolver
                - Resolving eureka endpoints via configuration
2026-03-05 22:11:40 [user-Service,/] INFO  o.s.c.n.e.s.EurekaServiceRegistry
                - Unregistering application USER-SERVICE with eureka with status DOWN
2026-03-05 22:11:40 [user-Service,/] INFO  c.netflix.discovery.DiscoveryClient
                - Saw local status change event StatusChangeEvent [timestamp=1772728900395, current=DOWN, previous=UP]
2026-03-05 22:11:40 [user-Service,/] INFO  c.netflix.discovery.DiscoveryClient
                - DiscoveryClient_USER-SERVICE/user-Service:1fad7bd6b1fa99a2c22ad321a6ea6776: registering service...
2026-03-05 22:11:40 [user-Service,/] INFO  c.netflix.discovery.DiscoveryClient
                - DiscoveryClient_USER-SERVICE/user-Service:1fad7bd6b1fa99a2c22ad321a6ea6776 - registration status: 204
2026-03-05 22:11:40 [user-Service,/] INFO  o.s.b.w.e.tomcat.GracefulShutdown
                - Commencing graceful shutdown. Waiting for active requests to complete
2026-03-05 22:11:40 [user-Service,/] INFO  o.s.b.w.e.tomcat.GracefulShutdown
                - Graceful shutdown complete
2026-03-05 22:11:40 [user-Service,/] INFO  o.s.b.w.e.tomcat.GracefulShutdown
                - Commencing graceful shutdown. Waiting for active requests to complete
2026-03-05 22:11:40 [user-Service,/] INFO  o.s.b.w.e.tomcat.GracefulShutdown
                - Graceful shutdown complete
2026-03-05 22:11:40 [user-Service,/] INFO  o.s.o.j.LocalContainerEntityManagerFactoryBean
                - Closing JPA EntityManagerFactory for persistence unit 'default'
2026-03-05 22:11:40 [user-Service,/] INFO  com.zaxxer.hikari.HikariDataSource
                - HikariPool-1 - Shutdown initiated...
2026-03-05 22:11:40 [user-Service,/] INFO  com.zaxxer.hikari.HikariDataSource
                - HikariPool-1 - Shutdown completed.
2026-03-05 22:11:40 [user-Service,/] INFO  c.netflix.discovery.DiscoveryClient
                - Shutting down DiscoveryClient ...
2026-03-05 22:11:43 [user-Service,/] INFO  c.netflix.discovery.DiscoveryClient
                - Unregistering ...
2026-03-05 22:11:43 [user-Service,/] INFO  c.netflix.discovery.DiscoveryClient
                - DiscoveryClient_USER-SERVICE/user-Service:1fad7bd6b1fa99a2c22ad321a6ea6776 - deregister  status: 200
2026-03-05 22:11:43 [user-Service,/] INFO  c.netflix.discovery.DiscoveryClient
                - Completed shut down of DiscoveryClient
2026-03-05 22:19:08 [user-Service,/] INFO  o.g.u.UserManagementServiceApplication
                - Starting UserManagementServiceApplication using Java 25 with PID 24760 (C:\cruisemate\cruisemate-registration\cruisemate-registration\target\classes started by 2464280 in C:\cruisemate\cruisemate-registration\cruisemate-registration)
2026-03-05 22:19:08 [user-Service,/] DEBUG o.g.u.UserManagementServiceApplication
                - Running with Spring Boot v3.5.6, Spring v6.2.11
2026-03-05 22:19:08 [user-Service,/] INFO  o.g.u.UserManagementServiceApplication
                - The following 1 profile is active: "genc"
2026-03-05 22:19:11 [user-Service,/] INFO  o.s.d.r.c.RepositoryConfigurationDelegate
                - Bootstrapping Spring Data JPA repositories in DEFAULT mode.
2026-03-05 22:19:11 [user-Service,/] INFO  o.s.d.r.c.RepositoryConfigurationDelegate
                - Finished Spring Data repository scanning in 249 ms. Found 2 JPA repository interfaces.
2026-03-05 22:19:11 [user-Service,/] INFO  o.s.cloud.context.scope.GenericScope
                - BeanFactory id=1b5ff9c5-c5c3-30ed-b0bb-5f8cca8ce864
2026-03-05 22:19:12 [user-Service,/] INFO  o.s.b.w.e.tomcat.TomcatWebServer
                - Tomcat initialized with port 9091 (http)
2026-03-05 22:19:12 [user-Service,/] INFO  o.a.catalina.core.StandardService
                - Starting service [Tomcat]
2026-03-05 22:19:12 [user-Service,/] INFO  o.a.catalina.core.StandardEngine
                - Starting Servlet engine: [Apache Tomcat/10.1.46]
2026-03-05 22:19:12 [user-Service,/] INFO  o.a.c.c.C.[Tomcat].[localhost].[/]
                - Initializing Spring embedded WebApplicationContext
2026-03-05 22:19:12 [user-Service,/] INFO  o.s.b.w.s.c.ServletWebServerApplicationContext
                - Root WebApplicationContext: initialization completed in 3641 ms
2026-03-05 22:19:12 [user-Service,/] INFO  o.h.jpa.internal.util.LogHelper
                - HHH000204: Processing PersistenceUnitInfo [name: default]
2026-03-05 22:19:13 [user-Service,/] INFO  org.hibernate.Version
                - HHH000412: Hibernate ORM core version 6.6.29.Final
2026-03-05 22:19:13 [user-Service,/] INFO  o.h.c.i.RegionFactoryInitiator
                - HHH000026: Second-level cache disabled
2026-03-05 22:19:13 [user-Service,/] INFO  o.s.o.j.p.SpringPersistenceUnitInfo
                - No LoadTimeWeaver setup: ignoring JPA class transformer
2026-03-05 22:19:13 [user-Service,/] INFO  com.zaxxer.hikari.HikariDataSource
                - HikariPool-1 - Starting...
2026-03-05 22:19:13 [user-Service,/] INFO  com.zaxxer.hikari.pool.HikariPool
                - HikariPool-1 - Added connection com.mysql.cj.jdbc.ConnectionImpl@53551fef
2026-03-05 22:19:13 [user-Service,/] INFO  com.zaxxer.hikari.HikariDataSource
                - HikariPool-1 - Start completed.
2026-03-05 22:19:13 [user-Service,/] WARN  org.hibernate.orm.deprecation
                - HHH90000025: MySQLDialect does not need to be specified explicitly using 'hibernate.dialect' (remove the property setting and it will be selected by default)
2026-03-05 22:19:14 [user-Service,/] INFO  o.hibernate.orm.connections.pooling
                - HHH10001005: Database info:
	Database JDBC URL [Connecting through datasource 'HikariDataSource (HikariPool-1)']
	Database driver: undefined/unknown
	Database version: 8.0.44
	Autocommit mode: undefined/unknown
	Isolation level: undefined/unknown
	Minimum pool size: undefined/unknown
	Maximum pool size: undefined/unknown
2026-03-05 22:19:15 [user-Service,/] INFO  o.h.e.t.j.p.i.JtaPlatformInitiator
                - HHH000489: No JTA platform available (set 'hibernate.transaction.jta.platform' to enable JTA platform integration)
2026-03-05 22:19:15 [user-Service,/] INFO  o.s.o.j.LocalContainerEntityManagerFactoryBean
                - Initialized JPA EntityManagerFactory for persistence unit 'default'
2026-03-05 22:19:15 [user-Service,/] DEBUG o.g.u.filter.JwtAuthenticationFilter
                - Filter 'jwtAuthenticationFilter' configured for use
2026-03-05 22:19:15 [user-Service,/] INFO  o.s.s.c.a.a.c.InitializeUserDetailsBeanManagerConfigurer$InitializeUserDetailsManagerConfigurer
                - Global AuthenticationManager configured with UserDetailsService bean with name customUserDetailsService
2026-03-05 22:19:16 [user-Service,/] WARN  o.s.b.a.o.j.JpaBaseConfiguration$JpaWebConfiguration
                - spring.jpa.open-in-view is enabled by default. Therefore, database queries may be performed during view rendering. Explicitly configure spring.jpa.open-in-view to disable this warning
2026-03-05 22:19:17 [user-Service,/] INFO  o.s.c.n.e.c.DiscoveryClientOptionalArgsConfiguration
                - Eureka HTTP Client uses RestTemplate.
2026-03-05 22:19:17 [user-Service,/] WARN  o.s.c.l.c.LoadBalancerCacheAutoConfiguration$LoadBalancerCaffeineWarnLogger
                - Spring Cloud LoadBalancer is currently working with the default cache. While this cache implementation is useful for development and tests, it's recommended to use Caffeine cache in production.You can switch to using Caffeine cache, by adding it and org.springframework.cache.caffeine.CaffeineCacheManager to the classpath.
2026-03-05 22:19:17 [user-Service,/] INFO  o.s.c.n.eureka.InstanceInfoFactory
                - Setting initial instance status as: STARTING
2026-03-05 22:19:17 [user-Service,/] INFO  c.netflix.discovery.DiscoveryClient
                - Initializing Eureka in region us-east-1
2026-03-05 22:19:17 [user-Service,/] INFO  c.n.d.s.r.aws.ConfigClusterResolver
                - Resolving eureka endpoints via configuration
2026-03-05 22:19:17 [user-Service,/] INFO  c.netflix.discovery.DiscoveryClient
                - Disable delta property : false
2026-03-05 22:19:17 [user-Service,/] INFO  c.netflix.discovery.DiscoveryClient
                - Single vip registry refresh property : null
2026-03-05 22:19:17 [user-Service,/] INFO  c.netflix.discovery.DiscoveryClient
                - Force full registry fetch : false
2026-03-05 22:19:17 [user-Service,/] INFO  c.netflix.discovery.DiscoveryClient
                - Application is null : false
2026-03-05 22:19:17 [user-Service,/] INFO  c.netflix.discovery.DiscoveryClient
                - Registered Applications size is zero : true
2026-03-05 22:19:17 [user-Service,/] INFO  c.netflix.discovery.DiscoveryClient
                - Application version is -1: true
2026-03-05 22:19:17 [user-Service,/] INFO  c.netflix.discovery.DiscoveryClient
                - Getting all instance registry info from the eureka server
2026-03-05 22:19:17 [user-Service,/] INFO  c.netflix.discovery.DiscoveryClient
                - The response status is 200
2026-03-05 22:19:17 [user-Service,/] INFO  c.netflix.discovery.DiscoveryClient
                - Starting heartbeat executor: renew interval is: 30
2026-03-05 22:19:17 [user-Service,/] INFO  c.n.discovery.InstanceInfoReplicator
                - InstanceInfoReplicator onDemand update allowed rate per min is 4
2026-03-05 22:19:17 [user-Service,/] INFO  c.netflix.discovery.DiscoveryClient
                - Discovery Client initialized at timestamp 1772729357684 with initial instances count: 5
2026-03-05 22:19:17 [user-Service,/] INFO  o.s.c.n.e.s.EurekaServiceRegistry
                - Registering application USER-SERVICE with eureka with status UP
2026-03-05 22:19:17 [user-Service,/] INFO  c.netflix.discovery.DiscoveryClient
                - Saw local status change event StatusChangeEvent [timestamp=1772729357691, current=UP, previous=STARTING]
2026-03-05 22:19:17 [user-Service,/] INFO  c.netflix.discovery.DiscoveryClient
                - DiscoveryClient_USER-SERVICE/user-Service:4932358ab2f2d940e6d08ed9370b94ee: registering service...
2026-03-05 22:19:17 [user-Service,/] INFO  o.s.b.w.e.tomcat.TomcatWebServer
                - Tomcat started on port 9091 (http) with context path '/'
2026-03-05 22:19:17 [user-Service,/] INFO  o.s.c.n.e.s.EurekaAutoServiceRegistration
                - Updating port to 9091
2026-03-05 22:19:17 [user-Service,/] INFO  c.netflix.discovery.DiscoveryClient
                - DiscoveryClient_USER-SERVICE/user-Service:4932358ab2f2d940e6d08ed9370b94ee - registration status: 204
2026-03-05 22:19:17 [user-Service,/] INFO  o.s.b.w.e.tomcat.TomcatWebServer
                - Tomcat initialized with port 8090 (http)
2026-03-05 22:19:17 [user-Service,/] INFO  o.a.catalina.core.StandardService
                - Starting service [Tomcat]
2026-03-05 22:19:17 [user-Service,/] INFO  o.a.catalina.core.StandardEngine
                - Starting Servlet engine: [Apache Tomcat/10.1.46]
2026-03-05 22:19:17 [user-Service,/] INFO  o.a.c.c.C.[Tomcat-1].[localhost].[/]
                - Initializing Spring embedded WebApplicationContext
2026-03-05 22:19:17 [user-Service,/] INFO  o.s.b.w.s.c.ServletWebServerApplicationContext
                - Root WebApplicationContext: initialization completed in 138 ms
2026-03-05 22:19:17 [user-Service,/] INFO  o.s.b.a.e.web.EndpointLinksResolver
                - Exposing 17 endpoints beneath base path '/actuator'
2026-03-05 22:19:17 [user-Service,/] INFO  o.s.b.w.e.tomcat.TomcatWebServer
                - Tomcat started on port 8090 (http) with context path '/'
2026-03-05 22:19:17 [user-Service,/] INFO  o.g.u.UserManagementServiceApplication
                - Started UserManagementServiceApplication in 10.341 seconds (process running for 11.313)
2026-03-05 22:19:18 [user-Service,/] INFO  o.g.u.UserManagementServiceApplication
                - UserManagementServiceApplication booted up and running
2026-03-05 22:19:54 [user-Service,/] INFO  o.a.c.c.C.[Tomcat].[localhost].[/]
                - Initializing Spring DispatcherServlet 'dispatcherServlet'
2026-03-05 22:19:54 [user-Service,/] INFO  o.s.web.servlet.DispatcherServlet
                - Initializing Servlet 'dispatcherServlet'
2026-03-05 22:19:54 [user-Service,/] INFO  o.s.web.servlet.DispatcherServlet
                - Completed initialization in 3 ms
2026-03-05 22:19:54 [user-Service,/] INFO  o.g.u.s.i.CustomUserDetailsService
                - User found: sheshank123, Assigned Role: PASSENGER
2026-03-05 22:19:55 [user-Service,/] INFO  o.g.u.s.i.CustomUserDetailsService
                - User found: sheshank123, Assigned Role: PASSENGER
2026-03-05 22:19:55 [user-Service,/] INFO  o.g.usermgmt.resource.AuthController
                - Access from user-Service on port 9091 (instance: user-Service:c1bc40384d6d1727900ee811bfeb64fd)
2026-03-05 22:19:58 [user-Service,/] INFO  o.g.u.s.i.CustomUserDetailsService
                - User found: sheshank123, Assigned Role: PASSENGER
2026-03-05 22:19:58 [user-Service,/] INFO  org.genc.usermgmt.util.JwtUtil
                - isTokenExpired false 
2026-03-05 22:19:58 [user-Service,/] DEBUG o.g.u.filter.JwtAuthenticationFilter
                - Authenticated user: sheshank123 for request: /api/v1/userservice/users/3
2026-03-05 22:19:58 [user-Service,/] INFO  o.g.u.s.i.CustomUserDetailsService
                - User found: sheshank123, Assigned Role: PASSENGER
2026-03-05 22:19:58 [user-Service,/] INFO  org.genc.usermgmt.util.JwtUtil
                - isTokenExpired false 
2026-03-05 22:19:58 [user-Service,/] DEBUG o.g.u.filter.JwtAuthenticationFilter
                - Authenticated user: sheshank123 for request: /api/v1/userservice/users/3
2026-03-05 22:22:11 [user-Service,/] INFO  o.g.u.s.i.CustomUserDetailsService
                - User found: sheshank123, Assigned Role: PASSENGER
2026-03-05 22:22:11 [user-Service,/] INFO  org.genc.usermgmt.util.JwtUtil
                - isTokenExpired false 
2026-03-05 22:22:11 [user-Service,/] DEBUG o.g.u.filter.JwtAuthenticationFilter
                - Authenticated user: sheshank123 for request: /api/v1/userservice/users/3
2026-03-05 22:22:11 [user-Service,/] INFO  o.g.u.s.impl.UserMgmtServiceImpl
                - User updated successfully: sheshank123
2026-03-05 22:22:11 [user-Service,/] INFO  o.g.usermgmt.resource.UserController
                - User 3 updated successfully
2026-03-05 22:23:39 [user-Service,/] INFO  o.g.u.s.i.CustomUserDetailsService
                - User found: sheshank123, Assigned Role: PASSENGER
2026-03-05 22:23:39 [user-Service,/] INFO  org.genc.usermgmt.util.JwtUtil
                - isTokenExpired false 
2026-03-05 22:23:39 [user-Service,/] DEBUG o.g.u.filter.JwtAuthenticationFilter
                - Authenticated user: sheshank123 for request: /api/v1/userservice/users/3
2026-03-05 22:23:39 [user-Service,/] INFO  o.g.u.s.i.CustomUserDetailsService
                - User found: sheshank123, Assigned Role: PASSENGER
2026-03-05 22:23:39 [user-Service,/] INFO  org.genc.usermgmt.util.JwtUtil
                - isTokenExpired false 
2026-03-05 22:23:39 [user-Service,/] DEBUG o.g.u.filter.JwtAuthenticationFilter
                - Authenticated user: sheshank123 for request: /api/v1/userservice/users/3
2026-03-05 22:23:51 [user-Service,/] INFO  o.g.u.s.i.CustomUserDetailsService
                - User found: sheshank123, Assigned Role: PASSENGER
2026-03-05 22:23:52 [user-Service,/] INFO  o.g.u.s.i.CustomUserDetailsService
                - User found: sheshank123, Assigned Role: PASSENGER
2026-03-05 22:23:52 [user-Service,/] INFO  o.g.usermgmt.resource.AuthController
                - Access from user-Service on port 9091 (instance: user-Service:c1bc40384d6d1727900ee811bfeb64fd)
2026-03-05 22:24:05 [user-Service,/] INFO  o.g.u.s.i.CustomUserDetailsService
                - User found: sheshank123, Assigned Role: PASSENGER
2026-03-05 22:24:05 [user-Service,/] ERROR o.g.usermgmt.resource.AuthController
                - Invalid credentials: Bad credentials
2026-03-05 22:24:17 [user-Service,/] INFO  c.n.d.s.r.aws.ConfigClusterResolver
                - Resolving eureka endpoints via configuration
2026-03-05 22:24:25 [user-Service,/] INFO  o.g.u.s.i.CustomUserDetailsService
                - User found: sheshank123, Assigned Role: PASSENGER
2026-03-05 22:24:25 [user-Service,/] INFO  o.g.u.s.i.CustomUserDetailsService
                - User found: sheshank123, Assigned Role: PASSENGER
2026-03-05 22:24:25 [user-Service,/] INFO  o.g.usermgmt.resource.AuthController
                - Access from user-Service on port 9091 (instance: user-Service:c1bc40384d6d1727900ee811bfeb64fd)
2026-03-05 22:24:49 [user-Service,/] INFO  o.g.u.s.i.CustomUserDetailsService
                - User found: sheshank123, Assigned Role: PASSENGER
2026-03-05 22:24:49 [user-Service,/] INFO  org.genc.usermgmt.util.JwtUtil
                - isTokenExpired false 
2026-03-05 22:24:49 [user-Service,/] DEBUG o.g.u.filter.JwtAuthenticationFilter
                - Authenticated user: sheshank123 for request: /api/v1/userservice/users/3
2026-03-05 22:24:49 [user-Service,/] INFO  o.g.u.s.i.CustomUserDetailsService
                - User found: sheshank123, Assigned Role: PASSENGER
2026-03-05 22:24:49 [user-Service,/] INFO  org.genc.usermgmt.util.JwtUtil
                - isTokenExpired false 
2026-03-05 22:24:49 [user-Service,/] DEBUG o.g.u.filter.JwtAuthenticationFilter
                - Authenticated user: sheshank123 for request: /api/v1/userservice/users/3
2026-03-05 22:26:26 [user-Service,/] INFO  o.g.u.s.i.CustomUserDetailsService
                - User found: sheshank123, Assigned Role: PASSENGER
2026-03-05 22:26:26 [user-Service,/] INFO  org.genc.usermgmt.util.JwtUtil
                - isTokenExpired false 
2026-03-05 22:26:26 [user-Service,/] DEBUG o.g.u.filter.JwtAuthenticationFilter
                - Authenticated user: sheshank123 for request: /api/v1/userservice/users/3
2026-03-05 22:26:26 [user-Service,/] INFO  o.g.u.s.impl.UserMgmtServiceImpl
                - User updated successfully: sheshank123
2026-03-05 22:26:26 [user-Service,/] INFO  o.g.usermgmt.resource.UserController
                - User 3 updated successfully
2026-03-05 22:26:46 [user-Service,/] INFO  o.g.u.s.i.CustomUserDetailsService
                - User found: sheshank123, Assigned Role: PASSENGER
2026-03-05 22:26:46 [user-Service,/] INFO  org.genc.usermgmt.util.JwtUtil
                - isTokenExpired false 
2026-03-05 22:26:46 [user-Service,/] DEBUG o.g.u.filter.JwtAuthenticationFilter
                - Authenticated user: sheshank123 for request: /api/v1/userservice/users/3
2026-03-05 22:26:46 [user-Service,/] INFO  o.g.u.s.impl.UserMgmtServiceImpl
                - User updated successfully: sheshank123
2026-03-05 22:26:46 [user-Service,/] INFO  o.g.usermgmt.resource.UserController
                - User 3 updated successfully
2026-03-05 22:27:05 [user-Service,/] INFO  o.g.u.s.i.CustomUserDetailsService
                - User found: sheshank123, Assigned Role: PASSENGER
2026-03-05 22:27:05 [user-Service,/] ERROR o.g.usermgmt.resource.AuthController
                - Invalid credentials: Bad credentials
2026-03-05 22:29:17 [user-Service,/] INFO  c.n.d.s.r.aws.ConfigClusterResolver
                - Resolving eureka endpoints via configuration
2026-03-05 22:34:17 [user-Service,/] INFO  c.n.d.s.r.aws.ConfigClusterResolver
                - Resolving eureka endpoints via configuration
2026-03-05 22:39:17 [user-Service,/] INFO  c.n.d.s.r.aws.ConfigClusterResolver
                - Resolving eureka endpoints via configuration
2026-03-05 22:44:17 [user-Service,/] INFO  c.n.d.s.r.aws.ConfigClusterResolver
                - Resolving eureka endpoints via configuration
2026-03-05 22:49:17 [user-Service,/] INFO  c.n.d.s.r.aws.ConfigClusterResolver
                - Resolving eureka endpoints via configuration
