2026-02-11 09:38:42 [userService,/] INFO  o.g.u.UserManagementServiceApplication
                - Starting UserManagementServiceApplication using Java 25 with PID 8184 (C:\Users\2464280\gencWorkspaces\practiceWorkspace\usermanagementservice\target\classes started by 2464280 in C:\Users\2464280\gencWorkspaces\practiceWorkspace\usermanagementservice)
2026-02-11 09:38:42 [userService,/] DEBUG o.g.u.UserManagementServiceApplication
                - Running with Spring Boot v3.5.6, Spring v6.2.11
2026-02-11 09:38:42 [userService,/] INFO  o.g.u.UserManagementServiceApplication
                - The following 1 profile is active: "genc"
2026-02-11 09:38:43 [userService,/] INFO  o.s.d.r.c.RepositoryConfigurationDelegate
                - Bootstrapping Spring Data JPA repositories in DEFAULT mode.
2026-02-11 09:38:43 [userService,/] INFO  o.s.d.r.c.RepositoryConfigurationDelegate
                - Finished Spring Data repository scanning in 263 ms. Found 2 JPA repository interfaces.
2026-02-11 09:38:44 [userService,/] INFO  o.s.cloud.context.scope.GenericScope
                - BeanFactory id=1e8a737c-9911-3451-bb95-a35137ab880f
2026-02-11 09:38:44 [userService,/] INFO  o.s.b.w.e.tomcat.TomcatWebServer
                - Tomcat initialized with port 8086 (http)
2026-02-11 09:38:44 [userService,/] INFO  o.a.catalina.core.StandardService
                - Starting service [Tomcat]
2026-02-11 09:38:44 [userService,/] INFO  o.a.catalina.core.StandardEngine
                - Starting Servlet engine: [Apache Tomcat/10.1.46]
2026-02-11 09:38:44 [userService,/] INFO  o.a.c.c.C.[Tomcat].[localhost].[/]
                - Initializing Spring embedded WebApplicationContext
2026-02-11 09:38:44 [userService,/] INFO  o.s.b.w.s.c.ServletWebServerApplicationContext
                - Root WebApplicationContext: initialization completed in 2837 ms
2026-02-11 09:38:45 [userService,/] INFO  o.h.jpa.internal.util.LogHelper
                - HHH000204: Processing PersistenceUnitInfo [name: default]
2026-02-11 09:38:45 [userService,/] INFO  org.hibernate.Version
                - HHH000412: Hibernate ORM core version 6.6.29.Final
2026-02-11 09:38:45 [userService,/] INFO  o.h.c.i.RegionFactoryInitiator
                - HHH000026: Second-level cache disabled
2026-02-11 09:38:45 [userService,/] INFO  o.s.o.j.p.SpringPersistenceUnitInfo
                - No LoadTimeWeaver setup: ignoring JPA class transformer
2026-02-11 09:38:45 [userService,/] INFO  com.zaxxer.hikari.HikariDataSource
                - HikariPool-1 - Starting...
2026-02-11 09:38:45 [userService,/] INFO  com.zaxxer.hikari.pool.HikariPool
                - HikariPool-1 - Added connection com.mysql.cj.jdbc.ConnectionImpl@a1a72d4
2026-02-11 09:38:45 [userService,/] INFO  com.zaxxer.hikari.HikariDataSource
                - HikariPool-1 - Start completed.
2026-02-11 09:38:46 [userService,/] WARN  org.hibernate.orm.deprecation
                - HHH90000025: MySQLDialect does not need to be specified explicitly using 'hibernate.dialect' (remove the property setting and it will be selected by default)
2026-02-11 09:38:46 [userService,/] INFO  o.hibernate.orm.connections.pooling
                - HHH10001005: Database info:
	Database JDBC URL [Connecting through datasource 'HikariDataSource (HikariPool-1)']
	Database driver: undefined/unknown
	Database version: 8.0.44
	Autocommit mode: undefined/unknown
	Isolation level: undefined/unknown
	Minimum pool size: undefined/unknown
	Maximum pool size: undefined/unknown
2026-02-11 09:38:47 [userService,/] INFO  o.h.e.t.j.p.i.JtaPlatformInitiator
                - HHH000489: No JTA platform available (set 'hibernate.transaction.jta.platform' to enable JTA platform integration)
2026-02-11 09:38:47 [userService,/] INFO  o.s.o.j.LocalContainerEntityManagerFactoryBean
                - Initialized JPA EntityManagerFactory for persistence unit 'default'
2026-02-11 09:38:47 [userService,/] DEBUG o.g.u.filter.JwtAuthenticationFilter
                - Filter 'jwtAuthenticationFilter' configured for use
2026-02-11 09:38:48 [userService,/] INFO  o.s.s.c.a.a.c.InitializeUserDetailsBeanManagerConfigurer$InitializeUserDetailsManagerConfigurer
                - Global AuthenticationManager configured with UserDetailsService bean with name customUserDetailsService
2026-02-11 09:38:48 [userService,/] WARN  o.s.b.a.o.j.JpaBaseConfiguration$JpaWebConfiguration
                - spring.jpa.open-in-view is enabled by default. Therefore, database queries may be performed during view rendering. Explicitly configure spring.jpa.open-in-view to disable this warning
2026-02-11 09:38:49 [userService,/] INFO  o.s.c.n.e.c.DiscoveryClientOptionalArgsConfiguration
                - Eureka HTTP Client uses RestTemplate.
2026-02-11 09:38:49 [userService,/] WARN  o.s.c.l.c.LoadBalancerCacheAutoConfiguration$LoadBalancerCaffeineWarnLogger
                - Spring Cloud LoadBalancer is currently working with the default cache. While this cache implementation is useful for development and tests, it's recommended to use Caffeine cache in production.You can switch to using Caffeine cache, by adding it and org.springframework.cache.caffeine.CaffeineCacheManager to the classpath.
2026-02-11 09:38:49 [userService,/] INFO  o.s.c.n.eureka.InstanceInfoFactory
                - Setting initial instance status as: STARTING
2026-02-11 09:38:49 [userService,/] INFO  c.netflix.discovery.DiscoveryClient
                - Initializing Eureka in region us-east-1
2026-02-11 09:38:49 [userService,/] INFO  c.n.d.s.r.aws.ConfigClusterResolver
                - Resolving eureka endpoints via configuration
2026-02-11 09:38:49 [userService,/] INFO  c.netflix.discovery.DiscoveryClient
                - Disable delta property : false
2026-02-11 09:38:49 [userService,/] INFO  c.netflix.discovery.DiscoveryClient
                - Single vip registry refresh property : null
2026-02-11 09:38:49 [userService,/] INFO  c.netflix.discovery.DiscoveryClient
                - Force full registry fetch : false
2026-02-11 09:38:49 [userService,/] INFO  c.netflix.discovery.DiscoveryClient
                - Application is null : false
2026-02-11 09:38:49 [userService,/] INFO  c.netflix.discovery.DiscoveryClient
                - Registered Applications size is zero : true
2026-02-11 09:38:49 [userService,/] INFO  c.netflix.discovery.DiscoveryClient
                - Application version is -1: true
2026-02-11 09:38:49 [userService,/] INFO  c.netflix.discovery.DiscoveryClient
                - Getting all instance registry info from the eureka server
2026-02-11 09:38:49 [userService,/] INFO  c.n.d.s.t.d.RedirectingEurekaHttpClient
                - Request execution error. endpoint=DefaultEndpoint{ serviceUrl='http://localhost:8761/eureka/}, exception=I/O error on GET request for "http://localhost:8761/eureka/apps/": Connect to http://localhost:8761 failed: Connection refused: getsockopt stacktrace=org.springframework.web.client.ResourceAccessException: I/O error on GET request for "http://localhost:8761/eureka/apps/": Connect to http://localhost:8761 failed: Connection refused: getsockopt
	at org.springframework.web.client.RestTemplate.createResourceAccessException(RestTemplate.java:926)
	at org.springframework.web.client.RestTemplate.doExecute(RestTemplate.java:906)
	at org.springframework.web.client.RestTemplate.execute(RestTemplate.java:841)
	at org.springframework.web.client.RestTemplate.exchange(RestTemplate.java:702)
	at org.springframework.cloud.netflix.eureka.http.RestTemplateEurekaHttpClient.getApplicationsInternal(RestTemplateEurekaHttpClient.java:174)
	at org.springframework.cloud.netflix.eureka.http.RestTemplateEurekaHttpClient.getApplications(RestTemplateEurekaHttpClient.java:162)
	at com.netflix.discovery.shared.transport.decorator.EurekaHttpClientDecorator$6.execute(EurekaHttpClientDecorator.java:137)
	at com.netflix.discovery.shared.transport.decorator.RedirectingEurekaHttpClient.executeOnNewServer(RedirectingEurekaHttpClient.java:121)
	at com.netflix.discovery.shared.transport.decorator.RedirectingEurekaHttpClient.execute(RedirectingEurekaHttpClient.java:80)
	at com.netflix.discovery.shared.transport.decorator.EurekaHttpClientDecorator.getApplications(EurekaHttpClientDecorator.java:134)
	at com.netflix.discovery.shared.transport.decorator.EurekaHttpClientDecorator$6.execute(EurekaHttpClientDecorator.java:137)
	at com.netflix.discovery.shared.transport.decorator.RetryableEurekaHttpClient.execute(RetryableEurekaHttpClient.java:120)
	at com.netflix.discovery.shared.transport.decorator.EurekaHttpClientDecorator.getApplications(EurekaHttpClientDecorator.java:134)
	at com.netflix.discovery.shared.transport.decorator.EurekaHttpClientDecorator$6.execute(EurekaHttpClientDecorator.java:137)
	at com.netflix.discovery.shared.transport.decorator.SessionedEurekaHttpClient.execute(SessionedEurekaHttpClient.java:76)
	at com.netflix.discovery.shared.transport.decorator.EurekaHttpClientDecorator.getApplications(EurekaHttpClientDecorator.java:134)
	at com.netflix.discovery.DiscoveryClient.getAndStoreFullRegistry(DiscoveryClient.java:1046)
	at com.netflix.discovery.DiscoveryClient.fetchRegistry(DiscoveryClient.java:961)
	at com.netflix.discovery.DiscoveryClient.<init>(DiscoveryClient.java:410)
	at com.netflix.discovery.DiscoveryClient.<init>(DiscoveryClient.java:245)
	at com.netflix.discovery.DiscoveryClient.<init>(DiscoveryClient.java:240)
	at org.springframework.cloud.netflix.eureka.CloudEurekaClient.<init>(CloudEurekaClient.java:68)
	at org.springframework.cloud.netflix.eureka.EurekaClientAutoConfiguration$RefreshableEurekaClientConfiguration.eurekaClient(EurekaClientAutoConfiguration.java:324)
	at java.base/jdk.internal.reflect.DirectMethodHandleAccessor.invoke(DirectMethodHandleAccessor.java:104)
	at java.base/java.lang.reflect.Method.invoke(Method.java:565)
	at org.springframework.beans.factory.support.SimpleInstantiationStrategy.lambda$instantiate$0(SimpleInstantiationStrategy.java:172)
	at org.springframework.beans.factory.support.SimpleInstantiationStrategy.instantiateWithFactoryMethod(SimpleInstantiationStrategy.java:89)
	at org.springframework.beans.factory.support.SimpleInstantiationStrategy.instantiate(SimpleInstantiationStrategy.java:169)
	at org.springframework.beans.factory.support.ConstructorResolver.instantiate(ConstructorResolver.java:653)
	at org.springframework.beans.factory.support.ConstructorResolver.instantiateUsingFactoryMethod(ConstructorResolver.java:645)
	at org.springframework.beans.factory.support.AbstractAutowireCapableBeanFactory.instantiateUsingFactoryMethod(AbstractAutowireCapableBeanFactory.java:1375)
	at org.springframework.beans.factory.support.AbstractAutowireCapableBeanFactory.createBeanInstance(AbstractAutowireCapableBeanFactory.java:1205)
	at org.springframework.beans.factory.support.AbstractAutowireCapableBeanFactory.doCreateBean(AbstractAutowireCapableBeanFactory.java:569)
	at org.springframework.beans.factory.support.AbstractAutowireCapableBeanFactory.createBean(AbstractAutowireCapableBeanFactory.java:529)
	at org.springframework.beans.factory.support.AbstractBeanFactory.lambda$doGetBean$1(AbstractBeanFactory.java:378)
	at org.springframework.cloud.context.scope.GenericScope$BeanLifecycleWrapper.getBean(GenericScope.java:373)
	at org.springframework.cloud.context.scope.GenericScope.get(GenericScope.java:177)
	at org.springframework.beans.factory.support.AbstractBeanFactory.doGetBean(AbstractBeanFactory.java:375)
	at org.springframework.beans.factory.support.AbstractBeanFactory.getBean(AbstractBeanFactory.java:202)
	at org.springframework.aop.target.SimpleBeanTargetSource.getTarget(SimpleBeanTargetSource.java:35)
	at org.springframework.cloud.netflix.eureka.serviceregistry.EurekaRegistration.getTargetObject(EurekaRegistration.java:128)
	at org.springframework.cloud.netflix.eureka.serviceregistry.EurekaRegistration.getEurekaClient(EurekaRegistration.java:116)
	at java.base/jdk.internal.reflect.DirectMethodHandleAccessor.invoke(DirectMethodHandleAccessor.java:104)
	at java.base/java.lang.reflect.Method.invoke(Method.java:565)
	at org.springframework.util.ReflectionUtils.invokeMethod(ReflectionUtils.java:281)
	at org.springframework.cloud.context.scope.GenericScope$LockedScopedProxyFactoryBean.invoke(GenericScope.java:480)
	at org.springframework.aop.framework.ReflectiveMethodInvocation.proceed(ReflectiveMethodInvocation.java:184)
	at org.springframework.aop.framework.CglibAopProxy$DynamicAdvisedInterceptor.intercept(CglibAopProxy.java:728)
	at org.springframework.cloud.netflix.eureka.serviceregistry.EurekaRegistration$$SpringCGLIB$$0.getEurekaClient(<generated>)
	at org.springframework.cloud.netflix.eureka.serviceregistry.EurekaServiceRegistry.maybeInitializeClient(EurekaServiceRegistry.java:83)
	at org.springframework.cloud.netflix.eureka.serviceregistry.EurekaServiceRegistry.register(EurekaServiceRegistry.java:66)
	at org.springframework.cloud.netflix.eureka.serviceregistry.EurekaAutoServiceRegistration.start(EurekaAutoServiceRegistration.java:89)
	at org.springframework.context.support.DefaultLifecycleProcessor.doStart(DefaultLifecycleProcessor.java:405)
	at org.springframework.context.support.DefaultLifecycleProcessor.doStart(DefaultLifecycleProcessor.java:394)
	at org.springframework.context.support.DefaultLifecycleProcessor$LifecycleGroup.start(DefaultLifecycleProcessor.java:586)
	at java.base/java.lang.Iterable.forEach(Iterable.java:75)
	at org.springframework.context.support.DefaultLifecycleProcessor.startBeans(DefaultLifecycleProcessor.java:364)
	at org.springframework.context.support.DefaultLifecycleProcessor.onRefresh(DefaultLifecycleProcessor.java:310)
	at org.springframework.context.support.AbstractApplicationContext.finishRefresh(AbstractApplicationContext.java:1006)
	at org.springframework.context.support.AbstractApplicationContext.refresh(AbstractApplicationContext.java:630)
	at org.springframework.boot.web.servlet.context.ServletWebServerApplicationContext.refresh(ServletWebServerApplicationContext.java:146)
	at org.springframework.boot.SpringApplication.refresh(SpringApplication.java:752)
	at org.springframework.boot.SpringApplication.refreshContext(SpringApplication.java:439)
	at org.springframework.boot.SpringApplication.run(SpringApplication.java:318)
	at org.springframework.boot.SpringApplication.run(SpringApplication.java:1361)
	at org.springframework.boot.SpringApplication.run(SpringApplication.java:1350)
	at org.genc.usermgmt.UserManagementServiceApplication.main(UserManagementServiceApplication.java:12)
Caused by: org.apache.hc.client5.http.HttpHostConnectException: Connect to http://localhost:8761 failed: Connection refused: getsockopt
	at java.base/sun.nio.ch.Net.pollConnect(Native Method)
	at java.base/sun.nio.ch.Net.pollConnectNow(Net.java:639)
	at java.base/sun.nio.ch.NioSocketImpl.timedFinishConnect(NioSocketImpl.java:543)
	at java.base/sun.nio.ch.NioSocketImpl.connect(NioSocketImpl.java:594)
	at java.base/java.net.SocksSocketImpl.connect(SocksSocketImpl.java:284)
	at java.base/java.net.Socket.connect(Socket.java:659)
	at org.apache.hc.client5.http.impl.io.DefaultHttpClientConnectionOperator.connect(DefaultHttpClientConnectionOperator.java:205)
	at org.apache.hc.client5.http.impl.io.PoolingHttpClientConnectionManager.connect(PoolingHttpClientConnectionManager.java:490)
	at org.apache.hc.client5.http.impl.classic.InternalExecRuntime.connectEndpoint(InternalExecRuntime.java:164)
	at org.apache.hc.client5.http.impl.classic.InternalExecRuntime.connectEndpoint(InternalExecRuntime.java:174)
	at org.apache.hc.client5.http.impl.classic.ConnectExec.execute(ConnectExec.java:144)
	at org.apache.hc.client5.http.impl.classic.ExecChainElement.execute(ExecChainElement.java:51)
	at org.apache.hc.client5.http.impl.classic.ProtocolExec.execute(ProtocolExec.java:195)
	at org.apache.hc.client5.http.impl.classic.ExecChainElement.execute(ExecChainElement.java:51)
	at org.apache.hc.client5.http.impl.classic.ContentCompressionExec.execute(ContentCompressionExec.java:150)
	at org.apache.hc.client5.http.impl.classic.ExecChainElement.execute(ExecChainElement.java:51)
	at org.apache.hc.client5.http.impl.classic.HttpRequestRetryExec.execute(HttpRequestRetryExec.java:113)
	at org.apache.hc.client5.http.impl.classic.ExecChainElement.execute(ExecChainElement.java:51)
	at org.apache.hc.client5.http.impl.classic.RedirectExec.execute(RedirectExec.java:110)
	at org.apache.hc.client5.http.impl.classic.ExecChainElement.execute(ExecChainElement.java:51)
	at org.apache.hc.client5.http.impl.classic.InternalHttpClient.doExecute(InternalHttpClient.java:185)
	at org.apache.hc.client5.http.impl.classic.CloseableHttpClient.execute(CloseableHttpClient.java:87)
	at org.apache.hc.client5.http.impl.classic.CloseableHttpClient.execute(CloseableHttpClient.java:55)
	at org.apache.hc.client5.http.classic.HttpClient.executeOpen(HttpClient.java:183)
	at org.springframework.http.client.HttpComponentsClientHttpRequest.executeInternal(HttpComponentsClientHttpRequest.java:99)
	at org.springframework.http.client.AbstractStreamingClientHttpRequest.executeInternal(AbstractStreamingClientHttpRequest.java:71)
	at org.springframework.http.client.AbstractClientHttpRequest.execute(AbstractClientHttpRequest.java:81)
	at org.springframework.http.client.InterceptingClientHttpRequest$InterceptingRequestExecution.execute(InterceptingClientHttpRequest.java:117)
	at org.springframework.cloud.netflix.eureka.http.RestTemplateTransportClientFactory.lambda$restTemplate$2(RestTemplateTransportClientFactory.java:145)
	at org.springframework.http.client.InterceptingClientHttpRequest$InterceptingRequestExecution.execute(InterceptingClientHttpRequest.java:88)
	at org.springframework.http.client.InterceptingClientHttpRequest.executeInternal(InterceptingClientHttpRequest.java:72)
	at org.springframework.http.client.AbstractBufferingClientHttpRequest.executeInternal(AbstractBufferingClientHttpRequest.java:48)
	at org.springframework.http.client.AbstractClientHttpRequest.execute(AbstractClientHttpRequest.java:81)
	at org.springframework.web.client.RestTemplate.doExecute(RestTemplate.java:900)
	... 65 more

2026-02-11 09:38:49 [userService,/] WARN  c.n.d.s.t.d.RetryableEurekaHttpClient
                - Request execution failed with message: I/O error on GET request for "http://localhost:8761/eureka/apps/": Connect to http://localhost:8761 failed: Connection refused: getsockopt
2026-02-11 09:38:49 [userService,/] INFO  c.netflix.discovery.DiscoveryClient
                - DiscoveryClient_USERSERVICE/userService:91288ba1d683e40b1a6f9338342f0e1c - was unable to refresh its cache! This periodic background refresh will be retried in 30 seconds. status = Cannot execute request on any known server stacktrace = com.netflix.discovery.shared.transport.TransportException: Cannot execute request on any known server
	at com.netflix.discovery.shared.transport.decorator.RetryableEurekaHttpClient.execute(RetryableEurekaHttpClient.java:112)
	at com.netflix.discovery.shared.transport.decorator.EurekaHttpClientDecorator.getApplications(EurekaHttpClientDecorator.java:134)
	at com.netflix.discovery.shared.transport.decorator.EurekaHttpClientDecorator$6.execute(EurekaHttpClientDecorator.java:137)
	at com.netflix.discovery.shared.transport.decorator.SessionedEurekaHttpClient.execute(SessionedEurekaHttpClient.java:76)
	at com.netflix.discovery.shared.transport.decorator.EurekaHttpClientDecorator.getApplications(EurekaHttpClientDecorator.java:134)
	at com.netflix.discovery.DiscoveryClient.getAndStoreFullRegistry(DiscoveryClient.java:1046)
	at com.netflix.discovery.DiscoveryClient.fetchRegistry(DiscoveryClient.java:961)
	at com.netflix.discovery.DiscoveryClient.<init>(DiscoveryClient.java:410)
	at com.netflix.discovery.DiscoveryClient.<init>(DiscoveryClient.java:245)
	at com.netflix.discovery.DiscoveryClient.<init>(DiscoveryClient.java:240)
	at org.springframework.cloud.netflix.eureka.CloudEurekaClient.<init>(CloudEurekaClient.java:68)
	at org.springframework.cloud.netflix.eureka.EurekaClientAutoConfiguration$RefreshableEurekaClientConfiguration.eurekaClient(EurekaClientAutoConfiguration.java:324)
	at java.base/jdk.internal.reflect.DirectMethodHandleAccessor.invoke(DirectMethodHandleAccessor.java:104)
	at java.base/java.lang.reflect.Method.invoke(Method.java:565)
	at org.springframework.beans.factory.support.SimpleInstantiationStrategy.lambda$instantiate$0(SimpleInstantiationStrategy.java:172)
	at org.springframework.beans.factory.support.SimpleInstantiationStrategy.instantiateWithFactoryMethod(SimpleInstantiationStrategy.java:89)
	at org.springframework.beans.factory.support.SimpleInstantiationStrategy.instantiate(SimpleInstantiationStrategy.java:169)
	at org.springframework.beans.factory.support.ConstructorResolver.instantiate(ConstructorResolver.java:653)
	at org.springframework.beans.factory.support.ConstructorResolver.instantiateUsingFactoryMethod(ConstructorResolver.java:645)
	at org.springframework.beans.factory.support.AbstractAutowireCapableBeanFactory.instantiateUsingFactoryMethod(AbstractAutowireCapableBeanFactory.java:1375)
	at org.springframework.beans.factory.support.AbstractAutowireCapableBeanFactory.createBeanInstance(AbstractAutowireCapableBeanFactory.java:1205)
	at org.springframework.beans.factory.support.AbstractAutowireCapableBeanFactory.doCreateBean(AbstractAutowireCapableBeanFactory.java:569)
	at org.springframework.beans.factory.support.AbstractAutowireCapableBeanFactory.createBean(AbstractAutowireCapableBeanFactory.java:529)
	at org.springframework.beans.factory.support.AbstractBeanFactory.lambda$doGetBean$1(AbstractBeanFactory.java:378)
	at org.springframework.cloud.context.scope.GenericScope$BeanLifecycleWrapper.getBean(GenericScope.java:373)
	at org.springframework.cloud.context.scope.GenericScope.get(GenericScope.java:177)
	at org.springframework.beans.factory.support.AbstractBeanFactory.doGetBean(AbstractBeanFactory.java:375)
	at org.springframework.beans.factory.support.AbstractBeanFactory.getBean(AbstractBeanFactory.java:202)
	at org.springframework.aop.target.SimpleBeanTargetSource.getTarget(SimpleBeanTargetSource.java:35)
	at org.springframework.cloud.netflix.eureka.serviceregistry.EurekaRegistration.getTargetObject(EurekaRegistration.java:128)
	at org.springframework.cloud.netflix.eureka.serviceregistry.EurekaRegistration.getEurekaClient(EurekaRegistration.java:116)
	at java.base/jdk.internal.reflect.DirectMethodHandleAccessor.invoke(DirectMethodHandleAccessor.java:104)
	at java.base/java.lang.reflect.Method.invoke(Method.java:565)
	at org.springframework.util.ReflectionUtils.invokeMethod(ReflectionUtils.java:281)
	at org.springframework.cloud.context.scope.GenericScope$LockedScopedProxyFactoryBean.invoke(GenericScope.java:480)
	at org.springframework.aop.framework.ReflectiveMethodInvocation.proceed(ReflectiveMethodInvocation.java:184)
	at org.springframework.aop.framework.CglibAopProxy$DynamicAdvisedInterceptor.intercept(CglibAopProxy.java:728)
	at org.springframework.cloud.netflix.eureka.serviceregistry.EurekaRegistration$$SpringCGLIB$$0.getEurekaClient(<generated>)
	at org.springframework.cloud.netflix.eureka.serviceregistry.EurekaServiceRegistry.maybeInitializeClient(EurekaServiceRegistry.java:83)
	at org.springframework.cloud.netflix.eureka.serviceregistry.EurekaServiceRegistry.register(EurekaServiceRegistry.java:66)
	at org.springframework.cloud.netflix.eureka.serviceregistry.EurekaAutoServiceRegistration.start(EurekaAutoServiceRegistration.java:89)
	at org.springframework.context.support.DefaultLifecycleProcessor.doStart(DefaultLifecycleProcessor.java:405)
	at org.springframework.context.support.DefaultLifecycleProcessor.doStart(DefaultLifecycleProcessor.java:394)
	at org.springframework.context.support.DefaultLifecycleProcessor$LifecycleGroup.start(DefaultLifecycleProcessor.java:586)
	at java.base/java.lang.Iterable.forEach(Iterable.java:75)
	at org.springframework.context.support.DefaultLifecycleProcessor.startBeans(DefaultLifecycleProcessor.java:364)
	at org.springframework.context.support.DefaultLifecycleProcessor.onRefresh(DefaultLifecycleProcessor.java:310)
	at org.springframework.context.support.AbstractApplicationContext.finishRefresh(AbstractApplicationContext.java:1006)
	at org.springframework.context.support.AbstractApplicationContext.refresh(AbstractApplicationContext.java:630)
	at org.springframework.boot.web.servlet.context.ServletWebServerApplicationContext.refresh(ServletWebServerApplicationContext.java:146)
	at org.springframework.boot.SpringApplication.refresh(SpringApplication.java:752)
	at org.springframework.boot.SpringApplication.refreshContext(SpringApplication.java:439)
	at org.springframework.boot.SpringApplication.run(SpringApplication.java:318)
	at org.springframework.boot.SpringApplication.run(SpringApplication.java:1361)
	at org.springframework.boot.SpringApplication.run(SpringApplication.java:1350)
	at org.genc.usermgmt.UserManagementServiceApplication.main(UserManagementServiceApplication.java:12)

2026-02-11 09:38:49 [userService,/] INFO  c.netflix.discovery.DiscoveryClient
                - Initial registry fetch from primary servers failed
2026-02-11 09:38:49 [userService,/] WARN  c.netflix.discovery.DiscoveryClient
                - Using default backup registry implementation which does not do anything.
2026-02-11 09:38:49 [userService,/] INFO  c.netflix.discovery.DiscoveryClient
                - Initial registry fetch from backup servers failed
2026-02-11 09:38:49 [userService,/] INFO  c.netflix.discovery.DiscoveryClient
                - Starting heartbeat executor: renew interval is: 30
2026-02-11 09:38:49 [userService,/] INFO  c.n.discovery.InstanceInfoReplicator
                - InstanceInfoReplicator onDemand update allowed rate per min is 4
2026-02-11 09:38:49 [userService,/] INFO  c.netflix.discovery.DiscoveryClient
                - Discovery Client initialized at timestamp 1770782929831 with initial instances count: 0
2026-02-11 09:38:49 [userService,/] INFO  o.s.c.n.e.s.EurekaServiceRegistry
                - Registering application USERSERVICE with eureka with status UP
2026-02-11 09:38:49 [userService,/] INFO  c.netflix.discovery.DiscoveryClient
                - Saw local status change event StatusChangeEvent [timestamp=1770782929840, current=UP, previous=STARTING]
2026-02-11 09:38:49 [userService,/] INFO  c.netflix.discovery.DiscoveryClient
                - DiscoveryClient_USERSERVICE/userService:91288ba1d683e40b1a6f9338342f0e1c: registering service...
2026-02-11 09:38:49 [userService,/] INFO  o.s.b.w.e.tomcat.TomcatWebServer
                - Tomcat started on port 8086 (http) with context path '/'
2026-02-11 09:38:49 [userService,/] INFO  o.s.c.n.e.s.EurekaAutoServiceRegistration
                - Updating port to 8086
2026-02-11 09:38:49 [userService,/] INFO  c.n.d.s.t.d.RedirectingEurekaHttpClient
                - Request execution error. endpoint=DefaultEndpoint{ serviceUrl='http://localhost:8761/eureka/}, exception=I/O error on POST request for "http://localhost:8761/eureka/apps/USERSERVICE": Connect to http://localhost:8761 failed: Connection refused: getsockopt stacktrace=org.springframework.web.client.ResourceAccessException: I/O error on POST request for "http://localhost:8761/eureka/apps/USERSERVICE": Connect to http://localhost:8761 failed: Connection refused: getsockopt
	at org.springframework.web.client.RestTemplate.createResourceAccessException(RestTemplate.java:926)
	at org.springframework.web.client.RestTemplate.doExecute(RestTemplate.java:906)
	at org.springframework.web.client.RestTemplate.execute(RestTemplate.java:841)
	at org.springframework.web.client.RestTemplate.exchange(RestTemplate.java:702)
	at org.springframework.cloud.netflix.eureka.http.RestTemplateEurekaHttpClient.register(RestTemplateEurekaHttpClient.java:87)
	at com.netflix.discovery.shared.transport.decorator.EurekaHttpClientDecorator$1.execute(EurekaHttpClientDecorator.java:59)
	at com.netflix.discovery.shared.transport.decorator.RedirectingEurekaHttpClient.executeOnNewServer(RedirectingEurekaHttpClient.java:121)
	at com.netflix.discovery.shared.transport.decorator.RedirectingEurekaHttpClient.execute(RedirectingEurekaHttpClient.java:80)
	at com.netflix.discovery.shared.transport.decorator.EurekaHttpClientDecorator.register(EurekaHttpClientDecorator.java:56)
	at com.netflix.discovery.shared.transport.decorator.EurekaHttpClientDecorator$1.execute(EurekaHttpClientDecorator.java:59)
	at com.netflix.discovery.shared.transport.decorator.RetryableEurekaHttpClient.execute(RetryableEurekaHttpClient.java:120)
	at com.netflix.discovery.shared.transport.decorator.EurekaHttpClientDecorator.register(EurekaHttpClientDecorator.java:56)
	at com.netflix.discovery.shared.transport.decorator.EurekaHttpClientDecorator$1.execute(EurekaHttpClientDecorator.java:59)
	at com.netflix.discovery.shared.transport.decorator.SessionedEurekaHttpClient.execute(SessionedEurekaHttpClient.java:76)
	at com.netflix.discovery.shared.transport.decorator.EurekaHttpClientDecorator.register(EurekaHttpClientDecorator.java:56)
	at com.netflix.discovery.DiscoveryClient.register(DiscoveryClient.java:828)
	at com.netflix.discovery.InstanceInfoReplicator.run(InstanceInfoReplicator.java:125)
	at com.netflix.discovery.InstanceInfoReplicator$2.run(InstanceInfoReplicator.java:105)
	at java.base/java.util.concurrent.Executors$RunnableAdapter.call(Executors.java:545)
	at java.base/java.util.concurrent.FutureTask.run(FutureTask.java:328)
	at java.base/java.util.concurrent.ScheduledThreadPoolExecutor$ScheduledFutureTask.run(ScheduledThreadPoolExecutor.java:309)
	at java.base/java.util.concurrent.ThreadPoolExecutor.runWorker(ThreadPoolExecutor.java:1090)
	at java.base/java.util.concurrent.ThreadPoolExecutor$Worker.run(ThreadPoolExecutor.java:614)
	at java.base/java.lang.Thread.run(Thread.java:1474)
Caused by: org.apache.hc.client5.http.HttpHostConnectException: Connect to http://localhost:8761 failed: Connection refused: getsockopt
	at java.base/sun.nio.ch.Net.pollConnect(Native Method)
	at java.base/sun.nio.ch.Net.pollConnectNow(Net.java:639)
	at java.base/sun.nio.ch.NioSocketImpl.timedFinishConnect(NioSocketImpl.java:543)
	at java.base/sun.nio.ch.NioSocketImpl.connect(NioSocketImpl.java:594)
	at java.base/java.net.SocksSocketImpl.connect(SocksSocketImpl.java:284)
	at java.base/java.net.Socket.connect(Socket.java:659)
	at org.apache.hc.client5.http.impl.io.DefaultHttpClientConnectionOperator.connect(DefaultHttpClientConnectionOperator.java:205)
	at org.apache.hc.client5.http.impl.io.PoolingHttpClientConnectionManager.connect(PoolingHttpClientConnectionManager.java:490)
	at org.apache.hc.client5.http.impl.classic.InternalExecRuntime.connectEndpoint(InternalExecRuntime.java:164)
	at org.apache.hc.client5.http.impl.classic.InternalExecRuntime.connectEndpoint(InternalExecRuntime.java:174)
	at org.apache.hc.client5.http.impl.classic.ConnectExec.execute(ConnectExec.java:144)
	at org.apache.hc.client5.http.impl.classic.ExecChainElement.execute(ExecChainElement.java:51)
	at org.apache.hc.client5.http.impl.classic.ProtocolExec.execute(ProtocolExec.java:195)
	at org.apache.hc.client5.http.impl.classic.ExecChainElement.execute(ExecChainElement.java:51)
	at org.apache.hc.client5.http.impl.classic.ContentCompressionExec.execute(ContentCompressionExec.java:150)
	at org.apache.hc.client5.http.impl.classic.ExecChainElement.execute(ExecChainElement.java:51)
	at org.apache.hc.client5.http.impl.classic.HttpRequestRetryExec.execute(HttpRequestRetryExec.java:113)
	at org.apache.hc.client5.http.impl.classic.ExecChainElement.execute(ExecChainElement.java:51)
	at org.apache.hc.client5.http.impl.classic.RedirectExec.execute(RedirectExec.java:110)
	at org.apache.hc.client5.http.impl.classic.ExecChainElement.execute(ExecChainElement.java:51)
	at org.apache.hc.client5.http.impl.classic.InternalHttpClient.doExecute(InternalHttpClient.java:185)
	at org.apache.hc.client5.http.impl.classic.CloseableHttpClient.execute(CloseableHttpClient.java:87)
	at org.apache.hc.client5.http.impl.classic.CloseableHttpClient.execute(CloseableHttpClient.java:55)
	at org.apache.hc.client5.http.classic.HttpClient.executeOpen(HttpClient.java:183)
	at org.springframework.http.client.HttpComponentsClientHttpRequest.executeInternal(HttpComponentsClientHttpRequest.java:99)
	at org.springframework.http.client.AbstractStreamingClientHttpRequest.executeInternal(AbstractStreamingClientHttpRequest.java:71)
	at org.springframework.http.client.AbstractClientHttpRequest.execute(AbstractClientHttpRequest.java:81)
	at org.springframework.http.client.InterceptingClientHttpRequest$InterceptingRequestExecution.execute(InterceptingClientHttpRequest.java:117)
	at org.springframework.cloud.netflix.eureka.http.RestTemplateTransportClientFactory.lambda$restTemplate$2(RestTemplateTransportClientFactory.java:145)
	at org.springframework.http.client.InterceptingClientHttpRequest$InterceptingRequestExecution.execute(InterceptingClientHttpRequest.java:88)
	at org.springframework.http.client.InterceptingClientHttpRequest.executeInternal(InterceptingClientHttpRequest.java:72)
	at org.springframework.http.client.AbstractBufferingClientHttpRequest.executeInternal(AbstractBufferingClientHttpRequest.java:48)
	at org.springframework.http.client.AbstractClientHttpRequest.execute(AbstractClientHttpRequest.java:81)
	at org.springframework.web.client.RestTemplate.doExecute(RestTemplate.java:900)
	... 22 more

2026-02-11 09:38:49 [userService,/] WARN  c.n.d.s.t.d.RetryableEurekaHttpClient
                - Request execution failed with message: I/O error on POST request for "http://localhost:8761/eureka/apps/USERSERVICE": Connect to http://localhost:8761 failed: Connection refused: getsockopt
2026-02-11 09:38:49 [userService,/] WARN  c.netflix.discovery.DiscoveryClient
                - DiscoveryClient_USERSERVICE/userService:91288ba1d683e40b1a6f9338342f0e1c - registration failed Cannot execute request on any known server
com.netflix.discovery.shared.transport.TransportException: Cannot execute request on any known server
	at com.netflix.discovery.shared.transport.decorator.RetryableEurekaHttpClient.execute(RetryableEurekaHttpClient.java:112)
	at com.netflix.discovery.shared.transport.decorator.EurekaHttpClientDecorator.register(EurekaHttpClientDecorator.java:56)
	at com.netflix.discovery.shared.transport.decorator.EurekaHttpClientDecorator$1.execute(EurekaHttpClientDecorator.java:59)
	at com.netflix.discovery.shared.transport.decorator.SessionedEurekaHttpClient.execute(SessionedEurekaHttpClient.java:76)
	at com.netflix.discovery.shared.transport.decorator.EurekaHttpClientDecorator.register(EurekaHttpClientDecorator.java:56)
	at com.netflix.discovery.DiscoveryClient.register(DiscoveryClient.java:828)
	at com.netflix.discovery.InstanceInfoReplicator.run(InstanceInfoReplicator.java:125)
	at com.netflix.discovery.InstanceInfoReplicator$2.run(InstanceInfoReplicator.java:105)
	at java.base/java.util.concurrent.Executors$RunnableAdapter.call(Executors.java:545)
	at java.base/java.util.concurrent.FutureTask.run(FutureTask.java:328)
	at java.base/java.util.concurrent.ScheduledThreadPoolExecutor$ScheduledFutureTask.run(ScheduledThreadPoolExecutor.java:309)
	at java.base/java.util.concurrent.ThreadPoolExecutor.runWorker(ThreadPoolExecutor.java:1090)
	at java.base/java.util.concurrent.ThreadPoolExecutor$Worker.run(ThreadPoolExecutor.java:614)
	at java.base/java.lang.Thread.run(Thread.java:1474)
2026-02-11 09:38:49 [userService,/] WARN  c.n.discovery.InstanceInfoReplicator
                - There was a problem with the instance info replicator
com.netflix.discovery.shared.transport.TransportException: Cannot execute request on any known server
	at com.netflix.discovery.shared.transport.decorator.RetryableEurekaHttpClient.execute(RetryableEurekaHttpClient.java:112)
	at com.netflix.discovery.shared.transport.decorator.EurekaHttpClientDecorator.register(EurekaHttpClientDecorator.java:56)
	at com.netflix.discovery.shared.transport.decorator.EurekaHttpClientDecorator$1.execute(EurekaHttpClientDecorator.java:59)
	at com.netflix.discovery.shared.transport.decorator.SessionedEurekaHttpClient.execute(SessionedEurekaHttpClient.java:76)
	at com.netflix.discovery.shared.transport.decorator.EurekaHttpClientDecorator.register(EurekaHttpClientDecorator.java:56)
	at com.netflix.discovery.DiscoveryClient.register(DiscoveryClient.java:828)
	at com.netflix.discovery.InstanceInfoReplicator.run(InstanceInfoReplicator.java:125)
	at com.netflix.discovery.InstanceInfoReplicator$2.run(InstanceInfoReplicator.java:105)
	at java.base/java.util.concurrent.Executors$RunnableAdapter.call(Executors.java:545)
	at java.base/java.util.concurrent.FutureTask.run(FutureTask.java:328)
	at java.base/java.util.concurrent.ScheduledThreadPoolExecutor$ScheduledFutureTask.run(ScheduledThreadPoolExecutor.java:309)
	at java.base/java.util.concurrent.ThreadPoolExecutor.runWorker(ThreadPoolExecutor.java:1090)
	at java.base/java.util.concurrent.ThreadPoolExecutor$Worker.run(ThreadPoolExecutor.java:614)
	at java.base/java.lang.Thread.run(Thread.java:1474)
2026-02-11 09:38:49 [userService,/] INFO  o.s.b.w.e.tomcat.TomcatWebServer
                - Tomcat initialized with port 8090 (http)
2026-02-11 09:38:49 [userService,/] INFO  o.a.catalina.core.StandardService
                - Starting service [Tomcat]
2026-02-11 09:38:49 [userService,/] INFO  o.a.catalina.core.StandardEngine
                - Starting Servlet engine: [Apache Tomcat/10.1.46]
2026-02-11 09:38:50 [userService,/] INFO  o.a.c.c.C.[Tomcat-1].[localhost].[/]
                - Initializing Spring embedded WebApplicationContext
2026-02-11 09:38:50 [userService,/] INFO  o.s.b.w.s.c.ServletWebServerApplicationContext
                - Root WebApplicationContext: initialization completed in 135 ms
2026-02-11 09:38:50 [userService,/] INFO  o.s.b.a.e.web.EndpointLinksResolver
                - Exposing 17 endpoints beneath base path '/actuator'
2026-02-11 09:38:50 [userService,/] INFO  o.s.b.w.e.tomcat.TomcatWebServer
                - Tomcat started on port 8090 (http) with context path '/'
2026-02-11 09:38:50 [userService,/] INFO  o.g.u.UserManagementServiceApplication
                - Started UserManagementServiceApplication in 8.807 seconds (process running for 9.446)
2026-02-11 09:38:50 [userService,/] INFO  o.s.b.a.l.ConditionEvaluationReportLogger
                - 

Error starting ApplicationContext. To display the condition evaluation report re-run your application with 'debug' enabled.
2026-02-11 09:38:50 [userService,/] INFO  o.s.b.w.e.tomcat.GracefulShutdown
                - Commencing graceful shutdown. Waiting for active requests to complete
2026-02-11 09:38:50 [userService,/] INFO  o.s.b.w.e.tomcat.GracefulShutdown
                - Graceful shutdown complete
2026-02-11 09:38:50 [userService,/] ERROR o.s.boot.SpringApplication
                - Application run failed
org.springframework.orm.jpa.JpaSystemException: Null value was assigned to a property [class org.genc.usermgmt.entity.User.isActive] of primitive type: 'org.genc.usermgmt.entity.User.isActive' (setter)
	at org.springframework.orm.jpa.vendor.HibernateJpaDialect.convertHibernateAccessException(HibernateJpaDialect.java:348)
	at org.springframework.orm.jpa.vendor.HibernateJpaDialect.convertHibernateAccessException(HibernateJpaDialect.java:256)
	at org.springframework.orm.jpa.vendor.HibernateJpaDialect.translateExceptionIfPossible(HibernateJpaDialect.java:241)
	at org.springframework.orm.jpa.AbstractEntityManagerFactoryBean.translateExceptionIfPossible(AbstractEntityManagerFactoryBean.java:560)
	at org.springframework.dao.support.ChainedPersistenceExceptionTranslator.translateExceptionIfPossible(ChainedPersistenceExceptionTranslator.java:61)
	at org.springframework.dao.support.DataAccessUtils.translateIfNecessary(DataAccessUtils.java:343)
	at org.springframework.dao.support.PersistenceExceptionTranslationInterceptor.invoke(PersistenceExceptionTranslationInterceptor.java:160)
	at org.springframework.aop.framework.ReflectiveMethodInvocation.proceed(ReflectiveMethodInvocation.java:184)
	at org.springframework.data.jpa.repository.support.CrudMethodMetadataPostProcessor$CrudMethodMetadataPopulatingMethodInterceptor.invoke(CrudMethodMetadataPostProcessor.java:136)
	at org.springframework.aop.framework.ReflectiveMethodInvocation.proceed(ReflectiveMethodInvocation.java:184)
	at org.springframework.aop.framework.JdkDynamicAopProxy.invoke(JdkDynamicAopProxy.java:223)
	at jdk.proxy2/jdk.proxy2.$Proxy163.findByUsername(Unknown Source)
	at org.genc.usermgmt.service.impl.UserMgmtServiceImpl.registerNewUser(UserMgmtServiceImpl.java:33)
	at org.genc.usermgmt.config.SeedDataLoader.run(SeedDataLoader.java:44)
	at org.springframework.boot.SpringApplication.lambda$callRunner$5(SpringApplication.java:788)
	at org.springframework.util.function.ThrowingConsumer$1.acceptWithException(ThrowingConsumer.java:82)
	at org.springframework.util.function.ThrowingConsumer.accept(ThrowingConsumer.java:60)
	at org.springframework.util.function.ThrowingConsumer$1.accept(ThrowingConsumer.java:86)
	at org.springframework.boot.SpringApplication.callRunner(SpringApplication.java:796)
	at org.springframework.boot.SpringApplication.callRunner(SpringApplication.java:787)
	at org.springframework.boot.SpringApplication.lambda$callRunners$3(SpringApplication.java:772)
	at java.base/java.util.stream.ForEachOps$ForEachOp$OfRef.accept(ForEachOps.java:186)
	at java.base/java.util.stream.SortedOps$SizedRefSortingSink.end(SortedOps.java:357)
	at java.base/java.util.stream.AbstractPipeline.copyInto(AbstractPipeline.java:571)
	at java.base/java.util.stream.AbstractPipeline.wrapAndCopyInto(AbstractPipeline.java:560)
	at java.base/java.util.stream.ForEachOps$ForEachOp.evaluateSequential(ForEachOps.java:153)
	at java.base/java.util.stream.ForEachOps$ForEachOp$OfRef.evaluateSequential(ForEachOps.java:176)
	at java.base/java.util.stream.AbstractPipeline.evaluate(AbstractPipeline.java:265)
	at java.base/java.util.stream.ReferencePipeline.forEach(ReferencePipeline.java:632)
	at org.springframework.boot.SpringApplication.callRunners(SpringApplication.java:772)
	at org.springframework.boot.SpringApplication.run(SpringApplication.java:325)
	at org.springframework.boot.SpringApplication.run(SpringApplication.java:1361)
	at org.springframework.boot.SpringApplication.run(SpringApplication.java:1350)
	at org.genc.usermgmt.UserManagementServiceApplication.main(UserManagementServiceApplication.java:12)
Caused by: org.hibernate.PropertyAccessException: Null value was assigned to a property [class org.genc.usermgmt.entity.User.isActive] of primitive type: 'org.genc.usermgmt.entity.User.isActive' (setter)
	at org.hibernate.property.access.spi.SetterFieldImpl.set(SetterFieldImpl.java:63)
	at org.hibernate.persister.entity.AbstractEntityPersister.setPropertyValues(AbstractEntityPersister.java:4648)
	at org.hibernate.sql.results.graph.entity.internal.EntityInitializerImpl.initializeEntityInstance(EntityInitializerImpl.java:1353)
	at org.hibernate.sql.results.graph.entity.internal.EntityInitializerImpl.initializeInstance(EntityInitializerImpl.java:1316)
	at org.hibernate.sql.results.graph.entity.internal.EntityInitializerImpl.initializeInstance(EntityInitializerImpl.java:97)
	at org.hibernate.sql.results.internal.StandardRowReader.coordinateInitializers(StandardRowReader.java:244)
	at org.hibernate.sql.results.internal.StandardRowReader.readRow(StandardRowReader.java:141)
	at org.hibernate.sql.results.spi.ListResultsConsumer.read(ListResultsConsumer.java:249)
	at org.hibernate.sql.results.spi.ListResultsConsumer.consume(ListResultsConsumer.java:201)
	at org.hibernate.sql.results.spi.ListResultsConsumer.consume(ListResultsConsumer.java:35)
	at org.hibernate.sql.exec.internal.JdbcSelectExecutorStandardImpl.doExecuteQuery(JdbcSelectExecutorStandardImpl.java:224)
	at org.hibernate.sql.exec.internal.JdbcSelectExecutorStandardImpl.executeQuery(JdbcSelectExecutorStandardImpl.java:102)
	at org.hibernate.sql.exec.spi.JdbcSelectExecutor.executeQuery(JdbcSelectExecutor.java:91)
	at org.hibernate.sql.exec.spi.JdbcSelectExecutor.list(JdbcSelectExecutor.java:165)
	at org.hibernate.query.sqm.internal.ConcreteSqmSelectQueryPlan.lambda$new$1(ConcreteSqmSelectQueryPlan.java:149)
	at org.hibernate.query.sqm.internal.ConcreteSqmSelectQueryPlan.withCacheableSqmInterpretation(ConcreteSqmSelectQueryPlan.java:439)
	at org.hibernate.query.sqm.internal.ConcreteSqmSelectQueryPlan.performList(ConcreteSqmSelectQueryPlan.java:359)
	at org.hibernate.query.sqm.internal.QuerySqmImpl.doList(QuerySqmImpl.java:380)
	at org.hibernate.query.spi.AbstractSelectionQuery.list(AbstractSelectionQuery.java:143)
	at org.hibernate.query.spi.AbstractSelectionQuery.getSingleResult(AbstractSelectionQuery.java:275)
	at java.base/jdk.internal.reflect.DirectMethodHandleAccessor.invoke(DirectMethodHandleAccessor.java:104)
	at java.base/java.lang.reflect.Method.invoke(Method.java:565)
	at org.springframework.orm.jpa.SharedEntityManagerCreator$DeferredQueryInvocationHandler.invoke(SharedEntityManagerCreator.java:419)
	at jdk.proxy2/jdk.proxy2.$Proxy212.getSingleResult(Unknown Source)
	at org.springframework.data.jpa.repository.query.JpaQueryExecution$SingleEntityExecution.doExecute(JpaQueryExecution.java:226)
	at org.springframework.data.jpa.repository.query.JpaQueryExecution.execute(JpaQueryExecution.java:95)
	at org.springframework.data.jpa.repository.query.AbstractJpaQuery.doExecute(AbstractJpaQuery.java:160)
	at org.springframework.data.jpa.repository.query.AbstractJpaQuery.execute(AbstractJpaQuery.java:148)
	at org.springframework.data.repository.core.support.RepositoryMethodInvoker.doInvoke(RepositoryMethodInvoker.java:170)
	at org.springframework.data.repository.core.support.RepositoryMethodInvoker.invoke(RepositoryMethodInvoker.java:158)
	at org.springframework.data.repository.core.support.QueryExecutorMethodInterceptor.doInvoke(QueryExecutorMethodInterceptor.java:170)
	at org.springframework.data.repository.core.support.QueryExecutorMethodInterceptor.invoke(QueryExecutorMethodInterceptor.java:149)
	at org.springframework.aop.framework.ReflectiveMethodInvocation.proceed(ReflectiveMethodInvocation.java:184)
	at org.springframework.data.projection.DefaultMethodInvokingMethodInterceptor.invoke(DefaultMethodInvokingMethodInterceptor.java:69)
	at org.springframework.aop.framework.ReflectiveMethodInvocation.proceed(ReflectiveMethodInvocation.java:184)
	at org.springframework.transaction.interceptor.TransactionAspectSupport.invokeWithinTransaction(TransactionAspectSupport.java:380)
	at org.springframework.transaction.interceptor.TransactionInterceptor.invoke(TransactionInterceptor.java:119)
	at org.springframework.aop.framework.ReflectiveMethodInvocation.proceed(ReflectiveMethodInvocation.java:184)
	at org.springframework.dao.support.PersistenceExceptionTranslationInterceptor.invoke(PersistenceExceptionTranslationInterceptor.java:138)
	... 27 common frames omitted
Caused by: java.lang.IllegalArgumentException: Can not set int field org.genc.usermgmt.entity.User.isActive to null value
	at java.base/jdk.internal.reflect.FieldAccessorImpl.throwSetIllegalArgumentException(FieldAccessorImpl.java:223)
	at java.base/jdk.internal.reflect.FieldAccessorImpl.throwSetIllegalArgumentException(FieldAccessorImpl.java:227)
	at java.base/jdk.internal.reflect.MethodHandleIntegerFieldAccessorImpl.set(MethodHandleIntegerFieldAccessorImpl.java:111)
	at java.base/java.lang.reflect.Field.set(Field.java:832)
	at org.hibernate.property.access.spi.SetterFieldImpl.set(SetterFieldImpl.java:57)
	... 65 common frames omitted
2026-02-11 09:38:50 [userService,/] INFO  o.s.c.n.e.s.EurekaServiceRegistry
                - Unregistering application USERSERVICE with eureka with status DOWN
2026-02-11 09:38:50 [userService,/] INFO  c.netflix.discovery.DiscoveryClient
                - Saw local status change event StatusChangeEvent [timestamp=1770782930464, current=DOWN, previous=UP]
2026-02-11 09:38:50 [userService,/] INFO  c.netflix.discovery.DiscoveryClient
                - DiscoveryClient_USERSERVICE/userService:91288ba1d683e40b1a6f9338342f0e1c: registering service...
2026-02-11 09:38:50 [userService,/] INFO  o.s.b.w.e.tomcat.GracefulShutdown
                - Commencing graceful shutdown. Waiting for active requests to complete
2026-02-11 09:38:50 [userService,/] INFO  o.s.b.w.e.tomcat.GracefulShutdown
                - Graceful shutdown complete
2026-02-11 09:38:50 [userService,/] INFO  c.n.d.s.t.d.RedirectingEurekaHttpClient
                - Request execution error. endpoint=DefaultEndpoint{ serviceUrl='http://localhost:8761/eureka/}, exception=I/O error on POST request for "http://localhost:8761/eureka/apps/USERSERVICE": Connect to http://localhost:8761 failed: Connection refused: getsockopt stacktrace=org.springframework.web.client.ResourceAccessException: I/O error on POST request for "http://localhost:8761/eureka/apps/USERSERVICE": Connect to http://localhost:8761 failed: Connection refused: getsockopt
	at org.springframework.web.client.RestTemplate.createResourceAccessException(RestTemplate.java:926)
	at org.springframework.web.client.RestTemplate.doExecute(RestTemplate.java:906)
	at org.springframework.web.client.RestTemplate.execute(RestTemplate.java:841)
	at org.springframework.web.client.RestTemplate.exchange(RestTemplate.java:702)
	at org.springframework.cloud.netflix.eureka.http.RestTemplateEurekaHttpClient.register(RestTemplateEurekaHttpClient.java:87)
	at com.netflix.discovery.shared.transport.decorator.EurekaHttpClientDecorator$1.execute(EurekaHttpClientDecorator.java:59)
	at com.netflix.discovery.shared.transport.decorator.RedirectingEurekaHttpClient.executeOnNewServer(RedirectingEurekaHttpClient.java:121)
	at com.netflix.discovery.shared.transport.decorator.RedirectingEurekaHttpClient.execute(RedirectingEurekaHttpClient.java:80)
	at com.netflix.discovery.shared.transport.decorator.EurekaHttpClientDecorator.register(EurekaHttpClientDecorator.java:56)
	at com.netflix.discovery.shared.transport.decorator.EurekaHttpClientDecorator$1.execute(EurekaHttpClientDecorator.java:59)
	at com.netflix.discovery.shared.transport.decorator.RetryableEurekaHttpClient.execute(RetryableEurekaHttpClient.java:120)
	at com.netflix.discovery.shared.transport.decorator.EurekaHttpClientDecorator.register(EurekaHttpClientDecorator.java:56)
	at com.netflix.discovery.shared.transport.decorator.EurekaHttpClientDecorator$1.execute(EurekaHttpClientDecorator.java:59)
	at com.netflix.discovery.shared.transport.decorator.SessionedEurekaHttpClient.execute(SessionedEurekaHttpClient.java:76)
	at com.netflix.discovery.shared.transport.decorator.EurekaHttpClientDecorator.register(EurekaHttpClientDecorator.java:56)
	at com.netflix.discovery.DiscoveryClient.register(DiscoveryClient.java:828)
	at com.netflix.discovery.InstanceInfoReplicator.run(InstanceInfoReplicator.java:125)
	at com.netflix.discovery.InstanceInfoReplicator$2.run(InstanceInfoReplicator.java:105)
	at java.base/java.util.concurrent.Executors$RunnableAdapter.call(Executors.java:545)
	at java.base/java.util.concurrent.FutureTask.run(FutureTask.java:328)
	at java.base/java.util.concurrent.ScheduledThreadPoolExecutor$ScheduledFutureTask.run(ScheduledThreadPoolExecutor.java:309)
	at java.base/java.util.concurrent.ThreadPoolExecutor.runWorker(ThreadPoolExecutor.java:1090)
	at java.base/java.util.concurrent.ThreadPoolExecutor$Worker.run(ThreadPoolExecutor.java:614)
	at java.base/java.lang.Thread.run(Thread.java:1474)
Caused by: org.apache.hc.client5.http.HttpHostConnectException: Connect to http://localhost:8761 failed: Connection refused: getsockopt
	at java.base/sun.nio.ch.Net.pollConnect(Native Method)
	at java.base/sun.nio.ch.Net.pollConnectNow(Net.java:639)
	at java.base/sun.nio.ch.NioSocketImpl.timedFinishConnect(NioSocketImpl.java:543)
	at java.base/sun.nio.ch.NioSocketImpl.connect(NioSocketImpl.java:594)
	at java.base/java.net.SocksSocketImpl.connect(SocksSocketImpl.java:284)
	at java.base/java.net.Socket.connect(Socket.java:659)
	at org.apache.hc.client5.http.impl.io.DefaultHttpClientConnectionOperator.connect(DefaultHttpClientConnectionOperator.java:205)
	at org.apache.hc.client5.http.impl.io.PoolingHttpClientConnectionManager.connect(PoolingHttpClientConnectionManager.java:490)
	at org.apache.hc.client5.http.impl.classic.InternalExecRuntime.connectEndpoint(InternalExecRuntime.java:164)
	at org.apache.hc.client5.http.impl.classic.InternalExecRuntime.connectEndpoint(InternalExecRuntime.java:174)
	at org.apache.hc.client5.http.impl.classic.ConnectExec.execute(ConnectExec.java:144)
	at org.apache.hc.client5.http.impl.classic.ExecChainElement.execute(ExecChainElement.java:51)
	at org.apache.hc.client5.http.impl.classic.ProtocolExec.execute(ProtocolExec.java:195)
	at org.apache.hc.client5.http.impl.classic.ExecChainElement.execute(ExecChainElement.java:51)
	at org.apache.hc.client5.http.impl.classic.ContentCompressionExec.execute(ContentCompressionExec.java:150)
	at org.apache.hc.client5.http.impl.classic.ExecChainElement.execute(ExecChainElement.java:51)
	at org.apache.hc.client5.http.impl.classic.HttpRequestRetryExec.execute(HttpRequestRetryExec.java:113)
	at org.apache.hc.client5.http.impl.classic.ExecChainElement.execute(ExecChainElement.java:51)
	at org.apache.hc.client5.http.impl.classic.RedirectExec.execute(RedirectExec.java:110)
	at org.apache.hc.client5.http.impl.classic.ExecChainElement.execute(ExecChainElement.java:51)
	at org.apache.hc.client5.http.impl.classic.InternalHttpClient.doExecute(InternalHttpClient.java:185)
	at org.apache.hc.client5.http.impl.classic.CloseableHttpClient.execute(CloseableHttpClient.java:87)
	at org.apache.hc.client5.http.impl.classic.CloseableHttpClient.execute(CloseableHttpClient.java:55)
	at org.apache.hc.client5.http.classic.HttpClient.executeOpen(HttpClient.java:183)
	at org.springframework.http.client.HttpComponentsClientHttpRequest.executeInternal(HttpComponentsClientHttpRequest.java:99)
	at org.springframework.http.client.AbstractStreamingClientHttpRequest.executeInternal(AbstractStreamingClientHttpRequest.java:71)
	at org.springframework.http.client.AbstractClientHttpRequest.execute(AbstractClientHttpRequest.java:81)
	at org.springframework.http.client.InterceptingClientHttpRequest$InterceptingRequestExecution.execute(InterceptingClientHttpRequest.java:117)
	at org.springframework.cloud.netflix.eureka.http.RestTemplateTransportClientFactory.lambda$restTemplate$2(RestTemplateTransportClientFactory.java:145)
	at org.springframework.http.client.InterceptingClientHttpRequest$InterceptingRequestExecution.execute(InterceptingClientHttpRequest.java:88)
	at org.springframework.http.client.InterceptingClientHttpRequest.executeInternal(InterceptingClientHttpRequest.java:72)
	at org.springframework.http.client.AbstractBufferingClientHttpRequest.executeInternal(AbstractBufferingClientHttpRequest.java:48)
	at org.springframework.http.client.AbstractClientHttpRequest.execute(AbstractClientHttpRequest.java:81)
	at org.springframework.web.client.RestTemplate.doExecute(RestTemplate.java:900)
	... 22 more

2026-02-11 09:38:50 [userService,/] WARN  c.n.d.s.t.d.RetryableEurekaHttpClient
                - Request execution failed with message: I/O error on POST request for "http://localhost:8761/eureka/apps/USERSERVICE": Connect to http://localhost:8761 failed: Connection refused: getsockopt
2026-02-11 09:38:50 [userService,/] WARN  c.netflix.discovery.DiscoveryClient
                - DiscoveryClient_USERSERVICE/userService:91288ba1d683e40b1a6f9338342f0e1c - registration failed Cannot execute request on any known server
com.netflix.discovery.shared.transport.TransportException: Cannot execute request on any known server
	at com.netflix.discovery.shared.transport.decorator.RetryableEurekaHttpClient.execute(RetryableEurekaHttpClient.java:112)
	at com.netflix.discovery.shared.transport.decorator.EurekaHttpClientDecorator.register(EurekaHttpClientDecorator.java:56)
	at com.netflix.discovery.shared.transport.decorator.EurekaHttpClientDecorator$1.execute(EurekaHttpClientDecorator.java:59)
	at com.netflix.discovery.shared.transport.decorator.SessionedEurekaHttpClient.execute(SessionedEurekaHttpClient.java:76)
	at com.netflix.discovery.shared.transport.decorator.EurekaHttpClientDecorator.register(EurekaHttpClientDecorator.java:56)
	at com.netflix.discovery.DiscoveryClient.register(DiscoveryClient.java:828)
	at com.netflix.discovery.InstanceInfoReplicator.run(InstanceInfoReplicator.java:125)
	at com.netflix.discovery.InstanceInfoReplicator$2.run(InstanceInfoReplicator.java:105)
	at java.base/java.util.concurrent.Executors$RunnableAdapter.call(Executors.java:545)
	at java.base/java.util.concurrent.FutureTask.run(FutureTask.java:328)
	at java.base/java.util.concurrent.ScheduledThreadPoolExecutor$ScheduledFutureTask.run(ScheduledThreadPoolExecutor.java:309)
	at java.base/java.util.concurrent.ThreadPoolExecutor.runWorker(ThreadPoolExecutor.java:1090)
	at java.base/java.util.concurrent.ThreadPoolExecutor$Worker.run(ThreadPoolExecutor.java:614)
	at java.base/java.lang.Thread.run(Thread.java:1474)
2026-02-11 09:38:50 [userService,/] WARN  c.n.discovery.InstanceInfoReplicator
                - There was a problem with the instance info replicator
com.netflix.discovery.shared.transport.TransportException: Cannot execute request on any known server
	at com.netflix.discovery.shared.transport.decorator.RetryableEurekaHttpClient.execute(RetryableEurekaHttpClient.java:112)
	at com.netflix.discovery.shared.transport.decorator.EurekaHttpClientDecorator.register(EurekaHttpClientDecorator.java:56)
	at com.netflix.discovery.shared.transport.decorator.EurekaHttpClientDecorator$1.execute(EurekaHttpClientDecorator.java:59)
	at com.netflix.discovery.shared.transport.decorator.SessionedEurekaHttpClient.execute(SessionedEurekaHttpClient.java:76)
	at com.netflix.discovery.shared.transport.decorator.EurekaHttpClientDecorator.register(EurekaHttpClientDecorator.java:56)
	at com.netflix.discovery.DiscoveryClient.register(DiscoveryClient.java:828)
	at com.netflix.discovery.InstanceInfoReplicator.run(InstanceInfoReplicator.java:125)
	at com.netflix.discovery.InstanceInfoReplicator$2.run(InstanceInfoReplicator.java:105)
	at java.base/java.util.concurrent.Executors$RunnableAdapter.call(Executors.java:545)
	at java.base/java.util.concurrent.FutureTask.run(FutureTask.java:328)
	at java.base/java.util.concurrent.ScheduledThreadPoolExecutor$ScheduledFutureTask.run(ScheduledThreadPoolExecutor.java:309)
	at java.base/java.util.concurrent.ThreadPoolExecutor.runWorker(ThreadPoolExecutor.java:1090)
	at java.base/java.util.concurrent.ThreadPoolExecutor$Worker.run(ThreadPoolExecutor.java:614)
	at java.base/java.lang.Thread.run(Thread.java:1474)
2026-02-11 09:38:50 [userService,/] INFO  o.s.o.j.LocalContainerEntityManagerFactoryBean
                - Closing JPA EntityManagerFactory for persistence unit 'default'
2026-02-11 09:38:50 [userService,/] INFO  com.zaxxer.hikari.HikariDataSource
                - HikariPool-1 - Shutdown initiated...
2026-02-11 09:38:50 [userService,/] INFO  com.zaxxer.hikari.HikariDataSource
                - HikariPool-1 - Shutdown completed.
2026-02-11 09:38:50 [userService,/] INFO  c.netflix.discovery.DiscoveryClient
                - Shutting down DiscoveryClient ...
2026-02-11 09:38:53 [userService,/] INFO  c.netflix.discovery.DiscoveryClient
                - Unregistering ...
2026-02-11 09:38:53 [userService,/] INFO  c.n.d.s.t.d.RedirectingEurekaHttpClient
                - Request execution error. endpoint=DefaultEndpoint{ serviceUrl='http://localhost:8761/eureka/}, exception=I/O error on DELETE request for "http://localhost:8761/eureka/apps/USERSERVICE/userService:91288ba1d683e40b1a6f9338342f0e1c": Connect to http://localhost:8761 failed: Connection refused: getsockopt stacktrace=org.springframework.web.client.ResourceAccessException: I/O error on DELETE request for "http://localhost:8761/eureka/apps/USERSERVICE/userService:91288ba1d683e40b1a6f9338342f0e1c": Connect to http://localhost:8761 failed: Connection refused: getsockopt
	at org.springframework.web.client.RestTemplate.createResourceAccessException(RestTemplate.java:926)
	at org.springframework.web.client.RestTemplate.doExecute(RestTemplate.java:906)
	at org.springframework.web.client.RestTemplate.execute(RestTemplate.java:841)
	at org.springframework.web.client.RestTemplate.exchange(RestTemplate.java:702)
	at org.springframework.cloud.netflix.eureka.http.RestTemplateEurekaHttpClient.cancel(RestTemplateEurekaHttpClient.java:100)
	at com.netflix.discovery.shared.transport.decorator.EurekaHttpClientDecorator$2.execute(EurekaHttpClientDecorator.java:74)
	at com.netflix.discovery.shared.transport.decorator.RedirectingEurekaHttpClient.executeOnNewServer(RedirectingEurekaHttpClient.java:121)
	at com.netflix.discovery.shared.transport.decorator.RedirectingEurekaHttpClient.execute(RedirectingEurekaHttpClient.java:80)
	at com.netflix.discovery.shared.transport.decorator.EurekaHttpClientDecorator.cancel(EurekaHttpClientDecorator.java:71)
	at com.netflix.discovery.shared.transport.decorator.EurekaHttpClientDecorator$2.execute(EurekaHttpClientDecorator.java:74)
	at com.netflix.discovery.shared.transport.decorator.RetryableEurekaHttpClient.execute(RetryableEurekaHttpClient.java:120)
	at com.netflix.discovery.shared.transport.decorator.EurekaHttpClientDecorator.cancel(EurekaHttpClientDecorator.java:71)
	at com.netflix.discovery.shared.transport.decorator.EurekaHttpClientDecorator$2.execute(EurekaHttpClientDecorator.java:74)
	at com.netflix.discovery.shared.transport.decorator.SessionedEurekaHttpClient.execute(SessionedEurekaHttpClient.java:76)
	at com.netflix.discovery.shared.transport.decorator.EurekaHttpClientDecorator.cancel(EurekaHttpClientDecorator.java:71)
	at com.netflix.discovery.DiscoveryClient.unregister(DiscoveryClient.java:919)
	at com.netflix.discovery.DiscoveryClient.shutdown(DiscoveryClient.java:900)
	at java.base/jdk.internal.reflect.DirectMethodHandleAccessor.invoke(DirectMethodHandleAccessor.java:104)
	at java.base/java.lang.reflect.Method.invoke(Method.java:565)
	at org.springframework.beans.factory.annotation.InitDestroyAnnotationBeanPostProcessor$LifecycleMethod.invoke(InitDestroyAnnotationBeanPostProcessor.java:457)
	at org.springframework.beans.factory.annotation.InitDestroyAnnotationBeanPostProcessor$LifecycleMetadata.invokeDestroyMethods(InitDestroyAnnotationBeanPostProcessor.java:415)
	at org.springframework.beans.factory.annotation.InitDestroyAnnotationBeanPostProcessor.postProcessBeforeDestruction(InitDestroyAnnotationBeanPostProcessor.java:239)
	at org.springframework.beans.factory.support.DisposableBeanAdapter.destroy(DisposableBeanAdapter.java:203)
	at org.springframework.beans.factory.support.DisposableBeanAdapter.run(DisposableBeanAdapter.java:196)
	at org.springframework.cloud.context.scope.GenericScope$BeanLifecycleWrapper.destroy(GenericScope.java:387)
	at org.springframework.cloud.context.scope.GenericScope.destroy(GenericScope.java:134)
	at org.springframework.beans.factory.support.DisposableBeanAdapter.destroy(DisposableBeanAdapter.java:212)
	at org.springframework.beans.factory.support.DefaultSingletonBeanRegistry.destroyBean(DefaultSingletonBeanRegistry.java:798)
	at org.springframework.beans.factory.support.DefaultSingletonBeanRegistry.destroySingleton(DefaultSingletonBeanRegistry.java:748)
	at org.springframework.beans.factory.support.DefaultListableBeanFactory.destroySingleton(DefaultListableBeanFactory.java:1489)
	at org.springframework.beans.factory.support.DefaultSingletonBeanRegistry.destroySingletons(DefaultSingletonBeanRegistry.java:707)
	at org.springframework.beans.factory.support.DefaultListableBeanFactory.destroySingletons(DefaultListableBeanFactory.java:1482)
	at org.springframework.context.support.AbstractApplicationContext.destroyBeans(AbstractApplicationContext.java:1219)
	at org.springframework.context.support.AbstractApplicationContext.doClose(AbstractApplicationContext.java:1180)
	at org.springframework.boot.web.servlet.context.ServletWebServerApplicationContext.doClose(ServletWebServerApplicationContext.java:179)
	at org.springframework.context.support.AbstractApplicationContext.close(AbstractApplicationContext.java:1126)
	at org.springframework.boot.SpringApplication.handleRunFailure(SpringApplication.java:814)
	at org.springframework.boot.SpringApplication.run(SpringApplication.java:328)
	at org.springframework.boot.SpringApplication.run(SpringApplication.java:1361)
	at org.springframework.boot.SpringApplication.run(SpringApplication.java:1350)
	at org.genc.usermgmt.UserManagementServiceApplication.main(UserManagementServiceApplication.java:12)
Caused by: org.apache.hc.client5.http.HttpHostConnectException: Connect to http://localhost:8761 failed: Connection refused: getsockopt
	at java.base/sun.nio.ch.Net.pollConnect(Native Method)
	at java.base/sun.nio.ch.Net.pollConnectNow(Net.java:639)
	at java.base/sun.nio.ch.NioSocketImpl.timedFinishConnect(NioSocketImpl.java:543)
	at java.base/sun.nio.ch.NioSocketImpl.connect(NioSocketImpl.java:594)
	at java.base/java.net.SocksSocketImpl.connect(SocksSocketImpl.java:284)
	at java.base/java.net.Socket.connect(Socket.java:659)
	at org.apache.hc.client5.http.impl.io.DefaultHttpClientConnectionOperator.connect(DefaultHttpClientConnectionOperator.java:205)
	at org.apache.hc.client5.http.impl.io.PoolingHttpClientConnectionManager.connect(PoolingHttpClientConnectionManager.java:490)
	at org.apache.hc.client5.http.impl.classic.InternalExecRuntime.connectEndpoint(InternalExecRuntime.java:164)
	at org.apache.hc.client5.http.impl.classic.InternalExecRuntime.connectEndpoint(InternalExecRuntime.java:174)
	at org.apache.hc.client5.http.impl.classic.ConnectExec.execute(ConnectExec.java:144)
	at org.apache.hc.client5.http.impl.classic.ExecChainElement.execute(ExecChainElement.java:51)
	at org.apache.hc.client5.http.impl.classic.ProtocolExec.execute(ProtocolExec.java:195)
	at org.apache.hc.client5.http.impl.classic.ExecChainElement.execute(ExecChainElement.java:51)
	at org.apache.hc.client5.http.impl.classic.ContentCompressionExec.execute(ContentCompressionExec.java:150)
	at org.apache.hc.client5.http.impl.classic.ExecChainElement.execute(ExecChainElement.java:51)
	at org.apache.hc.client5.http.impl.classic.HttpRequestRetryExec.execute(HttpRequestRetryExec.java:113)
	at org.apache.hc.client5.http.impl.classic.ExecChainElement.execute(ExecChainElement.java:51)
	at org.apache.hc.client5.http.impl.classic.RedirectExec.execute(RedirectExec.java:110)
	at org.apache.hc.client5.http.impl.classic.ExecChainElement.execute(ExecChainElement.java:51)
	at org.apache.hc.client5.http.impl.classic.InternalHttpClient.doExecute(InternalHttpClient.java:185)
	at org.apache.hc.client5.http.impl.classic.CloseableHttpClient.execute(CloseableHttpClient.java:87)
	at org.apache.hc.client5.http.impl.classic.CloseableHttpClient.execute(CloseableHttpClient.java:55)
	at org.apache.hc.client5.http.classic.HttpClient.executeOpen(HttpClient.java:183)
	at org.springframework.http.client.HttpComponentsClientHttpRequest.executeInternal(HttpComponentsClientHttpRequest.java:99)
	at org.springframework.http.client.AbstractStreamingClientHttpRequest.executeInternal(AbstractStreamingClientHttpRequest.java:71)
	at org.springframework.http.client.AbstractClientHttpRequest.execute(AbstractClientHttpRequest.java:81)
	at org.springframework.http.client.InterceptingClientHttpRequest$InterceptingRequestExecution.execute(InterceptingClientHttpRequest.java:117)
	at org.springframework.cloud.netflix.eureka.http.RestTemplateTransportClientFactory.lambda$restTemplate$2(RestTemplateTransportClientFactory.java:145)
	at org.springframework.http.client.InterceptingClientHttpRequest$InterceptingRequestExecution.execute(InterceptingClientHttpRequest.java:88)
	at org.springframework.http.client.InterceptingClientHttpRequest.executeInternal(InterceptingClientHttpRequest.java:72)
	at org.springframework.http.client.AbstractBufferingClientHttpRequest.executeInternal(AbstractBufferingClientHttpRequest.java:48)
	at org.springframework.http.client.AbstractClientHttpRequest.execute(AbstractClientHttpRequest.java:81)
	at org.springframework.web.client.RestTemplate.doExecute(RestTemplate.java:900)
	... 39 more

2026-02-11 09:38:53 [userService,/] WARN  c.n.d.s.t.d.RetryableEurekaHttpClient
                - Request execution failed with message: I/O error on DELETE request for "http://localhost:8761/eureka/apps/USERSERVICE/userService:91288ba1d683e40b1a6f9338342f0e1c": Connect to http://localhost:8761 failed: Connection refused: getsockopt
2026-02-11 09:38:53 [userService,/] ERROR c.netflix.discovery.DiscoveryClient
                - DiscoveryClient_USERSERVICE/userService:91288ba1d683e40b1a6f9338342f0e1c - de-registration failedCannot execute request on any known server
com.netflix.discovery.shared.transport.TransportException: Cannot execute request on any known server
	at com.netflix.discovery.shared.transport.decorator.RetryableEurekaHttpClient.execute(RetryableEurekaHttpClient.java:112)
	at com.netflix.discovery.shared.transport.decorator.EurekaHttpClientDecorator.cancel(EurekaHttpClientDecorator.java:71)
	at com.netflix.discovery.shared.transport.decorator.EurekaHttpClientDecorator$2.execute(EurekaHttpClientDecorator.java:74)
	at com.netflix.discovery.shared.transport.decorator.SessionedEurekaHttpClient.execute(SessionedEurekaHttpClient.java:76)
	at com.netflix.discovery.shared.transport.decorator.EurekaHttpClientDecorator.cancel(EurekaHttpClientDecorator.java:71)
	at com.netflix.discovery.DiscoveryClient.unregister(DiscoveryClient.java:919)
	at com.netflix.discovery.DiscoveryClient.shutdown(DiscoveryClient.java:900)
	at java.base/jdk.internal.reflect.DirectMethodHandleAccessor.invoke(DirectMethodHandleAccessor.java:104)
	at java.base/java.lang.reflect.Method.invoke(Method.java:565)
	at org.springframework.beans.factory.annotation.InitDestroyAnnotationBeanPostProcessor$LifecycleMethod.invoke(InitDestroyAnnotationBeanPostProcessor.java:457)
	at org.springframework.beans.factory.annotation.InitDestroyAnnotationBeanPostProcessor$LifecycleMetadata.invokeDestroyMethods(InitDestroyAnnotationBeanPostProcessor.java:415)
	at org.springframework.beans.factory.annotation.InitDestroyAnnotationBeanPostProcessor.postProcessBeforeDestruction(InitDestroyAnnotationBeanPostProcessor.java:239)
	at org.springframework.beans.factory.support.DisposableBeanAdapter.destroy(DisposableBeanAdapter.java:203)
	at org.springframework.beans.factory.support.DisposableBeanAdapter.run(DisposableBeanAdapter.java:196)
	at org.springframework.cloud.context.scope.GenericScope$BeanLifecycleWrapper.destroy(GenericScope.java:387)
	at org.springframework.cloud.context.scope.GenericScope.destroy(GenericScope.java:134)
	at org.springframework.beans.factory.support.DisposableBeanAdapter.destroy(DisposableBeanAdapter.java:212)
	at org.springframework.beans.factory.support.DefaultSingletonBeanRegistry.destroyBean(DefaultSingletonBeanRegistry.java:798)
	at org.springframework.beans.factory.support.DefaultSingletonBeanRegistry.destroySingleton(DefaultSingletonBeanRegistry.java:748)
	at org.springframework.beans.factory.support.DefaultListableBeanFactory.destroySingleton(DefaultListableBeanFactory.java:1489)
	at org.springframework.beans.factory.support.DefaultSingletonBeanRegistry.destroySingletons(DefaultSingletonBeanRegistry.java:707)
	at org.springframework.beans.factory.support.DefaultListableBeanFactory.destroySingletons(DefaultListableBeanFactory.java:1482)
	at org.springframework.context.support.AbstractApplicationContext.destroyBeans(AbstractApplicationContext.java:1219)
	at org.springframework.context.support.AbstractApplicationContext.doClose(AbstractApplicationContext.java:1180)
	at org.springframework.boot.web.servlet.context.ServletWebServerApplicationContext.doClose(ServletWebServerApplicationContext.java:179)
	at org.springframework.context.support.AbstractApplicationContext.close(AbstractApplicationContext.java:1126)
	at org.springframework.boot.SpringApplication.handleRunFailure(SpringApplication.java:814)
	at org.springframework.boot.SpringApplication.run(SpringApplication.java:328)
	at org.springframework.boot.SpringApplication.run(SpringApplication.java:1361)
	at org.springframework.boot.SpringApplication.run(SpringApplication.java:1350)
	at org.genc.usermgmt.UserManagementServiceApplication.main(UserManagementServiceApplication.java:12)
2026-02-11 09:38:53 [userService,/] INFO  c.netflix.discovery.DiscoveryClient
                - Completed shut down of DiscoveryClient
2026-02-11 09:41:59 [userService,/] INFO  o.g.u.UserManagementServiceApplication
                - Starting UserManagementServiceApplication using Java 25 with PID 29780 (C:\Users\2464280\gencWorkspaces\practiceWorkspace\usermanagementservice\target\classes started by 2464280 in C:\Users\2464280\gencWorkspaces\practiceWorkspace\usermanagementservice)
2026-02-11 09:41:59 [userService,/] DEBUG o.g.u.UserManagementServiceApplication
                - Running with Spring Boot v3.5.6, Spring v6.2.11
2026-02-11 09:41:59 [userService,/] INFO  o.g.u.UserManagementServiceApplication
                - The following 1 profile is active: "genc"
2026-02-11 09:42:00 [userService,/] INFO  o.s.d.r.c.RepositoryConfigurationDelegate
                - Bootstrapping Spring Data JPA repositories in DEFAULT mode.
2026-02-11 09:42:01 [userService,/] INFO  o.s.d.r.c.RepositoryConfigurationDelegate
                - Finished Spring Data repository scanning in 159 ms. Found 2 JPA repository interfaces.
2026-02-11 09:42:01 [userService,/] INFO  o.s.cloud.context.scope.GenericScope
                - BeanFactory id=1e8a737c-9911-3451-bb95-a35137ab880f
2026-02-11 09:42:01 [userService,/] INFO  o.s.b.w.e.tomcat.TomcatWebServer
                - Tomcat initialized with port 8086 (http)
2026-02-11 09:42:01 [userService,/] INFO  o.a.catalina.core.StandardService
                - Starting service [Tomcat]
2026-02-11 09:42:01 [userService,/] INFO  o.a.catalina.core.StandardEngine
                - Starting Servlet engine: [Apache Tomcat/10.1.46]
2026-02-11 09:42:02 [userService,/] INFO  o.a.c.c.C.[Tomcat].[localhost].[/]
                - Initializing Spring embedded WebApplicationContext
2026-02-11 09:42:02 [userService,/] INFO  o.s.b.w.s.c.ServletWebServerApplicationContext
                - Root WebApplicationContext: initialization completed in 2232 ms
2026-02-11 09:42:02 [userService,/] INFO  o.h.jpa.internal.util.LogHelper
                - HHH000204: Processing PersistenceUnitInfo [name: default]
2026-02-11 09:42:02 [userService,/] INFO  org.hibernate.Version
                - HHH000412: Hibernate ORM core version 6.6.29.Final
2026-02-11 09:42:02 [userService,/] INFO  o.h.c.i.RegionFactoryInitiator
                - HHH000026: Second-level cache disabled
2026-02-11 09:42:02 [userService,/] INFO  o.s.o.j.p.SpringPersistenceUnitInfo
                - No LoadTimeWeaver setup: ignoring JPA class transformer
2026-02-11 09:42:02 [userService,/] INFO  com.zaxxer.hikari.HikariDataSource
                - HikariPool-1 - Starting...
2026-02-11 09:42:02 [userService,/] INFO  com.zaxxer.hikari.pool.HikariPool
                - HikariPool-1 - Added connection com.mysql.cj.jdbc.ConnectionImpl@293ecff6
2026-02-11 09:42:02 [userService,/] INFO  com.zaxxer.hikari.HikariDataSource
                - HikariPool-1 - Start completed.
2026-02-11 09:42:02 [userService,/] WARN  org.hibernate.orm.deprecation
                - HHH90000025: MySQLDialect does not need to be specified explicitly using 'hibernate.dialect' (remove the property setting and it will be selected by default)
2026-02-11 09:42:02 [userService,/] INFO  o.hibernate.orm.connections.pooling
                - HHH10001005: Database info:
	Database JDBC URL [Connecting through datasource 'HikariDataSource (HikariPool-1)']
	Database driver: undefined/unknown
	Database version: 8.0.44
	Autocommit mode: undefined/unknown
	Isolation level: undefined/unknown
	Minimum pool size: undefined/unknown
	Maximum pool size: undefined/unknown
2026-02-11 09:42:03 [userService,/] INFO  o.h.e.t.j.p.i.JtaPlatformInitiator
                - HHH000489: No JTA platform available (set 'hibernate.transaction.jta.platform' to enable JTA platform integration)
2026-02-11 09:42:03 [userService,/] INFO  o.s.o.j.LocalContainerEntityManagerFactoryBean
                - Initialized JPA EntityManagerFactory for persistence unit 'default'
2026-02-11 09:42:04 [userService,/] DEBUG o.g.u.filter.JwtAuthenticationFilter
                - Filter 'jwtAuthenticationFilter' configured for use
2026-02-11 09:42:04 [userService,/] INFO  o.s.s.c.a.a.c.InitializeUserDetailsBeanManagerConfigurer$InitializeUserDetailsManagerConfigurer
                - Global AuthenticationManager configured with UserDetailsService bean with name customUserDetailsService
2026-02-11 09:42:04 [userService,/] WARN  o.s.b.a.o.j.JpaBaseConfiguration$JpaWebConfiguration
                - spring.jpa.open-in-view is enabled by default. Therefore, database queries may be performed during view rendering. Explicitly configure spring.jpa.open-in-view to disable this warning
2026-02-11 09:42:05 [userService,/] INFO  o.s.c.n.e.c.DiscoveryClientOptionalArgsConfiguration
                - Eureka HTTP Client uses RestTemplate.
2026-02-11 09:42:05 [userService,/] WARN  o.s.c.l.c.LoadBalancerCacheAutoConfiguration$LoadBalancerCaffeineWarnLogger
                - Spring Cloud LoadBalancer is currently working with the default cache. While this cache implementation is useful for development and tests, it's recommended to use Caffeine cache in production.You can switch to using Caffeine cache, by adding it and org.springframework.cache.caffeine.CaffeineCacheManager to the classpath.
2026-02-11 09:42:05 [userService,/] INFO  o.s.c.n.eureka.InstanceInfoFactory
                - Setting initial instance status as: STARTING
2026-02-11 09:42:05 [userService,/] INFO  c.netflix.discovery.DiscoveryClient
                - Initializing Eureka in region us-east-1
2026-02-11 09:42:05 [userService,/] INFO  c.n.d.s.r.aws.ConfigClusterResolver
                - Resolving eureka endpoints via configuration
2026-02-11 09:42:05 [userService,/] INFO  c.netflix.discovery.DiscoveryClient
                - Disable delta property : false
2026-02-11 09:42:05 [userService,/] INFO  c.netflix.discovery.DiscoveryClient
                - Single vip registry refresh property : null
2026-02-11 09:42:05 [userService,/] INFO  c.netflix.discovery.DiscoveryClient
                - Force full registry fetch : false
2026-02-11 09:42:05 [userService,/] INFO  c.netflix.discovery.DiscoveryClient
                - Application is null : false
2026-02-11 09:42:05 [userService,/] INFO  c.netflix.discovery.DiscoveryClient
                - Registered Applications size is zero : true
2026-02-11 09:42:05 [userService,/] INFO  c.netflix.discovery.DiscoveryClient
                - Application version is -1: true
2026-02-11 09:42:05 [userService,/] INFO  c.netflix.discovery.DiscoveryClient
                - Getting all instance registry info from the eureka server
2026-02-11 09:42:05 [userService,/] INFO  c.n.d.s.t.d.RedirectingEurekaHttpClient
                - Request execution error. endpoint=DefaultEndpoint{ serviceUrl='http://localhost:8761/eureka/}, exception=I/O error on GET request for "http://localhost:8761/eureka/apps/": Connect to http://localhost:8761 failed: Connection refused: getsockopt stacktrace=org.springframework.web.client.ResourceAccessException: I/O error on GET request for "http://localhost:8761/eureka/apps/": Connect to http://localhost:8761 failed: Connection refused: getsockopt
	at org.springframework.web.client.RestTemplate.createResourceAccessException(RestTemplate.java:926)
	at org.springframework.web.client.RestTemplate.doExecute(RestTemplate.java:906)
	at org.springframework.web.client.RestTemplate.execute(RestTemplate.java:841)
	at org.springframework.web.client.RestTemplate.exchange(RestTemplate.java:702)
	at org.springframework.cloud.netflix.eureka.http.RestTemplateEurekaHttpClient.getApplicationsInternal(RestTemplateEurekaHttpClient.java:174)
	at org.springframework.cloud.netflix.eureka.http.RestTemplateEurekaHttpClient.getApplications(RestTemplateEurekaHttpClient.java:162)
	at com.netflix.discovery.shared.transport.decorator.EurekaHttpClientDecorator$6.execute(EurekaHttpClientDecorator.java:137)
	at com.netflix.discovery.shared.transport.decorator.RedirectingEurekaHttpClient.executeOnNewServer(RedirectingEurekaHttpClient.java:121)
	at com.netflix.discovery.shared.transport.decorator.RedirectingEurekaHttpClient.execute(RedirectingEurekaHttpClient.java:80)
	at com.netflix.discovery.shared.transport.decorator.EurekaHttpClientDecorator.getApplications(EurekaHttpClientDecorator.java:134)
	at com.netflix.discovery.shared.transport.decorator.EurekaHttpClientDecorator$6.execute(EurekaHttpClientDecorator.java:137)
	at com.netflix.discovery.shared.transport.decorator.RetryableEurekaHttpClient.execute(RetryableEurekaHttpClient.java:120)
	at com.netflix.discovery.shared.transport.decorator.EurekaHttpClientDecorator.getApplications(EurekaHttpClientDecorator.java:134)
	at com.netflix.discovery.shared.transport.decorator.EurekaHttpClientDecorator$6.execute(EurekaHttpClientDecorator.java:137)
	at com.netflix.discovery.shared.transport.decorator.SessionedEurekaHttpClient.execute(SessionedEurekaHttpClient.java:76)
	at com.netflix.discovery.shared.transport.decorator.EurekaHttpClientDecorator.getApplications(EurekaHttpClientDecorator.java:134)
	at com.netflix.discovery.DiscoveryClient.getAndStoreFullRegistry(DiscoveryClient.java:1046)
	at com.netflix.discovery.DiscoveryClient.fetchRegistry(DiscoveryClient.java:961)
	at com.netflix.discovery.DiscoveryClient.<init>(DiscoveryClient.java:410)
	at com.netflix.discovery.DiscoveryClient.<init>(DiscoveryClient.java:245)
	at com.netflix.discovery.DiscoveryClient.<init>(DiscoveryClient.java:240)
	at org.springframework.cloud.netflix.eureka.CloudEurekaClient.<init>(CloudEurekaClient.java:68)
	at org.springframework.cloud.netflix.eureka.EurekaClientAutoConfiguration$RefreshableEurekaClientConfiguration.eurekaClient(EurekaClientAutoConfiguration.java:324)
	at java.base/jdk.internal.reflect.DirectMethodHandleAccessor.invoke(DirectMethodHandleAccessor.java:104)
	at java.base/java.lang.reflect.Method.invoke(Method.java:565)
	at org.springframework.beans.factory.support.SimpleInstantiationStrategy.lambda$instantiate$0(SimpleInstantiationStrategy.java:172)
	at org.springframework.beans.factory.support.SimpleInstantiationStrategy.instantiateWithFactoryMethod(SimpleInstantiationStrategy.java:89)
	at org.springframework.beans.factory.support.SimpleInstantiationStrategy.instantiate(SimpleInstantiationStrategy.java:169)
	at org.springframework.beans.factory.support.ConstructorResolver.instantiate(ConstructorResolver.java:653)
	at org.springframework.beans.factory.support.ConstructorResolver.instantiateUsingFactoryMethod(ConstructorResolver.java:645)
	at org.springframework.beans.factory.support.AbstractAutowireCapableBeanFactory.instantiateUsingFactoryMethod(AbstractAutowireCapableBeanFactory.java:1375)
	at org.springframework.beans.factory.support.AbstractAutowireCapableBeanFactory.createBeanInstance(AbstractAutowireCapableBeanFactory.java:1205)
	at org.springframework.beans.factory.support.AbstractAutowireCapableBeanFactory.doCreateBean(AbstractAutowireCapableBeanFactory.java:569)
	at org.springframework.beans.factory.support.AbstractAutowireCapableBeanFactory.createBean(AbstractAutowireCapableBeanFactory.java:529)
	at org.springframework.beans.factory.support.AbstractBeanFactory.lambda$doGetBean$1(AbstractBeanFactory.java:378)
	at org.springframework.cloud.context.scope.GenericScope$BeanLifecycleWrapper.getBean(GenericScope.java:373)
	at org.springframework.cloud.context.scope.GenericScope.get(GenericScope.java:177)
	at org.springframework.beans.factory.support.AbstractBeanFactory.doGetBean(AbstractBeanFactory.java:375)
	at org.springframework.beans.factory.support.AbstractBeanFactory.getBean(AbstractBeanFactory.java:202)
	at org.springframework.aop.target.SimpleBeanTargetSource.getTarget(SimpleBeanTargetSource.java:35)
	at org.springframework.cloud.netflix.eureka.serviceregistry.EurekaRegistration.getTargetObject(EurekaRegistration.java:128)
	at org.springframework.cloud.netflix.eureka.serviceregistry.EurekaRegistration.getEurekaClient(EurekaRegistration.java:116)
	at java.base/jdk.internal.reflect.DirectMethodHandleAccessor.invoke(DirectMethodHandleAccessor.java:104)
	at java.base/java.lang.reflect.Method.invoke(Method.java:565)
	at org.springframework.util.ReflectionUtils.invokeMethod(ReflectionUtils.java:281)
	at org.springframework.cloud.context.scope.GenericScope$LockedScopedProxyFactoryBean.invoke(GenericScope.java:480)
	at org.springframework.aop.framework.ReflectiveMethodInvocation.proceed(ReflectiveMethodInvocation.java:184)
	at org.springframework.aop.framework.CglibAopProxy$DynamicAdvisedInterceptor.intercept(CglibAopProxy.java:728)
	at org.springframework.cloud.netflix.eureka.serviceregistry.EurekaRegistration$$SpringCGLIB$$0.getEurekaClient(<generated>)
	at org.springframework.cloud.netflix.eureka.serviceregistry.EurekaServiceRegistry.maybeInitializeClient(EurekaServiceRegistry.java:83)
	at org.springframework.cloud.netflix.eureka.serviceregistry.EurekaServiceRegistry.register(EurekaServiceRegistry.java:66)
	at org.springframework.cloud.netflix.eureka.serviceregistry.EurekaAutoServiceRegistration.start(EurekaAutoServiceRegistration.java:89)
	at org.springframework.context.support.DefaultLifecycleProcessor.doStart(DefaultLifecycleProcessor.java:405)
	at org.springframework.context.support.DefaultLifecycleProcessor.doStart(DefaultLifecycleProcessor.java:394)
	at org.springframework.context.support.DefaultLifecycleProcessor$LifecycleGroup.start(DefaultLifecycleProcessor.java:586)
	at java.base/java.lang.Iterable.forEach(Iterable.java:75)
	at org.springframework.context.support.DefaultLifecycleProcessor.startBeans(DefaultLifecycleProcessor.java:364)
	at org.springframework.context.support.DefaultLifecycleProcessor.onRefresh(DefaultLifecycleProcessor.java:310)
	at org.springframework.context.support.AbstractApplicationContext.finishRefresh(AbstractApplicationContext.java:1006)
	at org.springframework.context.support.AbstractApplicationContext.refresh(AbstractApplicationContext.java:630)
	at org.springframework.boot.web.servlet.context.ServletWebServerApplicationContext.refresh(ServletWebServerApplicationContext.java:146)
	at org.springframework.boot.SpringApplication.refresh(SpringApplication.java:752)
	at org.springframework.boot.SpringApplication.refreshContext(SpringApplication.java:439)
	at org.springframework.boot.SpringApplication.run(SpringApplication.java:318)
	at org.springframework.boot.SpringApplication.run(SpringApplication.java:1361)
	at org.springframework.boot.SpringApplication.run(SpringApplication.java:1350)
	at org.genc.usermgmt.UserManagementServiceApplication.main(UserManagementServiceApplication.java:12)
Caused by: org.apache.hc.client5.http.HttpHostConnectException: Connect to http://localhost:8761 failed: Connection refused: getsockopt
	at java.base/sun.nio.ch.Net.pollConnect(Native Method)
	at java.base/sun.nio.ch.Net.pollConnectNow(Net.java:639)
	at java.base/sun.nio.ch.NioSocketImpl.timedFinishConnect(NioSocketImpl.java:543)
	at java.base/sun.nio.ch.NioSocketImpl.connect(NioSocketImpl.java:594)
	at java.base/java.net.SocksSocketImpl.connect(SocksSocketImpl.java:284)
	at java.base/java.net.Socket.connect(Socket.java:659)
	at org.apache.hc.client5.http.impl.io.DefaultHttpClientConnectionOperator.connect(DefaultHttpClientConnectionOperator.java:205)
	at org.apache.hc.client5.http.impl.io.PoolingHttpClientConnectionManager.connect(PoolingHttpClientConnectionManager.java:490)
	at org.apache.hc.client5.http.impl.classic.InternalExecRuntime.connectEndpoint(InternalExecRuntime.java:164)
	at org.apache.hc.client5.http.impl.classic.InternalExecRuntime.connectEndpoint(InternalExecRuntime.java:174)
	at org.apache.hc.client5.http.impl.classic.ConnectExec.execute(ConnectExec.java:144)
	at org.apache.hc.client5.http.impl.classic.ExecChainElement.execute(ExecChainElement.java:51)
	at org.apache.hc.client5.http.impl.classic.ProtocolExec.execute(ProtocolExec.java:195)
	at org.apache.hc.client5.http.impl.classic.ExecChainElement.execute(ExecChainElement.java:51)
	at org.apache.hc.client5.http.impl.classic.ContentCompressionExec.execute(ContentCompressionExec.java:150)
	at org.apache.hc.client5.http.impl.classic.ExecChainElement.execute(ExecChainElement.java:51)
	at org.apache.hc.client5.http.impl.classic.HttpRequestRetryExec.execute(HttpRequestRetryExec.java:113)
	at org.apache.hc.client5.http.impl.classic.ExecChainElement.execute(ExecChainElement.java:51)
	at org.apache.hc.client5.http.impl.classic.RedirectExec.execute(RedirectExec.java:110)
	at org.apache.hc.client5.http.impl.classic.ExecChainElement.execute(ExecChainElement.java:51)
	at org.apache.hc.client5.http.impl.classic.InternalHttpClient.doExecute(InternalHttpClient.java:185)
	at org.apache.hc.client5.http.impl.classic.CloseableHttpClient.execute(CloseableHttpClient.java:87)
	at org.apache.hc.client5.http.impl.classic.CloseableHttpClient.execute(CloseableHttpClient.java:55)
	at org.apache.hc.client5.http.classic.HttpClient.executeOpen(HttpClient.java:183)
	at org.springframework.http.client.HttpComponentsClientHttpRequest.executeInternal(HttpComponentsClientHttpRequest.java:99)
	at org.springframework.http.client.AbstractStreamingClientHttpRequest.executeInternal(AbstractStreamingClientHttpRequest.java:71)
	at org.springframework.http.client.AbstractClientHttpRequest.execute(AbstractClientHttpRequest.java:81)
	at org.springframework.http.client.InterceptingClientHttpRequest$InterceptingRequestExecution.execute(InterceptingClientHttpRequest.java:117)
	at org.springframework.cloud.netflix.eureka.http.RestTemplateTransportClientFactory.lambda$restTemplate$2(RestTemplateTransportClientFactory.java:145)
	at org.springframework.http.client.InterceptingClientHttpRequest$InterceptingRequestExecution.execute(InterceptingClientHttpRequest.java:88)
	at org.springframework.http.client.InterceptingClientHttpRequest.executeInternal(InterceptingClientHttpRequest.java:72)
	at org.springframework.http.client.AbstractBufferingClientHttpRequest.executeInternal(AbstractBufferingClientHttpRequest.java:48)
	at org.springframework.http.client.AbstractClientHttpRequest.execute(AbstractClientHttpRequest.java:81)
	at org.springframework.web.client.RestTemplate.doExecute(RestTemplate.java:900)
	... 65 more

2026-02-11 09:42:05 [userService,/] WARN  c.n.d.s.t.d.RetryableEurekaHttpClient
                - Request execution failed with message: I/O error on GET request for "http://localhost:8761/eureka/apps/": Connect to http://localhost:8761 failed: Connection refused: getsockopt
2026-02-11 09:42:05 [userService,/] INFO  c.netflix.discovery.DiscoveryClient
                - DiscoveryClient_USERSERVICE/userService:0dfdb9540a7bab9f1925cce1cdbefabc - was unable to refresh its cache! This periodic background refresh will be retried in 30 seconds. status = Cannot execute request on any known server stacktrace = com.netflix.discovery.shared.transport.TransportException: Cannot execute request on any known server
	at com.netflix.discovery.shared.transport.decorator.RetryableEurekaHttpClient.execute(RetryableEurekaHttpClient.java:112)
	at com.netflix.discovery.shared.transport.decorator.EurekaHttpClientDecorator.getApplications(EurekaHttpClientDecorator.java:134)
	at com.netflix.discovery.shared.transport.decorator.EurekaHttpClientDecorator$6.execute(EurekaHttpClientDecorator.java:137)
	at com.netflix.discovery.shared.transport.decorator.SessionedEurekaHttpClient.execute(SessionedEurekaHttpClient.java:76)
	at com.netflix.discovery.shared.transport.decorator.EurekaHttpClientDecorator.getApplications(EurekaHttpClientDecorator.java:134)
	at com.netflix.discovery.DiscoveryClient.getAndStoreFullRegistry(DiscoveryClient.java:1046)
	at com.netflix.discovery.DiscoveryClient.fetchRegistry(DiscoveryClient.java:961)
	at com.netflix.discovery.DiscoveryClient.<init>(DiscoveryClient.java:410)
	at com.netflix.discovery.DiscoveryClient.<init>(DiscoveryClient.java:245)
	at com.netflix.discovery.DiscoveryClient.<init>(DiscoveryClient.java:240)
	at org.springframework.cloud.netflix.eureka.CloudEurekaClient.<init>(CloudEurekaClient.java:68)
	at org.springframework.cloud.netflix.eureka.EurekaClientAutoConfiguration$RefreshableEurekaClientConfiguration.eurekaClient(EurekaClientAutoConfiguration.java:324)
	at java.base/jdk.internal.reflect.DirectMethodHandleAccessor.invoke(DirectMethodHandleAccessor.java:104)
	at java.base/java.lang.reflect.Method.invoke(Method.java:565)
	at org.springframework.beans.factory.support.SimpleInstantiationStrategy.lambda$instantiate$0(SimpleInstantiationStrategy.java:172)
	at org.springframework.beans.factory.support.SimpleInstantiationStrategy.instantiateWithFactoryMethod(SimpleInstantiationStrategy.java:89)
	at org.springframework.beans.factory.support.SimpleInstantiationStrategy.instantiate(SimpleInstantiationStrategy.java:169)
	at org.springframework.beans.factory.support.ConstructorResolver.instantiate(ConstructorResolver.java:653)
	at org.springframework.beans.factory.support.ConstructorResolver.instantiateUsingFactoryMethod(ConstructorResolver.java:645)
	at org.springframework.beans.factory.support.AbstractAutowireCapableBeanFactory.instantiateUsingFactoryMethod(AbstractAutowireCapableBeanFactory.java:1375)
	at org.springframework.beans.factory.support.AbstractAutowireCapableBeanFactory.createBeanInstance(AbstractAutowireCapableBeanFactory.java:1205)
	at org.springframework.beans.factory.support.AbstractAutowireCapableBeanFactory.doCreateBean(AbstractAutowireCapableBeanFactory.java:569)
	at org.springframework.beans.factory.support.AbstractAutowireCapableBeanFactory.createBean(AbstractAutowireCapableBeanFactory.java:529)
	at org.springframework.beans.factory.support.AbstractBeanFactory.lambda$doGetBean$1(AbstractBeanFactory.java:378)
	at org.springframework.cloud.context.scope.GenericScope$BeanLifecycleWrapper.getBean(GenericScope.java:373)
	at org.springframework.cloud.context.scope.GenericScope.get(GenericScope.java:177)
	at org.springframework.beans.factory.support.AbstractBeanFactory.doGetBean(AbstractBeanFactory.java:375)
	at org.springframework.beans.factory.support.AbstractBeanFactory.getBean(AbstractBeanFactory.java:202)
	at org.springframework.aop.target.SimpleBeanTargetSource.getTarget(SimpleBeanTargetSource.java:35)
	at org.springframework.cloud.netflix.eureka.serviceregistry.EurekaRegistration.getTargetObject(EurekaRegistration.java:128)
	at org.springframework.cloud.netflix.eureka.serviceregistry.EurekaRegistration.getEurekaClient(EurekaRegistration.java:116)
	at java.base/jdk.internal.reflect.DirectMethodHandleAccessor.invoke(DirectMethodHandleAccessor.java:104)
	at java.base/java.lang.reflect.Method.invoke(Method.java:565)
	at org.springframework.util.ReflectionUtils.invokeMethod(ReflectionUtils.java:281)
	at org.springframework.cloud.context.scope.GenericScope$LockedScopedProxyFactoryBean.invoke(GenericScope.java:480)
	at org.springframework.aop.framework.ReflectiveMethodInvocation.proceed(ReflectiveMethodInvocation.java:184)
	at org.springframework.aop.framework.CglibAopProxy$DynamicAdvisedInterceptor.intercept(CglibAopProxy.java:728)
	at org.springframework.cloud.netflix.eureka.serviceregistry.EurekaRegistration$$SpringCGLIB$$0.getEurekaClient(<generated>)
	at org.springframework.cloud.netflix.eureka.serviceregistry.EurekaServiceRegistry.maybeInitializeClient(EurekaServiceRegistry.java:83)
	at org.springframework.cloud.netflix.eureka.serviceregistry.EurekaServiceRegistry.register(EurekaServiceRegistry.java:66)
	at org.springframework.cloud.netflix.eureka.serviceregistry.EurekaAutoServiceRegistration.start(EurekaAutoServiceRegistration.java:89)
	at org.springframework.context.support.DefaultLifecycleProcessor.doStart(DefaultLifecycleProcessor.java:405)
	at org.springframework.context.support.DefaultLifecycleProcessor.doStart(DefaultLifecycleProcessor.java:394)
	at org.springframework.context.support.DefaultLifecycleProcessor$LifecycleGroup.start(DefaultLifecycleProcessor.java:586)
	at java.base/java.lang.Iterable.forEach(Iterable.java:75)
	at org.springframework.context.support.DefaultLifecycleProcessor.startBeans(DefaultLifecycleProcessor.java:364)
	at org.springframework.context.support.DefaultLifecycleProcessor.onRefresh(DefaultLifecycleProcessor.java:310)
	at org.springframework.context.support.AbstractApplicationContext.finishRefresh(AbstractApplicationContext.java:1006)
	at org.springframework.context.support.AbstractApplicationContext.refresh(AbstractApplicationContext.java:630)
	at org.springframework.boot.web.servlet.context.ServletWebServerApplicationContext.refresh(ServletWebServerApplicationContext.java:146)
	at org.springframework.boot.SpringApplication.refresh(SpringApplication.java:752)
	at org.springframework.boot.SpringApplication.refreshContext(SpringApplication.java:439)
	at org.springframework.boot.SpringApplication.run(SpringApplication.java:318)
	at org.springframework.boot.SpringApplication.run(SpringApplication.java:1361)
	at org.springframework.boot.SpringApplication.run(SpringApplication.java:1350)
	at org.genc.usermgmt.UserManagementServiceApplication.main(UserManagementServiceApplication.java:12)

2026-02-11 09:42:05 [userService,/] INFO  c.netflix.discovery.DiscoveryClient
                - Initial registry fetch from primary servers failed
2026-02-11 09:42:05 [userService,/] WARN  c.netflix.discovery.DiscoveryClient
                - Using default backup registry implementation which does not do anything.
2026-02-11 09:42:05 [userService,/] INFO  c.netflix.discovery.DiscoveryClient
                - Initial registry fetch from backup servers failed
2026-02-11 09:42:05 [userService,/] INFO  c.netflix.discovery.DiscoveryClient
                - Starting heartbeat executor: renew interval is: 30
2026-02-11 09:42:05 [userService,/] INFO  c.n.discovery.InstanceInfoReplicator
                - InstanceInfoReplicator onDemand update allowed rate per min is 4
2026-02-11 09:42:05 [userService,/] INFO  c.netflix.discovery.DiscoveryClient
                - Discovery Client initialized at timestamp 1770783125782 with initial instances count: 0
2026-02-11 09:42:05 [userService,/] INFO  o.s.c.n.e.s.EurekaServiceRegistry
                - Registering application USERSERVICE with eureka with status UP
2026-02-11 09:42:05 [userService,/] INFO  c.netflix.discovery.DiscoveryClient
                - Saw local status change event StatusChangeEvent [timestamp=1770783125788, current=UP, previous=STARTING]
2026-02-11 09:42:05 [userService,/] INFO  c.netflix.discovery.DiscoveryClient
                - DiscoveryClient_USERSERVICE/userService:0dfdb9540a7bab9f1925cce1cdbefabc: registering service...
2026-02-11 09:42:05 [userService,/] INFO  o.s.b.w.e.tomcat.TomcatWebServer
                - Tomcat started on port 8086 (http) with context path '/'
2026-02-11 09:42:05 [userService,/] INFO  o.s.c.n.e.s.EurekaAutoServiceRegistration
                - Updating port to 8086
2026-02-11 09:42:05 [userService,/] INFO  c.n.d.s.t.d.RedirectingEurekaHttpClient
                - Request execution error. endpoint=DefaultEndpoint{ serviceUrl='http://localhost:8761/eureka/}, exception=I/O error on POST request for "http://localhost:8761/eureka/apps/USERSERVICE": Connect to http://localhost:8761 failed: Connection refused: getsockopt stacktrace=org.springframework.web.client.ResourceAccessException: I/O error on POST request for "http://localhost:8761/eureka/apps/USERSERVICE": Connect to http://localhost:8761 failed: Connection refused: getsockopt
	at org.springframework.web.client.RestTemplate.createResourceAccessException(RestTemplate.java:926)
	at org.springframework.web.client.RestTemplate.doExecute(RestTemplate.java:906)
	at org.springframework.web.client.RestTemplate.execute(RestTemplate.java:841)
	at org.springframework.web.client.RestTemplate.exchange(RestTemplate.java:702)
	at org.springframework.cloud.netflix.eureka.http.RestTemplateEurekaHttpClient.register(RestTemplateEurekaHttpClient.java:87)
	at com.netflix.discovery.shared.transport.decorator.EurekaHttpClientDecorator$1.execute(EurekaHttpClientDecorator.java:59)
	at com.netflix.discovery.shared.transport.decorator.RedirectingEurekaHttpClient.executeOnNewServer(RedirectingEurekaHttpClient.java:121)
	at com.netflix.discovery.shared.transport.decorator.RedirectingEurekaHttpClient.execute(RedirectingEurekaHttpClient.java:80)
	at com.netflix.discovery.shared.transport.decorator.EurekaHttpClientDecorator.register(EurekaHttpClientDecorator.java:56)
	at com.netflix.discovery.shared.transport.decorator.EurekaHttpClientDecorator$1.execute(EurekaHttpClientDecorator.java:59)
	at com.netflix.discovery.shared.transport.decorator.RetryableEurekaHttpClient.execute(RetryableEurekaHttpClient.java:120)
	at com.netflix.discovery.shared.transport.decorator.EurekaHttpClientDecorator.register(EurekaHttpClientDecorator.java:56)
	at com.netflix.discovery.shared.transport.decorator.EurekaHttpClientDecorator$1.execute(EurekaHttpClientDecorator.java:59)
	at com.netflix.discovery.shared.transport.decorator.SessionedEurekaHttpClient.execute(SessionedEurekaHttpClient.java:76)
	at com.netflix.discovery.shared.transport.decorator.EurekaHttpClientDecorator.register(EurekaHttpClientDecorator.java:56)
	at com.netflix.discovery.DiscoveryClient.register(DiscoveryClient.java:828)
	at com.netflix.discovery.InstanceInfoReplicator.run(InstanceInfoReplicator.java:125)
	at com.netflix.discovery.InstanceInfoReplicator$2.run(InstanceInfoReplicator.java:105)
	at java.base/java.util.concurrent.Executors$RunnableAdapter.call(Executors.java:545)
	at java.base/java.util.concurrent.FutureTask.run(FutureTask.java:328)
	at java.base/java.util.concurrent.ScheduledThreadPoolExecutor$ScheduledFutureTask.run(ScheduledThreadPoolExecutor.java:309)
	at java.base/java.util.concurrent.ThreadPoolExecutor.runWorker(ThreadPoolExecutor.java:1090)
	at java.base/java.util.concurrent.ThreadPoolExecutor$Worker.run(ThreadPoolExecutor.java:614)
	at java.base/java.lang.Thread.run(Thread.java:1474)
Caused by: org.apache.hc.client5.http.HttpHostConnectException: Connect to http://localhost:8761 failed: Connection refused: getsockopt
	at java.base/sun.nio.ch.Net.pollConnect(Native Method)
	at java.base/sun.nio.ch.Net.pollConnectNow(Net.java:639)
	at java.base/sun.nio.ch.NioSocketImpl.timedFinishConnect(NioSocketImpl.java:543)
	at java.base/sun.nio.ch.NioSocketImpl.connect(NioSocketImpl.java:594)
	at java.base/java.net.SocksSocketImpl.connect(SocksSocketImpl.java:284)
	at java.base/java.net.Socket.connect(Socket.java:659)
	at org.apache.hc.client5.http.impl.io.DefaultHttpClientConnectionOperator.connect(DefaultHttpClientConnectionOperator.java:205)
	at org.apache.hc.client5.http.impl.io.PoolingHttpClientConnectionManager.connect(PoolingHttpClientConnectionManager.java:490)
	at org.apache.hc.client5.http.impl.classic.InternalExecRuntime.connectEndpoint(InternalExecRuntime.java:164)
	at org.apache.hc.client5.http.impl.classic.InternalExecRuntime.connectEndpoint(InternalExecRuntime.java:174)
	at org.apache.hc.client5.http.impl.classic.ConnectExec.execute(ConnectExec.java:144)
	at org.apache.hc.client5.http.impl.classic.ExecChainElement.execute(ExecChainElement.java:51)
	at org.apache.hc.client5.http.impl.classic.ProtocolExec.execute(ProtocolExec.java:195)
	at org.apache.hc.client5.http.impl.classic.ExecChainElement.execute(ExecChainElement.java:51)
	at org.apache.hc.client5.http.impl.classic.ContentCompressionExec.execute(ContentCompressionExec.java:150)
	at org.apache.hc.client5.http.impl.classic.ExecChainElement.execute(ExecChainElement.java:51)
	at org.apache.hc.client5.http.impl.classic.HttpRequestRetryExec.execute(HttpRequestRetryExec.java:113)
	at org.apache.hc.client5.http.impl.classic.ExecChainElement.execute(ExecChainElement.java:51)
	at org.apache.hc.client5.http.impl.classic.RedirectExec.execute(RedirectExec.java:110)
	at org.apache.hc.client5.http.impl.classic.ExecChainElement.execute(ExecChainElement.java:51)
	at org.apache.hc.client5.http.impl.classic.InternalHttpClient.doExecute(InternalHttpClient.java:185)
	at org.apache.hc.client5.http.impl.classic.CloseableHttpClient.execute(CloseableHttpClient.java:87)
	at org.apache.hc.client5.http.impl.classic.CloseableHttpClient.execute(CloseableHttpClient.java:55)
	at org.apache.hc.client5.http.classic.HttpClient.executeOpen(HttpClient.java:183)
	at org.springframework.http.client.HttpComponentsClientHttpRequest.executeInternal(HttpComponentsClientHttpRequest.java:99)
	at org.springframework.http.client.AbstractStreamingClientHttpRequest.executeInternal(AbstractStreamingClientHttpRequest.java:71)
	at org.springframework.http.client.AbstractClientHttpRequest.execute(AbstractClientHttpRequest.java:81)
	at org.springframework.http.client.InterceptingClientHttpRequest$InterceptingRequestExecution.execute(InterceptingClientHttpRequest.java:117)
	at org.springframework.cloud.netflix.eureka.http.RestTemplateTransportClientFactory.lambda$restTemplate$2(RestTemplateTransportClientFactory.java:145)
	at org.springframework.http.client.InterceptingClientHttpRequest$InterceptingRequestExecution.execute(InterceptingClientHttpRequest.java:88)
	at org.springframework.http.client.InterceptingClientHttpRequest.executeInternal(InterceptingClientHttpRequest.java:72)
	at org.springframework.http.client.AbstractBufferingClientHttpRequest.executeInternal(AbstractBufferingClientHttpRequest.java:48)
	at org.springframework.http.client.AbstractClientHttpRequest.execute(AbstractClientHttpRequest.java:81)
	at org.springframework.web.client.RestTemplate.doExecute(RestTemplate.java:900)
	... 22 more

2026-02-11 09:42:05 [userService,/] WARN  c.n.d.s.t.d.RetryableEurekaHttpClient
                - Request execution failed with message: I/O error on POST request for "http://localhost:8761/eureka/apps/USERSERVICE": Connect to http://localhost:8761 failed: Connection refused: getsockopt
2026-02-11 09:42:05 [userService,/] WARN  c.netflix.discovery.DiscoveryClient
                - DiscoveryClient_USERSERVICE/userService:0dfdb9540a7bab9f1925cce1cdbefabc - registration failed Cannot execute request on any known server
com.netflix.discovery.shared.transport.TransportException: Cannot execute request on any known server
	at com.netflix.discovery.shared.transport.decorator.RetryableEurekaHttpClient.execute(RetryableEurekaHttpClient.java:112)
	at com.netflix.discovery.shared.transport.decorator.EurekaHttpClientDecorator.register(EurekaHttpClientDecorator.java:56)
	at com.netflix.discovery.shared.transport.decorator.EurekaHttpClientDecorator$1.execute(EurekaHttpClientDecorator.java:59)
	at com.netflix.discovery.shared.transport.decorator.SessionedEurekaHttpClient.execute(SessionedEurekaHttpClient.java:76)
	at com.netflix.discovery.shared.transport.decorator.EurekaHttpClientDecorator.register(EurekaHttpClientDecorator.java:56)
	at com.netflix.discovery.DiscoveryClient.register(DiscoveryClient.java:828)
	at com.netflix.discovery.InstanceInfoReplicator.run(InstanceInfoReplicator.java:125)
	at com.netflix.discovery.InstanceInfoReplicator$2.run(InstanceInfoReplicator.java:105)
	at java.base/java.util.concurrent.Executors$RunnableAdapter.call(Executors.java:545)
	at java.base/java.util.concurrent.FutureTask.run(FutureTask.java:328)
	at java.base/java.util.concurrent.ScheduledThreadPoolExecutor$ScheduledFutureTask.run(ScheduledThreadPoolExecutor.java:309)
	at java.base/java.util.concurrent.ThreadPoolExecutor.runWorker(ThreadPoolExecutor.java:1090)
	at java.base/java.util.concurrent.ThreadPoolExecutor$Worker.run(ThreadPoolExecutor.java:614)
	at java.base/java.lang.Thread.run(Thread.java:1474)
2026-02-11 09:42:05 [userService,/] WARN  c.n.discovery.InstanceInfoReplicator
                - There was a problem with the instance info replicator
com.netflix.discovery.shared.transport.TransportException: Cannot execute request on any known server
	at com.netflix.discovery.shared.transport.decorator.RetryableEurekaHttpClient.execute(RetryableEurekaHttpClient.java:112)
	at com.netflix.discovery.shared.transport.decorator.EurekaHttpClientDecorator.register(EurekaHttpClientDecorator.java:56)
	at com.netflix.discovery.shared.transport.decorator.EurekaHttpClientDecorator$1.execute(EurekaHttpClientDecorator.java:59)
	at com.netflix.discovery.shared.transport.decorator.SessionedEurekaHttpClient.execute(SessionedEurekaHttpClient.java:76)
	at com.netflix.discovery.shared.transport.decorator.EurekaHttpClientDecorator.register(EurekaHttpClientDecorator.java:56)
	at com.netflix.discovery.DiscoveryClient.register(DiscoveryClient.java:828)
	at com.netflix.discovery.InstanceInfoReplicator.run(InstanceInfoReplicator.java:125)
	at com.netflix.discovery.InstanceInfoReplicator$2.run(InstanceInfoReplicator.java:105)
	at java.base/java.util.concurrent.Executors$RunnableAdapter.call(Executors.java:545)
	at java.base/java.util.concurrent.FutureTask.run(FutureTask.java:328)
	at java.base/java.util.concurrent.ScheduledThreadPoolExecutor$ScheduledFutureTask.run(ScheduledThreadPoolExecutor.java:309)
	at java.base/java.util.concurrent.ThreadPoolExecutor.runWorker(ThreadPoolExecutor.java:1090)
	at java.base/java.util.concurrent.ThreadPoolExecutor$Worker.run(ThreadPoolExecutor.java:614)
	at java.base/java.lang.Thread.run(Thread.java:1474)
2026-02-11 09:42:05 [userService,/] INFO  o.s.b.w.e.tomcat.TomcatWebServer
                - Tomcat initialized with port 8090 (http)
2026-02-11 09:42:05 [userService,/] INFO  o.a.catalina.core.StandardService
                - Starting service [Tomcat]
2026-02-11 09:42:05 [userService,/] INFO  o.a.catalina.core.StandardEngine
                - Starting Servlet engine: [Apache Tomcat/10.1.46]
2026-02-11 09:42:05 [userService,/] INFO  o.a.c.c.C.[Tomcat-1].[localhost].[/]
                - Initializing Spring embedded WebApplicationContext
2026-02-11 09:42:05 [userService,/] INFO  o.s.b.w.s.c.ServletWebServerApplicationContext
                - Root WebApplicationContext: initialization completed in 160 ms
2026-02-11 09:42:05 [userService,/] INFO  o.s.b.a.e.web.EndpointLinksResolver
                - Exposing 17 endpoints beneath base path '/actuator'
2026-02-11 09:42:06 [userService,/] INFO  o.s.b.w.e.tomcat.TomcatWebServer
                - Tomcat started on port 8090 (http) with context path '/'
2026-02-11 09:42:06 [userService,/] INFO  o.g.u.UserManagementServiceApplication
                - Started UserManagementServiceApplication in 6.975 seconds (process running for 7.584)
2026-02-11 09:42:06 [userService,/] INFO  o.s.b.a.l.ConditionEvaluationReportLogger
                - 

Error starting ApplicationContext. To display the condition evaluation report re-run your application with 'debug' enabled.
2026-02-11 09:42:06 [userService,/] INFO  o.s.b.w.e.tomcat.GracefulShutdown
                - Commencing graceful shutdown. Waiting for active requests to complete
2026-02-11 09:42:06 [userService,/] INFO  o.s.b.w.e.tomcat.GracefulShutdown
                - Graceful shutdown complete
2026-02-11 09:42:06 [userService,/] ERROR o.s.boot.SpringApplication
                - Application run failed
org.springframework.orm.jpa.JpaSystemException: Null value was assigned to a property [class org.genc.usermgmt.entity.User.loyaltyPoints] of primitive type: 'org.genc.usermgmt.entity.User.loyaltyPoints' (setter)
	at org.springframework.orm.jpa.vendor.HibernateJpaDialect.convertHibernateAccessException(HibernateJpaDialect.java:348)
	at org.springframework.orm.jpa.vendor.HibernateJpaDialect.convertHibernateAccessException(HibernateJpaDialect.java:256)
	at org.springframework.orm.jpa.vendor.HibernateJpaDialect.translateExceptionIfPossible(HibernateJpaDialect.java:241)
	at org.springframework.orm.jpa.AbstractEntityManagerFactoryBean.translateExceptionIfPossible(AbstractEntityManagerFactoryBean.java:560)
	at org.springframework.dao.support.ChainedPersistenceExceptionTranslator.translateExceptionIfPossible(ChainedPersistenceExceptionTranslator.java:61)
	at org.springframework.dao.support.DataAccessUtils.translateIfNecessary(DataAccessUtils.java:343)
	at org.springframework.dao.support.PersistenceExceptionTranslationInterceptor.invoke(PersistenceExceptionTranslationInterceptor.java:160)
	at org.springframework.aop.framework.ReflectiveMethodInvocation.proceed(ReflectiveMethodInvocation.java:184)
	at org.springframework.data.jpa.repository.support.CrudMethodMetadataPostProcessor$CrudMethodMetadataPopulatingMethodInterceptor.invoke(CrudMethodMetadataPostProcessor.java:136)
	at org.springframework.aop.framework.ReflectiveMethodInvocation.proceed(ReflectiveMethodInvocation.java:184)
	at org.springframework.aop.framework.JdkDynamicAopProxy.invoke(JdkDynamicAopProxy.java:223)
	at jdk.proxy2/jdk.proxy2.$Proxy163.findByUsername(Unknown Source)
	at org.genc.usermgmt.service.impl.UserMgmtServiceImpl.registerNewUser(UserMgmtServiceImpl.java:33)
	at org.genc.usermgmt.config.SeedDataLoader.run(SeedDataLoader.java:44)
	at org.springframework.boot.SpringApplication.lambda$callRunner$5(SpringApplication.java:788)
	at org.springframework.util.function.ThrowingConsumer$1.acceptWithException(ThrowingConsumer.java:82)
	at org.springframework.util.function.ThrowingConsumer.accept(ThrowingConsumer.java:60)
	at org.springframework.util.function.ThrowingConsumer$1.accept(ThrowingConsumer.java:86)
	at org.springframework.boot.SpringApplication.callRunner(SpringApplication.java:796)
	at org.springframework.boot.SpringApplication.callRunner(SpringApplication.java:787)
	at org.springframework.boot.SpringApplication.lambda$callRunners$3(SpringApplication.java:772)
	at java.base/java.util.stream.ForEachOps$ForEachOp$OfRef.accept(ForEachOps.java:186)
	at java.base/java.util.stream.SortedOps$SizedRefSortingSink.end(SortedOps.java:357)
	at java.base/java.util.stream.AbstractPipeline.copyInto(AbstractPipeline.java:571)
	at java.base/java.util.stream.AbstractPipeline.wrapAndCopyInto(AbstractPipeline.java:560)
	at java.base/java.util.stream.ForEachOps$ForEachOp.evaluateSequential(ForEachOps.java:153)
	at java.base/java.util.stream.ForEachOps$ForEachOp$OfRef.evaluateSequential(ForEachOps.java:176)
	at java.base/java.util.stream.AbstractPipeline.evaluate(AbstractPipeline.java:265)
	at java.base/java.util.stream.ReferencePipeline.forEach(ReferencePipeline.java:632)
	at org.springframework.boot.SpringApplication.callRunners(SpringApplication.java:772)
	at org.springframework.boot.SpringApplication.run(SpringApplication.java:325)
	at org.springframework.boot.SpringApplication.run(SpringApplication.java:1361)
	at org.springframework.boot.SpringApplication.run(SpringApplication.java:1350)
	at org.genc.usermgmt.UserManagementServiceApplication.main(UserManagementServiceApplication.java:12)
Caused by: org.hibernate.PropertyAccessException: Null value was assigned to a property [class org.genc.usermgmt.entity.User.loyaltyPoints] of primitive type: 'org.genc.usermgmt.entity.User.loyaltyPoints' (setter)
	at org.hibernate.property.access.spi.SetterFieldImpl.set(SetterFieldImpl.java:63)
	at org.hibernate.persister.entity.AbstractEntityPersister.setPropertyValues(AbstractEntityPersister.java:4648)
	at org.hibernate.sql.results.graph.entity.internal.EntityInitializerImpl.initializeEntityInstance(EntityInitializerImpl.java:1353)
	at org.hibernate.sql.results.graph.entity.internal.EntityInitializerImpl.initializeInstance(EntityInitializerImpl.java:1316)
	at org.hibernate.sql.results.graph.entity.internal.EntityInitializerImpl.initializeInstance(EntityInitializerImpl.java:97)
	at org.hibernate.sql.results.internal.StandardRowReader.coordinateInitializers(StandardRowReader.java:244)
	at org.hibernate.sql.results.internal.StandardRowReader.readRow(StandardRowReader.java:141)
	at org.hibernate.sql.results.spi.ListResultsConsumer.read(ListResultsConsumer.java:249)
	at org.hibernate.sql.results.spi.ListResultsConsumer.consume(ListResultsConsumer.java:201)
	at org.hibernate.sql.results.spi.ListResultsConsumer.consume(ListResultsConsumer.java:35)
	at org.hibernate.sql.exec.internal.JdbcSelectExecutorStandardImpl.doExecuteQuery(JdbcSelectExecutorStandardImpl.java:224)
	at org.hibernate.sql.exec.internal.JdbcSelectExecutorStandardImpl.executeQuery(JdbcSelectExecutorStandardImpl.java:102)
	at org.hibernate.sql.exec.spi.JdbcSelectExecutor.executeQuery(JdbcSelectExecutor.java:91)
	at org.hibernate.sql.exec.spi.JdbcSelectExecutor.list(JdbcSelectExecutor.java:165)
	at org.hibernate.query.sqm.internal.ConcreteSqmSelectQueryPlan.lambda$new$1(ConcreteSqmSelectQueryPlan.java:149)
	at org.hibernate.query.sqm.internal.ConcreteSqmSelectQueryPlan.withCacheableSqmInterpretation(ConcreteSqmSelectQueryPlan.java:439)
	at org.hibernate.query.sqm.internal.ConcreteSqmSelectQueryPlan.performList(ConcreteSqmSelectQueryPlan.java:359)
	at org.hibernate.query.sqm.internal.QuerySqmImpl.doList(QuerySqmImpl.java:380)
	at org.hibernate.query.spi.AbstractSelectionQuery.list(AbstractSelectionQuery.java:143)
	at org.hibernate.query.spi.AbstractSelectionQuery.getSingleResult(AbstractSelectionQuery.java:275)
	at java.base/jdk.internal.reflect.DirectMethodHandleAccessor.invoke(DirectMethodHandleAccessor.java:104)
	at java.base/java.lang.reflect.Method.invoke(Method.java:565)
	at org.springframework.orm.jpa.SharedEntityManagerCreator$DeferredQueryInvocationHandler.invoke(SharedEntityManagerCreator.java:419)
	at jdk.proxy2/jdk.proxy2.$Proxy212.getSingleResult(Unknown Source)
	at org.springframework.data.jpa.repository.query.JpaQueryExecution$SingleEntityExecution.doExecute(JpaQueryExecution.java:226)
	at org.springframework.data.jpa.repository.query.JpaQueryExecution.execute(JpaQueryExecution.java:95)
	at org.springframework.data.jpa.repository.query.AbstractJpaQuery.doExecute(AbstractJpaQuery.java:160)
	at org.springframework.data.jpa.repository.query.AbstractJpaQuery.execute(AbstractJpaQuery.java:148)
	at org.springframework.data.repository.core.support.RepositoryMethodInvoker.doInvoke(RepositoryMethodInvoker.java:170)
	at org.springframework.data.repository.core.support.RepositoryMethodInvoker.invoke(RepositoryMethodInvoker.java:158)
	at org.springframework.data.repository.core.support.QueryExecutorMethodInterceptor.doInvoke(QueryExecutorMethodInterceptor.java:170)
	at org.springframework.data.repository.core.support.QueryExecutorMethodInterceptor.invoke(QueryExecutorMethodInterceptor.java:149)
	at org.springframework.aop.framework.ReflectiveMethodInvocation.proceed(ReflectiveMethodInvocation.java:184)
	at org.springframework.data.projection.DefaultMethodInvokingMethodInterceptor.invoke(DefaultMethodInvokingMethodInterceptor.java:69)
	at org.springframework.aop.framework.ReflectiveMethodInvocation.proceed(ReflectiveMethodInvocation.java:184)
	at org.springframework.transaction.interceptor.TransactionAspectSupport.invokeWithinTransaction(TransactionAspectSupport.java:380)
	at org.springframework.transaction.interceptor.TransactionInterceptor.invoke(TransactionInterceptor.java:119)
	at org.springframework.aop.framework.ReflectiveMethodInvocation.proceed(ReflectiveMethodInvocation.java:184)
	at org.springframework.dao.support.PersistenceExceptionTranslationInterceptor.invoke(PersistenceExceptionTranslationInterceptor.java:138)
	... 27 common frames omitted
Caused by: java.lang.IllegalArgumentException: Can not set int field org.genc.usermgmt.entity.User.loyaltyPoints to null value
	at java.base/jdk.internal.reflect.FieldAccessorImpl.throwSetIllegalArgumentException(FieldAccessorImpl.java:223)
	at java.base/jdk.internal.reflect.FieldAccessorImpl.throwSetIllegalArgumentException(FieldAccessorImpl.java:227)
	at java.base/jdk.internal.reflect.MethodHandleIntegerFieldAccessorImpl.set(MethodHandleIntegerFieldAccessorImpl.java:111)
	at java.base/java.lang.reflect.Field.set(Field.java:832)
	at org.hibernate.property.access.spi.SetterFieldImpl.set(SetterFieldImpl.java:57)
	... 65 common frames omitted
2026-02-11 09:42:06 [userService,/] INFO  o.s.c.n.e.s.EurekaServiceRegistry
                - Unregistering application USERSERVICE with eureka with status DOWN
2026-02-11 09:42:06 [userService,/] INFO  c.netflix.discovery.DiscoveryClient
                - Saw local status change event StatusChangeEvent [timestamp=1770783126394, current=DOWN, previous=UP]
2026-02-11 09:42:06 [userService,/] INFO  c.netflix.discovery.DiscoveryClient
                - DiscoveryClient_USERSERVICE/userService:0dfdb9540a7bab9f1925cce1cdbefabc: registering service...
2026-02-11 09:42:06 [userService,/] INFO  o.s.b.w.e.tomcat.GracefulShutdown
                - Commencing graceful shutdown. Waiting for active requests to complete
2026-02-11 09:42:06 [userService,/] INFO  o.s.b.w.e.tomcat.GracefulShutdown
                - Graceful shutdown complete
2026-02-11 09:42:06 [userService,/] INFO  o.s.o.j.LocalContainerEntityManagerFactoryBean
                - Closing JPA EntityManagerFactory for persistence unit 'default'
2026-02-11 09:42:06 [userService,/] INFO  com.zaxxer.hikari.HikariDataSource
                - HikariPool-1 - Shutdown initiated...
2026-02-11 09:42:06 [userService,/] INFO  c.n.d.s.t.d.RedirectingEurekaHttpClient
                - Request execution error. endpoint=DefaultEndpoint{ serviceUrl='http://localhost:8761/eureka/}, exception=I/O error on POST request for "http://localhost:8761/eureka/apps/USERSERVICE": Connect to http://localhost:8761 failed: Connection refused: getsockopt stacktrace=org.springframework.web.client.ResourceAccessException: I/O error on POST request for "http://localhost:8761/eureka/apps/USERSERVICE": Connect to http://localhost:8761 failed: Connection refused: getsockopt
	at org.springframework.web.client.RestTemplate.createResourceAccessException(RestTemplate.java:926)
	at org.springframework.web.client.RestTemplate.doExecute(RestTemplate.java:906)
	at org.springframework.web.client.RestTemplate.execute(RestTemplate.java:841)
	at org.springframework.web.client.RestTemplate.exchange(RestTemplate.java:702)
	at org.springframework.cloud.netflix.eureka.http.RestTemplateEurekaHttpClient.register(RestTemplateEurekaHttpClient.java:87)
	at com.netflix.discovery.shared.transport.decorator.EurekaHttpClientDecorator$1.execute(EurekaHttpClientDecorator.java:59)
	at com.netflix.discovery.shared.transport.decorator.RedirectingEurekaHttpClient.executeOnNewServer(RedirectingEurekaHttpClient.java:121)
	at com.netflix.discovery.shared.transport.decorator.RedirectingEurekaHttpClient.execute(RedirectingEurekaHttpClient.java:80)
	at com.netflix.discovery.shared.transport.decorator.EurekaHttpClientDecorator.register(EurekaHttpClientDecorator.java:56)
	at com.netflix.discovery.shared.transport.decorator.EurekaHttpClientDecorator$1.execute(EurekaHttpClientDecorator.java:59)
	at com.netflix.discovery.shared.transport.decorator.RetryableEurekaHttpClient.execute(RetryableEurekaHttpClient.java:120)
	at com.netflix.discovery.shared.transport.decorator.EurekaHttpClientDecorator.register(EurekaHttpClientDecorator.java:56)
	at com.netflix.discovery.shared.transport.decorator.EurekaHttpClientDecorator$1.execute(EurekaHttpClientDecorator.java:59)
	at com.netflix.discovery.shared.transport.decorator.SessionedEurekaHttpClient.execute(SessionedEurekaHttpClient.java:76)
	at com.netflix.discovery.shared.transport.decorator.EurekaHttpClientDecorator.register(EurekaHttpClientDecorator.java:56)
	at com.netflix.discovery.DiscoveryClient.register(DiscoveryClient.java:828)
	at com.netflix.discovery.InstanceInfoReplicator.run(InstanceInfoReplicator.java:125)
	at com.netflix.discovery.InstanceInfoReplicator$2.run(InstanceInfoReplicator.java:105)
	at java.base/java.util.concurrent.Executors$RunnableAdapter.call(Executors.java:545)
	at java.base/java.util.concurrent.FutureTask.run(FutureTask.java:328)
	at java.base/java.util.concurrent.ScheduledThreadPoolExecutor$ScheduledFutureTask.run(ScheduledThreadPoolExecutor.java:309)
	at java.base/java.util.concurrent.ThreadPoolExecutor.runWorker(ThreadPoolExecutor.java:1090)
	at java.base/java.util.concurrent.ThreadPoolExecutor$Worker.run(ThreadPoolExecutor.java:614)
	at java.base/java.lang.Thread.run(Thread.java:1474)
Caused by: org.apache.hc.client5.http.HttpHostConnectException: Connect to http://localhost:8761 failed: Connection refused: getsockopt
	at java.base/sun.nio.ch.Net.pollConnect(Native Method)
	at java.base/sun.nio.ch.Net.pollConnectNow(Net.java:639)
	at java.base/sun.nio.ch.NioSocketImpl.timedFinishConnect(NioSocketImpl.java:543)
	at java.base/sun.nio.ch.NioSocketImpl.connect(NioSocketImpl.java:594)
	at java.base/java.net.SocksSocketImpl.connect(SocksSocketImpl.java:284)
	at java.base/java.net.Socket.connect(Socket.java:659)
	at org.apache.hc.client5.http.impl.io.DefaultHttpClientConnectionOperator.connect(DefaultHttpClientConnectionOperator.java:205)
	at org.apache.hc.client5.http.impl.io.PoolingHttpClientConnectionManager.connect(PoolingHttpClientConnectionManager.java:490)
	at org.apache.hc.client5.http.impl.classic.InternalExecRuntime.connectEndpoint(InternalExecRuntime.java:164)
	at org.apache.hc.client5.http.impl.classic.InternalExecRuntime.connectEndpoint(InternalExecRuntime.java:174)
	at org.apache.hc.client5.http.impl.classic.ConnectExec.execute(ConnectExec.java:144)
	at org.apache.hc.client5.http.impl.classic.ExecChainElement.execute(ExecChainElement.java:51)
	at org.apache.hc.client5.http.impl.classic.ProtocolExec.execute(ProtocolExec.java:195)
	at org.apache.hc.client5.http.impl.classic.ExecChainElement.execute(ExecChainElement.java:51)
	at org.apache.hc.client5.http.impl.classic.ContentCompressionExec.execute(ContentCompressionExec.java:150)
	at org.apache.hc.client5.http.impl.classic.ExecChainElement.execute(ExecChainElement.java:51)
	at org.apache.hc.client5.http.impl.classic.HttpRequestRetryExec.execute(HttpRequestRetryExec.java:113)
	at org.apache.hc.client5.http.impl.classic.ExecChainElement.execute(ExecChainElement.java:51)
	at org.apache.hc.client5.http.impl.classic.RedirectExec.execute(RedirectExec.java:110)
	at org.apache.hc.client5.http.impl.classic.ExecChainElement.execute(ExecChainElement.java:51)
	at org.apache.hc.client5.http.impl.classic.InternalHttpClient.doExecute(InternalHttpClient.java:185)
	at org.apache.hc.client5.http.impl.classic.CloseableHttpClient.execute(CloseableHttpClient.java:87)
	at org.apache.hc.client5.http.impl.classic.CloseableHttpClient.execute(CloseableHttpClient.java:55)
	at org.apache.hc.client5.http.classic.HttpClient.executeOpen(HttpClient.java:183)
	at org.springframework.http.client.HttpComponentsClientHttpRequest.executeInternal(HttpComponentsClientHttpRequest.java:99)
	at org.springframework.http.client.AbstractStreamingClientHttpRequest.executeInternal(AbstractStreamingClientHttpRequest.java:71)
	at org.springframework.http.client.AbstractClientHttpRequest.execute(AbstractClientHttpRequest.java:81)
	at org.springframework.http.client.InterceptingClientHttpRequest$InterceptingRequestExecution.execute(InterceptingClientHttpRequest.java:117)
	at org.springframework.cloud.netflix.eureka.http.RestTemplateTransportClientFactory.lambda$restTemplate$2(RestTemplateTransportClientFactory.java:145)
	at org.springframework.http.client.InterceptingClientHttpRequest$InterceptingRequestExecution.execute(InterceptingClientHttpRequest.java:88)
	at org.springframework.http.client.InterceptingClientHttpRequest.executeInternal(InterceptingClientHttpRequest.java:72)
	at org.springframework.http.client.AbstractBufferingClientHttpRequest.executeInternal(AbstractBufferingClientHttpRequest.java:48)
	at org.springframework.http.client.AbstractClientHttpRequest.execute(AbstractClientHttpRequest.java:81)
	at org.springframework.web.client.RestTemplate.doExecute(RestTemplate.java:900)
	... 22 more

2026-02-11 09:42:06 [userService,/] WARN  c.n.d.s.t.d.RetryableEurekaHttpClient
                - Request execution failed with message: I/O error on POST request for "http://localhost:8761/eureka/apps/USERSERVICE": Connect to http://localhost:8761 failed: Connection refused: getsockopt
2026-02-11 09:42:06 [userService,/] WARN  c.netflix.discovery.DiscoveryClient
                - DiscoveryClient_USERSERVICE/userService:0dfdb9540a7bab9f1925cce1cdbefabc - registration failed Cannot execute request on any known server
com.netflix.discovery.shared.transport.TransportException: Cannot execute request on any known server
	at com.netflix.discovery.shared.transport.decorator.RetryableEurekaHttpClient.execute(RetryableEurekaHttpClient.java:112)
	at com.netflix.discovery.shared.transport.decorator.EurekaHttpClientDecorator.register(EurekaHttpClientDecorator.java:56)
	at com.netflix.discovery.shared.transport.decorator.EurekaHttpClientDecorator$1.execute(EurekaHttpClientDecorator.java:59)
	at com.netflix.discovery.shared.transport.decorator.SessionedEurekaHttpClient.execute(SessionedEurekaHttpClient.java:76)
	at com.netflix.discovery.shared.transport.decorator.EurekaHttpClientDecorator.register(EurekaHttpClientDecorator.java:56)
	at com.netflix.discovery.DiscoveryClient.register(DiscoveryClient.java:828)
	at com.netflix.discovery.InstanceInfoReplicator.run(InstanceInfoReplicator.java:125)
	at com.netflix.discovery.InstanceInfoReplicator$2.run(InstanceInfoReplicator.java:105)
	at java.base/java.util.concurrent.Executors$RunnableAdapter.call(Executors.java:545)
	at java.base/java.util.concurrent.FutureTask.run(FutureTask.java:328)
	at java.base/java.util.concurrent.ScheduledThreadPoolExecutor$ScheduledFutureTask.run(ScheduledThreadPoolExecutor.java:309)
	at java.base/java.util.concurrent.ThreadPoolExecutor.runWorker(ThreadPoolExecutor.java:1090)
	at java.base/java.util.concurrent.ThreadPoolExecutor$Worker.run(ThreadPoolExecutor.java:614)
	at java.base/java.lang.Thread.run(Thread.java:1474)
2026-02-11 09:42:06 [userService,/] WARN  c.n.discovery.InstanceInfoReplicator
                - There was a problem with the instance info replicator
com.netflix.discovery.shared.transport.TransportException: Cannot execute request on any known server
	at com.netflix.discovery.shared.transport.decorator.RetryableEurekaHttpClient.execute(RetryableEurekaHttpClient.java:112)
	at com.netflix.discovery.shared.transport.decorator.EurekaHttpClientDecorator.register(EurekaHttpClientDecorator.java:56)
	at com.netflix.discovery.shared.transport.decorator.EurekaHttpClientDecorator$1.execute(EurekaHttpClientDecorator.java:59)
	at com.netflix.discovery.shared.transport.decorator.SessionedEurekaHttpClient.execute(SessionedEurekaHttpClient.java:76)
	at com.netflix.discovery.shared.transport.decorator.EurekaHttpClientDecorator.register(EurekaHttpClientDecorator.java:56)
	at com.netflix.discovery.DiscoveryClient.register(DiscoveryClient.java:828)
	at com.netflix.discovery.InstanceInfoReplicator.run(InstanceInfoReplicator.java:125)
	at com.netflix.discovery.InstanceInfoReplicator$2.run(InstanceInfoReplicator.java:105)
	at java.base/java.util.concurrent.Executors$RunnableAdapter.call(Executors.java:545)
	at java.base/java.util.concurrent.FutureTask.run(FutureTask.java:328)
	at java.base/java.util.concurrent.ScheduledThreadPoolExecutor$ScheduledFutureTask.run(ScheduledThreadPoolExecutor.java:309)
	at java.base/java.util.concurrent.ThreadPoolExecutor.runWorker(ThreadPoolExecutor.java:1090)
	at java.base/java.util.concurrent.ThreadPoolExecutor$Worker.run(ThreadPoolExecutor.java:614)
	at java.base/java.lang.Thread.run(Thread.java:1474)
2026-02-11 09:42:06 [userService,/] INFO  com.zaxxer.hikari.HikariDataSource
                - HikariPool-1 - Shutdown completed.
2026-02-11 09:42:06 [userService,/] INFO  c.netflix.discovery.DiscoveryClient
                - Shutting down DiscoveryClient ...
2026-02-11 09:42:09 [userService,/] INFO  c.netflix.discovery.DiscoveryClient
                - Unregistering ...
2026-02-11 09:42:09 [userService,/] INFO  c.n.d.s.t.d.RedirectingEurekaHttpClient
                - Request execution error. endpoint=DefaultEndpoint{ serviceUrl='http://localhost:8761/eureka/}, exception=I/O error on DELETE request for "http://localhost:8761/eureka/apps/USERSERVICE/userService:0dfdb9540a7bab9f1925cce1cdbefabc": Connect to http://localhost:8761 failed: Connection refused: getsockopt stacktrace=org.springframework.web.client.ResourceAccessException: I/O error on DELETE request for "http://localhost:8761/eureka/apps/USERSERVICE/userService:0dfdb9540a7bab9f1925cce1cdbefabc": Connect to http://localhost:8761 failed: Connection refused: getsockopt
	at org.springframework.web.client.RestTemplate.createResourceAccessException(RestTemplate.java:926)
	at org.springframework.web.client.RestTemplate.doExecute(RestTemplate.java:906)
	at org.springframework.web.client.RestTemplate.execute(RestTemplate.java:841)
	at org.springframework.web.client.RestTemplate.exchange(RestTemplate.java:702)
	at org.springframework.cloud.netflix.eureka.http.RestTemplateEurekaHttpClient.cancel(RestTemplateEurekaHttpClient.java:100)
	at com.netflix.discovery.shared.transport.decorator.EurekaHttpClientDecorator$2.execute(EurekaHttpClientDecorator.java:74)
	at com.netflix.discovery.shared.transport.decorator.RedirectingEurekaHttpClient.executeOnNewServer(RedirectingEurekaHttpClient.java:121)
	at com.netflix.discovery.shared.transport.decorator.RedirectingEurekaHttpClient.execute(RedirectingEurekaHttpClient.java:80)
	at com.netflix.discovery.shared.transport.decorator.EurekaHttpClientDecorator.cancel(EurekaHttpClientDecorator.java:71)
	at com.netflix.discovery.shared.transport.decorator.EurekaHttpClientDecorator$2.execute(EurekaHttpClientDecorator.java:74)
	at com.netflix.discovery.shared.transport.decorator.RetryableEurekaHttpClient.execute(RetryableEurekaHttpClient.java:120)
	at com.netflix.discovery.shared.transport.decorator.EurekaHttpClientDecorator.cancel(EurekaHttpClientDecorator.java:71)
	at com.netflix.discovery.shared.transport.decorator.EurekaHttpClientDecorator$2.execute(EurekaHttpClientDecorator.java:74)
	at com.netflix.discovery.shared.transport.decorator.SessionedEurekaHttpClient.execute(SessionedEurekaHttpClient.java:76)
	at com.netflix.discovery.shared.transport.decorator.EurekaHttpClientDecorator.cancel(EurekaHttpClientDecorator.java:71)
	at com.netflix.discovery.DiscoveryClient.unregister(DiscoveryClient.java:919)
	at com.netflix.discovery.DiscoveryClient.shutdown(DiscoveryClient.java:900)
	at java.base/jdk.internal.reflect.DirectMethodHandleAccessor.invoke(DirectMethodHandleAccessor.java:104)
	at java.base/java.lang.reflect.Method.invoke(Method.java:565)
	at org.springframework.beans.factory.annotation.InitDestroyAnnotationBeanPostProcessor$LifecycleMethod.invoke(InitDestroyAnnotationBeanPostProcessor.java:457)
	at org.springframework.beans.factory.annotation.InitDestroyAnnotationBeanPostProcessor$LifecycleMetadata.invokeDestroyMethods(InitDestroyAnnotationBeanPostProcessor.java:415)
	at org.springframework.beans.factory.annotation.InitDestroyAnnotationBeanPostProcessor.postProcessBeforeDestruction(InitDestroyAnnotationBeanPostProcessor.java:239)
	at org.springframework.beans.factory.support.DisposableBeanAdapter.destroy(DisposableBeanAdapter.java:203)
	at org.springframework.beans.factory.support.DisposableBeanAdapter.run(DisposableBeanAdapter.java:196)
	at org.springframework.cloud.context.scope.GenericScope$BeanLifecycleWrapper.destroy(GenericScope.java:387)
	at org.springframework.cloud.context.scope.GenericScope.destroy(GenericScope.java:134)
	at org.springframework.beans.factory.support.DisposableBeanAdapter.destroy(DisposableBeanAdapter.java:212)
	at org.springframework.beans.factory.support.DefaultSingletonBeanRegistry.destroyBean(DefaultSingletonBeanRegistry.java:798)
	at org.springframework.beans.factory.support.DefaultSingletonBeanRegistry.destroySingleton(DefaultSingletonBeanRegistry.java:748)
	at org.springframework.beans.factory.support.DefaultListableBeanFactory.destroySingleton(DefaultListableBeanFactory.java:1489)
	at org.springframework.beans.factory.support.DefaultSingletonBeanRegistry.destroySingletons(DefaultSingletonBeanRegistry.java:707)
	at org.springframework.beans.factory.support.DefaultListableBeanFactory.destroySingletons(DefaultListableBeanFactory.java:1482)
	at org.springframework.context.support.AbstractApplicationContext.destroyBeans(AbstractApplicationContext.java:1219)
	at org.springframework.context.support.AbstractApplicationContext.doClose(AbstractApplicationContext.java:1180)
	at org.springframework.boot.web.servlet.context.ServletWebServerApplicationContext.doClose(ServletWebServerApplicationContext.java:179)
	at org.springframework.context.support.AbstractApplicationContext.close(AbstractApplicationContext.java:1126)
	at org.springframework.boot.SpringApplication.handleRunFailure(SpringApplication.java:814)
	at org.springframework.boot.SpringApplication.run(SpringApplication.java:328)
	at org.springframework.boot.SpringApplication.run(SpringApplication.java:1361)
	at org.springframework.boot.SpringApplication.run(SpringApplication.java:1350)
	at org.genc.usermgmt.UserManagementServiceApplication.main(UserManagementServiceApplication.java:12)
Caused by: org.apache.hc.client5.http.HttpHostConnectException: Connect to http://localhost:8761 failed: Connection refused: getsockopt
	at java.base/sun.nio.ch.Net.pollConnect(Native Method)
	at java.base/sun.nio.ch.Net.pollConnectNow(Net.java:639)
	at java.base/sun.nio.ch.NioSocketImpl.timedFinishConnect(NioSocketImpl.java:543)
	at java.base/sun.nio.ch.NioSocketImpl.connect(NioSocketImpl.java:594)
	at java.base/java.net.SocksSocketImpl.connect(SocksSocketImpl.java:284)
	at java.base/java.net.Socket.connect(Socket.java:659)
	at org.apache.hc.client5.http.impl.io.DefaultHttpClientConnectionOperator.connect(DefaultHttpClientConnectionOperator.java:205)
	at org.apache.hc.client5.http.impl.io.PoolingHttpClientConnectionManager.connect(PoolingHttpClientConnectionManager.java:490)
	at org.apache.hc.client5.http.impl.classic.InternalExecRuntime.connectEndpoint(InternalExecRuntime.java:164)
	at org.apache.hc.client5.http.impl.classic.InternalExecRuntime.connectEndpoint(InternalExecRuntime.java:174)
	at org.apache.hc.client5.http.impl.classic.ConnectExec.execute(ConnectExec.java:144)
	at org.apache.hc.client5.http.impl.classic.ExecChainElement.execute(ExecChainElement.java:51)
	at org.apache.hc.client5.http.impl.classic.ProtocolExec.execute(ProtocolExec.java:195)
	at org.apache.hc.client5.http.impl.classic.ExecChainElement.execute(ExecChainElement.java:51)
	at org.apache.hc.client5.http.impl.classic.ContentCompressionExec.execute(ContentCompressionExec.java:150)
	at org.apache.hc.client5.http.impl.classic.ExecChainElement.execute(ExecChainElement.java:51)
	at org.apache.hc.client5.http.impl.classic.HttpRequestRetryExec.execute(HttpRequestRetryExec.java:113)
	at org.apache.hc.client5.http.impl.classic.ExecChainElement.execute(ExecChainElement.java:51)
	at org.apache.hc.client5.http.impl.classic.RedirectExec.execute(RedirectExec.java:110)
	at org.apache.hc.client5.http.impl.classic.ExecChainElement.execute(ExecChainElement.java:51)
	at org.apache.hc.client5.http.impl.classic.InternalHttpClient.doExecute(InternalHttpClient.java:185)
	at org.apache.hc.client5.http.impl.classic.CloseableHttpClient.execute(CloseableHttpClient.java:87)
	at org.apache.hc.client5.http.impl.classic.CloseableHttpClient.execute(CloseableHttpClient.java:55)
	at org.apache.hc.client5.http.classic.HttpClient.executeOpen(HttpClient.java:183)
	at org.springframework.http.client.HttpComponentsClientHttpRequest.executeInternal(HttpComponentsClientHttpRequest.java:99)
	at org.springframework.http.client.AbstractStreamingClientHttpRequest.executeInternal(AbstractStreamingClientHttpRequest.java:71)
	at org.springframework.http.client.AbstractClientHttpRequest.execute(AbstractClientHttpRequest.java:81)
	at org.springframework.http.client.InterceptingClientHttpRequest$InterceptingRequestExecution.execute(InterceptingClientHttpRequest.java:117)
	at org.springframework.cloud.netflix.eureka.http.RestTemplateTransportClientFactory.lambda$restTemplate$2(RestTemplateTransportClientFactory.java:145)
	at org.springframework.http.client.InterceptingClientHttpRequest$InterceptingRequestExecution.execute(InterceptingClientHttpRequest.java:88)
	at org.springframework.http.client.InterceptingClientHttpRequest.executeInternal(InterceptingClientHttpRequest.java:72)
	at org.springframework.http.client.AbstractBufferingClientHttpRequest.executeInternal(AbstractBufferingClientHttpRequest.java:48)
	at org.springframework.http.client.AbstractClientHttpRequest.execute(AbstractClientHttpRequest.java:81)
	at org.springframework.web.client.RestTemplate.doExecute(RestTemplate.java:900)
	... 39 more

2026-02-11 09:42:09 [userService,/] WARN  c.n.d.s.t.d.RetryableEurekaHttpClient
                - Request execution failed with message: I/O error on DELETE request for "http://localhost:8761/eureka/apps/USERSERVICE/userService:0dfdb9540a7bab9f1925cce1cdbefabc": Connect to http://localhost:8761 failed: Connection refused: getsockopt
2026-02-11 09:42:09 [userService,/] ERROR c.netflix.discovery.DiscoveryClient
                - DiscoveryClient_USERSERVICE/userService:0dfdb9540a7bab9f1925cce1cdbefabc - de-registration failedCannot execute request on any known server
com.netflix.discovery.shared.transport.TransportException: Cannot execute request on any known server
	at com.netflix.discovery.shared.transport.decorator.RetryableEurekaHttpClient.execute(RetryableEurekaHttpClient.java:112)
	at com.netflix.discovery.shared.transport.decorator.EurekaHttpClientDecorator.cancel(EurekaHttpClientDecorator.java:71)
	at com.netflix.discovery.shared.transport.decorator.EurekaHttpClientDecorator$2.execute(EurekaHttpClientDecorator.java:74)
	at com.netflix.discovery.shared.transport.decorator.SessionedEurekaHttpClient.execute(SessionedEurekaHttpClient.java:76)
	at com.netflix.discovery.shared.transport.decorator.EurekaHttpClientDecorator.cancel(EurekaHttpClientDecorator.java:71)
	at com.netflix.discovery.DiscoveryClient.unregister(DiscoveryClient.java:919)
	at com.netflix.discovery.DiscoveryClient.shutdown(DiscoveryClient.java:900)
	at java.base/jdk.internal.reflect.DirectMethodHandleAccessor.invoke(DirectMethodHandleAccessor.java:104)
	at java.base/java.lang.reflect.Method.invoke(Method.java:565)
	at org.springframework.beans.factory.annotation.InitDestroyAnnotationBeanPostProcessor$LifecycleMethod.invoke(InitDestroyAnnotationBeanPostProcessor.java:457)
	at org.springframework.beans.factory.annotation.InitDestroyAnnotationBeanPostProcessor$LifecycleMetadata.invokeDestroyMethods(InitDestroyAnnotationBeanPostProcessor.java:415)
	at org.springframework.beans.factory.annotation.InitDestroyAnnotationBeanPostProcessor.postProcessBeforeDestruction(InitDestroyAnnotationBeanPostProcessor.java:239)
	at org.springframework.beans.factory.support.DisposableBeanAdapter.destroy(DisposableBeanAdapter.java:203)
	at org.springframework.beans.factory.support.DisposableBeanAdapter.run(DisposableBeanAdapter.java:196)
	at org.springframework.cloud.context.scope.GenericScope$BeanLifecycleWrapper.destroy(GenericScope.java:387)
	at org.springframework.cloud.context.scope.GenericScope.destroy(GenericScope.java:134)
	at org.springframework.beans.factory.support.DisposableBeanAdapter.destroy(DisposableBeanAdapter.java:212)
	at org.springframework.beans.factory.support.DefaultSingletonBeanRegistry.destroyBean(DefaultSingletonBeanRegistry.java:798)
	at org.springframework.beans.factory.support.DefaultSingletonBeanRegistry.destroySingleton(DefaultSingletonBeanRegistry.java:748)
	at org.springframework.beans.factory.support.DefaultListableBeanFactory.destroySingleton(DefaultListableBeanFactory.java:1489)
	at org.springframework.beans.factory.support.DefaultSingletonBeanRegistry.destroySingletons(DefaultSingletonBeanRegistry.java:707)
	at org.springframework.beans.factory.support.DefaultListableBeanFactory.destroySingletons(DefaultListableBeanFactory.java:1482)
	at org.springframework.context.support.AbstractApplicationContext.destroyBeans(AbstractApplicationContext.java:1219)
	at org.springframework.context.support.AbstractApplicationContext.doClose(AbstractApplicationContext.java:1180)
	at org.springframework.boot.web.servlet.context.ServletWebServerApplicationContext.doClose(ServletWebServerApplicationContext.java:179)
	at org.springframework.context.support.AbstractApplicationContext.close(AbstractApplicationContext.java:1126)
	at org.springframework.boot.SpringApplication.handleRunFailure(SpringApplication.java:814)
	at org.springframework.boot.SpringApplication.run(SpringApplication.java:328)
	at org.springframework.boot.SpringApplication.run(SpringApplication.java:1361)
	at org.springframework.boot.SpringApplication.run(SpringApplication.java:1350)
	at org.genc.usermgmt.UserManagementServiceApplication.main(UserManagementServiceApplication.java:12)
2026-02-11 09:42:09 [userService,/] INFO  c.netflix.discovery.DiscoveryClient
                - Completed shut down of DiscoveryClient
2026-02-11 09:45:37 [userService,/] INFO  o.g.u.UserManagementServiceApplication
                - Starting UserManagementServiceApplication using Java 25 with PID 524 (C:\Users\2464280\gencWorkspaces\practiceWorkspace\usermanagementservice\target\classes started by 2464280 in C:\Users\2464280\gencWorkspaces\practiceWorkspace\usermanagementservice)
2026-02-11 09:45:37 [userService,/] DEBUG o.g.u.UserManagementServiceApplication
                - Running with Spring Boot v3.5.6, Spring v6.2.11
2026-02-11 09:45:37 [userService,/] INFO  o.g.u.UserManagementServiceApplication
                - The following 1 profile is active: "genc"
2026-02-11 09:45:38 [userService,/] INFO  o.s.d.r.c.RepositoryConfigurationDelegate
                - Bootstrapping Spring Data JPA repositories in DEFAULT mode.
2026-02-11 09:45:39 [userService,/] INFO  o.s.d.r.c.RepositoryConfigurationDelegate
                - Finished Spring Data repository scanning in 161 ms. Found 2 JPA repository interfaces.
2026-02-11 09:45:39 [userService,/] INFO  o.s.cloud.context.scope.GenericScope
                - BeanFactory id=1e8a737c-9911-3451-bb95-a35137ab880f
2026-02-11 09:45:39 [userService,/] INFO  o.s.b.w.e.tomcat.TomcatWebServer
                - Tomcat initialized with port 8086 (http)
2026-02-11 09:45:39 [userService,/] INFO  o.a.catalina.core.StandardService
                - Starting service [Tomcat]
2026-02-11 09:45:39 [userService,/] INFO  o.a.catalina.core.StandardEngine
                - Starting Servlet engine: [Apache Tomcat/10.1.46]
2026-02-11 09:45:40 [userService,/] INFO  o.a.c.c.C.[Tomcat].[localhost].[/]
                - Initializing Spring embedded WebApplicationContext
2026-02-11 09:45:40 [userService,/] INFO  o.s.b.w.s.c.ServletWebServerApplicationContext
                - Root WebApplicationContext: initialization completed in 2372 ms
2026-02-11 09:45:40 [userService,/] INFO  o.h.jpa.internal.util.LogHelper
                - HHH000204: Processing PersistenceUnitInfo [name: default]
2026-02-11 09:45:40 [userService,/] INFO  org.hibernate.Version
                - HHH000412: Hibernate ORM core version 6.6.29.Final
2026-02-11 09:45:40 [userService,/] INFO  o.h.c.i.RegionFactoryInitiator
                - HHH000026: Second-level cache disabled
2026-02-11 09:45:40 [userService,/] INFO  o.s.o.j.p.SpringPersistenceUnitInfo
                - No LoadTimeWeaver setup: ignoring JPA class transformer
2026-02-11 09:45:40 [userService,/] INFO  com.zaxxer.hikari.HikariDataSource
                - HikariPool-1 - Starting...
2026-02-11 09:45:40 [userService,/] INFO  com.zaxxer.hikari.pool.HikariPool
                - HikariPool-1 - Added connection com.mysql.cj.jdbc.ConnectionImpl@a1a72d4
2026-02-11 09:45:40 [userService,/] INFO  com.zaxxer.hikari.HikariDataSource
                - HikariPool-1 - Start completed.
2026-02-11 09:45:40 [userService,/] WARN  org.hibernate.orm.deprecation
                - HHH90000025: MySQLDialect does not need to be specified explicitly using 'hibernate.dialect' (remove the property setting and it will be selected by default)
2026-02-11 09:45:40 [userService,/] INFO  o.hibernate.orm.connections.pooling
                - HHH10001005: Database info:
	Database JDBC URL [Connecting through datasource 'HikariDataSource (HikariPool-1)']
	Database driver: undefined/unknown
	Database version: 8.0.44
	Autocommit mode: undefined/unknown
	Isolation level: undefined/unknown
	Minimum pool size: undefined/unknown
	Maximum pool size: undefined/unknown
2026-02-11 09:45:41 [userService,/] INFO  o.h.e.t.j.p.i.JtaPlatformInitiator
                - HHH000489: No JTA platform available (set 'hibernate.transaction.jta.platform' to enable JTA platform integration)
2026-02-11 09:45:41 [userService,/] INFO  o.s.o.j.LocalContainerEntityManagerFactoryBean
                - Initialized JPA EntityManagerFactory for persistence unit 'default'
2026-02-11 09:45:42 [userService,/] DEBUG o.g.u.filter.JwtAuthenticationFilter
                - Filter 'jwtAuthenticationFilter' configured for use
2026-02-11 09:45:42 [userService,/] INFO  o.s.s.c.a.a.c.InitializeUserDetailsBeanManagerConfigurer$InitializeUserDetailsManagerConfigurer
                - Global AuthenticationManager configured with UserDetailsService bean with name customUserDetailsService
2026-02-11 09:45:42 [userService,/] WARN  o.s.b.a.o.j.JpaBaseConfiguration$JpaWebConfiguration
                - spring.jpa.open-in-view is enabled by default. Therefore, database queries may be performed during view rendering. Explicitly configure spring.jpa.open-in-view to disable this warning
2026-02-11 09:45:43 [userService,/] INFO  o.s.c.n.e.c.DiscoveryClientOptionalArgsConfiguration
                - Eureka HTTP Client uses RestTemplate.
2026-02-11 09:45:43 [userService,/] WARN  o.s.c.l.c.LoadBalancerCacheAutoConfiguration$LoadBalancerCaffeineWarnLogger
                - Spring Cloud LoadBalancer is currently working with the default cache. While this cache implementation is useful for development and tests, it's recommended to use Caffeine cache in production.You can switch to using Caffeine cache, by adding it and org.springframework.cache.caffeine.CaffeineCacheManager to the classpath.
2026-02-11 09:45:43 [userService,/] INFO  o.s.c.n.eureka.InstanceInfoFactory
                - Setting initial instance status as: STARTING
2026-02-11 09:45:43 [userService,/] INFO  c.netflix.discovery.DiscoveryClient
                - Initializing Eureka in region us-east-1
2026-02-11 09:45:43 [userService,/] INFO  c.n.d.s.r.aws.ConfigClusterResolver
                - Resolving eureka endpoints via configuration
2026-02-11 09:45:43 [userService,/] INFO  c.netflix.discovery.DiscoveryClient
                - Disable delta property : false
2026-02-11 09:45:43 [userService,/] INFO  c.netflix.discovery.DiscoveryClient
                - Single vip registry refresh property : null
2026-02-11 09:45:43 [userService,/] INFO  c.netflix.discovery.DiscoveryClient
                - Force full registry fetch : false
2026-02-11 09:45:43 [userService,/] INFO  c.netflix.discovery.DiscoveryClient
                - Application is null : false
2026-02-11 09:45:43 [userService,/] INFO  c.netflix.discovery.DiscoveryClient
                - Registered Applications size is zero : true
2026-02-11 09:45:43 [userService,/] INFO  c.netflix.discovery.DiscoveryClient
                - Application version is -1: true
2026-02-11 09:45:43 [userService,/] INFO  c.netflix.discovery.DiscoveryClient
                - Getting all instance registry info from the eureka server
2026-02-11 09:45:43 [userService,/] INFO  c.n.d.s.t.d.RedirectingEurekaHttpClient
                - Request execution error. endpoint=DefaultEndpoint{ serviceUrl='http://localhost:8761/eureka/}, exception=I/O error on GET request for "http://localhost:8761/eureka/apps/": Connect to http://localhost:8761 failed: Connection refused: getsockopt stacktrace=org.springframework.web.client.ResourceAccessException: I/O error on GET request for "http://localhost:8761/eureka/apps/": Connect to http://localhost:8761 failed: Connection refused: getsockopt
	at org.springframework.web.client.RestTemplate.createResourceAccessException(RestTemplate.java:926)
	at org.springframework.web.client.RestTemplate.doExecute(RestTemplate.java:906)
	at org.springframework.web.client.RestTemplate.execute(RestTemplate.java:841)
	at org.springframework.web.client.RestTemplate.exchange(RestTemplate.java:702)
	at org.springframework.cloud.netflix.eureka.http.RestTemplateEurekaHttpClient.getApplicationsInternal(RestTemplateEurekaHttpClient.java:174)
	at org.springframework.cloud.netflix.eureka.http.RestTemplateEurekaHttpClient.getApplications(RestTemplateEurekaHttpClient.java:162)
	at com.netflix.discovery.shared.transport.decorator.EurekaHttpClientDecorator$6.execute(EurekaHttpClientDecorator.java:137)
	at com.netflix.discovery.shared.transport.decorator.RedirectingEurekaHttpClient.executeOnNewServer(RedirectingEurekaHttpClient.java:121)
	at com.netflix.discovery.shared.transport.decorator.RedirectingEurekaHttpClient.execute(RedirectingEurekaHttpClient.java:80)
	at com.netflix.discovery.shared.transport.decorator.EurekaHttpClientDecorator.getApplications(EurekaHttpClientDecorator.java:134)
	at com.netflix.discovery.shared.transport.decorator.EurekaHttpClientDecorator$6.execute(EurekaHttpClientDecorator.java:137)
	at com.netflix.discovery.shared.transport.decorator.RetryableEurekaHttpClient.execute(RetryableEurekaHttpClient.java:120)
	at com.netflix.discovery.shared.transport.decorator.EurekaHttpClientDecorator.getApplications(EurekaHttpClientDecorator.java:134)
	at com.netflix.discovery.shared.transport.decorator.EurekaHttpClientDecorator$6.execute(EurekaHttpClientDecorator.java:137)
	at com.netflix.discovery.shared.transport.decorator.SessionedEurekaHttpClient.execute(SessionedEurekaHttpClient.java:76)
	at com.netflix.discovery.shared.transport.decorator.EurekaHttpClientDecorator.getApplications(EurekaHttpClientDecorator.java:134)
	at com.netflix.discovery.DiscoveryClient.getAndStoreFullRegistry(DiscoveryClient.java:1046)
	at com.netflix.discovery.DiscoveryClient.fetchRegistry(DiscoveryClient.java:961)
	at com.netflix.discovery.DiscoveryClient.<init>(DiscoveryClient.java:410)
	at com.netflix.discovery.DiscoveryClient.<init>(DiscoveryClient.java:245)
	at com.netflix.discovery.DiscoveryClient.<init>(DiscoveryClient.java:240)
	at org.springframework.cloud.netflix.eureka.CloudEurekaClient.<init>(CloudEurekaClient.java:68)
	at org.springframework.cloud.netflix.eureka.EurekaClientAutoConfiguration$RefreshableEurekaClientConfiguration.eurekaClient(EurekaClientAutoConfiguration.java:324)
	at java.base/jdk.internal.reflect.DirectMethodHandleAccessor.invoke(DirectMethodHandleAccessor.java:104)
	at java.base/java.lang.reflect.Method.invoke(Method.java:565)
	at org.springframework.beans.factory.support.SimpleInstantiationStrategy.lambda$instantiate$0(SimpleInstantiationStrategy.java:172)
	at org.springframework.beans.factory.support.SimpleInstantiationStrategy.instantiateWithFactoryMethod(SimpleInstantiationStrategy.java:89)
	at org.springframework.beans.factory.support.SimpleInstantiationStrategy.instantiate(SimpleInstantiationStrategy.java:169)
	at org.springframework.beans.factory.support.ConstructorResolver.instantiate(ConstructorResolver.java:653)
	at org.springframework.beans.factory.support.ConstructorResolver.instantiateUsingFactoryMethod(ConstructorResolver.java:645)
	at org.springframework.beans.factory.support.AbstractAutowireCapableBeanFactory.instantiateUsingFactoryMethod(AbstractAutowireCapableBeanFactory.java:1375)
	at org.springframework.beans.factory.support.AbstractAutowireCapableBeanFactory.createBeanInstance(AbstractAutowireCapableBeanFactory.java:1205)
	at org.springframework.beans.factory.support.AbstractAutowireCapableBeanFactory.doCreateBean(AbstractAutowireCapableBeanFactory.java:569)
	at org.springframework.beans.factory.support.AbstractAutowireCapableBeanFactory.createBean(AbstractAutowireCapableBeanFactory.java:529)
	at org.springframework.beans.factory.support.AbstractBeanFactory.lambda$doGetBean$1(AbstractBeanFactory.java:378)
	at org.springframework.cloud.context.scope.GenericScope$BeanLifecycleWrapper.getBean(GenericScope.java:373)
	at org.springframework.cloud.context.scope.GenericScope.get(GenericScope.java:177)
	at org.springframework.beans.factory.support.AbstractBeanFactory.doGetBean(AbstractBeanFactory.java:375)
	at org.springframework.beans.factory.support.AbstractBeanFactory.getBean(AbstractBeanFactory.java:202)
	at org.springframework.aop.target.SimpleBeanTargetSource.getTarget(SimpleBeanTargetSource.java:35)
	at org.springframework.cloud.netflix.eureka.serviceregistry.EurekaRegistration.getTargetObject(EurekaRegistration.java:128)
	at org.springframework.cloud.netflix.eureka.serviceregistry.EurekaRegistration.getEurekaClient(EurekaRegistration.java:116)
	at java.base/jdk.internal.reflect.DirectMethodHandleAccessor.invoke(DirectMethodHandleAccessor.java:104)
	at java.base/java.lang.reflect.Method.invoke(Method.java:565)
	at org.springframework.util.ReflectionUtils.invokeMethod(ReflectionUtils.java:281)
	at org.springframework.cloud.context.scope.GenericScope$LockedScopedProxyFactoryBean.invoke(GenericScope.java:480)
	at org.springframework.aop.framework.ReflectiveMethodInvocation.proceed(ReflectiveMethodInvocation.java:184)
	at org.springframework.aop.framework.CglibAopProxy$DynamicAdvisedInterceptor.intercept(CglibAopProxy.java:728)
	at org.springframework.cloud.netflix.eureka.serviceregistry.EurekaRegistration$$SpringCGLIB$$0.getEurekaClient(<generated>)
	at org.springframework.cloud.netflix.eureka.serviceregistry.EurekaServiceRegistry.maybeInitializeClient(EurekaServiceRegistry.java:83)
	at org.springframework.cloud.netflix.eureka.serviceregistry.EurekaServiceRegistry.register(EurekaServiceRegistry.java:66)
	at org.springframework.cloud.netflix.eureka.serviceregistry.EurekaAutoServiceRegistration.start(EurekaAutoServiceRegistration.java:89)
	at org.springframework.context.support.DefaultLifecycleProcessor.doStart(DefaultLifecycleProcessor.java:405)
	at org.springframework.context.support.DefaultLifecycleProcessor.doStart(DefaultLifecycleProcessor.java:394)
	at org.springframework.context.support.DefaultLifecycleProcessor$LifecycleGroup.start(DefaultLifecycleProcessor.java:586)
	at java.base/java.lang.Iterable.forEach(Iterable.java:75)
	at org.springframework.context.support.DefaultLifecycleProcessor.startBeans(DefaultLifecycleProcessor.java:364)
	at org.springframework.context.support.DefaultLifecycleProcessor.onRefresh(DefaultLifecycleProcessor.java:310)
	at org.springframework.context.support.AbstractApplicationContext.finishRefresh(AbstractApplicationContext.java:1006)
	at org.springframework.context.support.AbstractApplicationContext.refresh(AbstractApplicationContext.java:630)
	at org.springframework.boot.web.servlet.context.ServletWebServerApplicationContext.refresh(ServletWebServerApplicationContext.java:146)
	at org.springframework.boot.SpringApplication.refresh(SpringApplication.java:752)
	at org.springframework.boot.SpringApplication.refreshContext(SpringApplication.java:439)
	at org.springframework.boot.SpringApplication.run(SpringApplication.java:318)
	at org.springframework.boot.SpringApplication.run(SpringApplication.java:1361)
	at org.springframework.boot.SpringApplication.run(SpringApplication.java:1350)
	at org.genc.usermgmt.UserManagementServiceApplication.main(UserManagementServiceApplication.java:12)
Caused by: org.apache.hc.client5.http.HttpHostConnectException: Connect to http://localhost:8761 failed: Connection refused: getsockopt
	at java.base/sun.nio.ch.Net.pollConnect(Native Method)
	at java.base/sun.nio.ch.Net.pollConnectNow(Net.java:639)
	at java.base/sun.nio.ch.NioSocketImpl.timedFinishConnect(NioSocketImpl.java:543)
	at java.base/sun.nio.ch.NioSocketImpl.connect(NioSocketImpl.java:594)
	at java.base/java.net.SocksSocketImpl.connect(SocksSocketImpl.java:284)
	at java.base/java.net.Socket.connect(Socket.java:659)
	at org.apache.hc.client5.http.impl.io.DefaultHttpClientConnectionOperator.connect(DefaultHttpClientConnectionOperator.java:205)
	at org.apache.hc.client5.http.impl.io.PoolingHttpClientConnectionManager.connect(PoolingHttpClientConnectionManager.java:490)
	at org.apache.hc.client5.http.impl.classic.InternalExecRuntime.connectEndpoint(InternalExecRuntime.java:164)
	at org.apache.hc.client5.http.impl.classic.InternalExecRuntime.connectEndpoint(InternalExecRuntime.java:174)
	at org.apache.hc.client5.http.impl.classic.ConnectExec.execute(ConnectExec.java:144)
	at org.apache.hc.client5.http.impl.classic.ExecChainElement.execute(ExecChainElement.java:51)
	at org.apache.hc.client5.http.impl.classic.ProtocolExec.execute(ProtocolExec.java:195)
	at org.apache.hc.client5.http.impl.classic.ExecChainElement.execute(ExecChainElement.java:51)
	at org.apache.hc.client5.http.impl.classic.ContentCompressionExec.execute(ContentCompressionExec.java:150)
	at org.apache.hc.client5.http.impl.classic.ExecChainElement.execute(ExecChainElement.java:51)
	at org.apache.hc.client5.http.impl.classic.HttpRequestRetryExec.execute(HttpRequestRetryExec.java:113)
	at org.apache.hc.client5.http.impl.classic.ExecChainElement.execute(ExecChainElement.java:51)
	at org.apache.hc.client5.http.impl.classic.RedirectExec.execute(RedirectExec.java:110)
	at org.apache.hc.client5.http.impl.classic.ExecChainElement.execute(ExecChainElement.java:51)
	at org.apache.hc.client5.http.impl.classic.InternalHttpClient.doExecute(InternalHttpClient.java:185)
	at org.apache.hc.client5.http.impl.classic.CloseableHttpClient.execute(CloseableHttpClient.java:87)
	at org.apache.hc.client5.http.impl.classic.CloseableHttpClient.execute(CloseableHttpClient.java:55)
	at org.apache.hc.client5.http.classic.HttpClient.executeOpen(HttpClient.java:183)
	at org.springframework.http.client.HttpComponentsClientHttpRequest.executeInternal(HttpComponentsClientHttpRequest.java:99)
	at org.springframework.http.client.AbstractStreamingClientHttpRequest.executeInternal(AbstractStreamingClientHttpRequest.java:71)
	at org.springframework.http.client.AbstractClientHttpRequest.execute(AbstractClientHttpRequest.java:81)
	at org.springframework.http.client.InterceptingClientHttpRequest$InterceptingRequestExecution.execute(InterceptingClientHttpRequest.java:117)
	at org.springframework.cloud.netflix.eureka.http.RestTemplateTransportClientFactory.lambda$restTemplate$2(RestTemplateTransportClientFactory.java:145)
	at org.springframework.http.client.InterceptingClientHttpRequest$InterceptingRequestExecution.execute(InterceptingClientHttpRequest.java:88)
	at org.springframework.http.client.InterceptingClientHttpRequest.executeInternal(InterceptingClientHttpRequest.java:72)
	at org.springframework.http.client.AbstractBufferingClientHttpRequest.executeInternal(AbstractBufferingClientHttpRequest.java:48)
	at org.springframework.http.client.AbstractClientHttpRequest.execute(AbstractClientHttpRequest.java:81)
	at org.springframework.web.client.RestTemplate.doExecute(RestTemplate.java:900)
	... 65 more

2026-02-11 09:45:43 [userService,/] WARN  c.n.d.s.t.d.RetryableEurekaHttpClient
                - Request execution failed with message: I/O error on GET request for "http://localhost:8761/eureka/apps/": Connect to http://localhost:8761 failed: Connection refused: getsockopt
2026-02-11 09:45:43 [userService,/] INFO  c.netflix.discovery.DiscoveryClient
                - DiscoveryClient_USERSERVICE/userService:57302c6215ca1c2d970dd2bdfa29ed67 - was unable to refresh its cache! This periodic background refresh will be retried in 30 seconds. status = Cannot execute request on any known server stacktrace = com.netflix.discovery.shared.transport.TransportException: Cannot execute request on any known server
	at com.netflix.discovery.shared.transport.decorator.RetryableEurekaHttpClient.execute(RetryableEurekaHttpClient.java:112)
	at com.netflix.discovery.shared.transport.decorator.EurekaHttpClientDecorator.getApplications(EurekaHttpClientDecorator.java:134)
	at com.netflix.discovery.shared.transport.decorator.EurekaHttpClientDecorator$6.execute(EurekaHttpClientDecorator.java:137)
	at com.netflix.discovery.shared.transport.decorator.SessionedEurekaHttpClient.execute(SessionedEurekaHttpClient.java:76)
	at com.netflix.discovery.shared.transport.decorator.EurekaHttpClientDecorator.getApplications(EurekaHttpClientDecorator.java:134)
	at com.netflix.discovery.DiscoveryClient.getAndStoreFullRegistry(DiscoveryClient.java:1046)
	at com.netflix.discovery.DiscoveryClient.fetchRegistry(DiscoveryClient.java:961)
	at com.netflix.discovery.DiscoveryClient.<init>(DiscoveryClient.java:410)
	at com.netflix.discovery.DiscoveryClient.<init>(DiscoveryClient.java:245)
	at com.netflix.discovery.DiscoveryClient.<init>(DiscoveryClient.java:240)
	at org.springframework.cloud.netflix.eureka.CloudEurekaClient.<init>(CloudEurekaClient.java:68)
	at org.springframework.cloud.netflix.eureka.EurekaClientAutoConfiguration$RefreshableEurekaClientConfiguration.eurekaClient(EurekaClientAutoConfiguration.java:324)
	at java.base/jdk.internal.reflect.DirectMethodHandleAccessor.invoke(DirectMethodHandleAccessor.java:104)
	at java.base/java.lang.reflect.Method.invoke(Method.java:565)
	at org.springframework.beans.factory.support.SimpleInstantiationStrategy.lambda$instantiate$0(SimpleInstantiationStrategy.java:172)
	at org.springframework.beans.factory.support.SimpleInstantiationStrategy.instantiateWithFactoryMethod(SimpleInstantiationStrategy.java:89)
	at org.springframework.beans.factory.support.SimpleInstantiationStrategy.instantiate(SimpleInstantiationStrategy.java:169)
	at org.springframework.beans.factory.support.ConstructorResolver.instantiate(ConstructorResolver.java:653)
	at org.springframework.beans.factory.support.ConstructorResolver.instantiateUsingFactoryMethod(ConstructorResolver.java:645)
	at org.springframework.beans.factory.support.AbstractAutowireCapableBeanFactory.instantiateUsingFactoryMethod(AbstractAutowireCapableBeanFactory.java:1375)
	at org.springframework.beans.factory.support.AbstractAutowireCapableBeanFactory.createBeanInstance(AbstractAutowireCapableBeanFactory.java:1205)
	at org.springframework.beans.factory.support.AbstractAutowireCapableBeanFactory.doCreateBean(AbstractAutowireCapableBeanFactory.java:569)
	at org.springframework.beans.factory.support.AbstractAutowireCapableBeanFactory.createBean(AbstractAutowireCapableBeanFactory.java:529)
	at org.springframework.beans.factory.support.AbstractBeanFactory.lambda$doGetBean$1(AbstractBeanFactory.java:378)
	at org.springframework.cloud.context.scope.GenericScope$BeanLifecycleWrapper.getBean(GenericScope.java:373)
	at org.springframework.cloud.context.scope.GenericScope.get(GenericScope.java:177)
	at org.springframework.beans.factory.support.AbstractBeanFactory.doGetBean(AbstractBeanFactory.java:375)
	at org.springframework.beans.factory.support.AbstractBeanFactory.getBean(AbstractBeanFactory.java:202)
	at org.springframework.aop.target.SimpleBeanTargetSource.getTarget(SimpleBeanTargetSource.java:35)
	at org.springframework.cloud.netflix.eureka.serviceregistry.EurekaRegistration.getTargetObject(EurekaRegistration.java:128)
	at org.springframework.cloud.netflix.eureka.serviceregistry.EurekaRegistration.getEurekaClient(EurekaRegistration.java:116)
	at java.base/jdk.internal.reflect.DirectMethodHandleAccessor.invoke(DirectMethodHandleAccessor.java:104)
	at java.base/java.lang.reflect.Method.invoke(Method.java:565)
	at org.springframework.util.ReflectionUtils.invokeMethod(ReflectionUtils.java:281)
	at org.springframework.cloud.context.scope.GenericScope$LockedScopedProxyFactoryBean.invoke(GenericScope.java:480)
	at org.springframework.aop.framework.ReflectiveMethodInvocation.proceed(ReflectiveMethodInvocation.java:184)
	at org.springframework.aop.framework.CglibAopProxy$DynamicAdvisedInterceptor.intercept(CglibAopProxy.java:728)
	at org.springframework.cloud.netflix.eureka.serviceregistry.EurekaRegistration$$SpringCGLIB$$0.getEurekaClient(<generated>)
	at org.springframework.cloud.netflix.eureka.serviceregistry.EurekaServiceRegistry.maybeInitializeClient(EurekaServiceRegistry.java:83)
	at org.springframework.cloud.netflix.eureka.serviceregistry.EurekaServiceRegistry.register(EurekaServiceRegistry.java:66)
	at org.springframework.cloud.netflix.eureka.serviceregistry.EurekaAutoServiceRegistration.start(EurekaAutoServiceRegistration.java:89)
	at org.springframework.context.support.DefaultLifecycleProcessor.doStart(DefaultLifecycleProcessor.java:405)
	at org.springframework.context.support.DefaultLifecycleProcessor.doStart(DefaultLifecycleProcessor.java:394)
	at org.springframework.context.support.DefaultLifecycleProcessor$LifecycleGroup.start(DefaultLifecycleProcessor.java:586)
	at java.base/java.lang.Iterable.forEach(Iterable.java:75)
	at org.springframework.context.support.DefaultLifecycleProcessor.startBeans(DefaultLifecycleProcessor.java:364)
	at org.springframework.context.support.DefaultLifecycleProcessor.onRefresh(DefaultLifecycleProcessor.java:310)
	at org.springframework.context.support.AbstractApplicationContext.finishRefresh(AbstractApplicationContext.java:1006)
	at org.springframework.context.support.AbstractApplicationContext.refresh(AbstractApplicationContext.java:630)
	at org.springframework.boot.web.servlet.context.ServletWebServerApplicationContext.refresh(ServletWebServerApplicationContext.java:146)
	at org.springframework.boot.SpringApplication.refresh(SpringApplication.java:752)
	at org.springframework.boot.SpringApplication.refreshContext(SpringApplication.java:439)
	at org.springframework.boot.SpringApplication.run(SpringApplication.java:318)
	at org.springframework.boot.SpringApplication.run(SpringApplication.java:1361)
	at org.springframework.boot.SpringApplication.run(SpringApplication.java:1350)
	at org.genc.usermgmt.UserManagementServiceApplication.main(UserManagementServiceApplication.java:12)

2026-02-11 09:45:43 [userService,/] INFO  c.netflix.discovery.DiscoveryClient
                - Initial registry fetch from primary servers failed
2026-02-11 09:45:43 [userService,/] WARN  c.netflix.discovery.DiscoveryClient
                - Using default backup registry implementation which does not do anything.
2026-02-11 09:45:43 [userService,/] INFO  c.netflix.discovery.DiscoveryClient
                - Initial registry fetch from backup servers failed
2026-02-11 09:45:43 [userService,/] INFO  c.netflix.discovery.DiscoveryClient
                - Starting heartbeat executor: renew interval is: 30
2026-02-11 09:45:43 [userService,/] INFO  c.n.discovery.InstanceInfoReplicator
                - InstanceInfoReplicator onDemand update allowed rate per min is 4
2026-02-11 09:45:43 [userService,/] INFO  c.netflix.discovery.DiscoveryClient
                - Discovery Client initialized at timestamp 1770783343831 with initial instances count: 0
2026-02-11 09:45:43 [userService,/] INFO  o.s.c.n.e.s.EurekaServiceRegistry
                - Registering application USERSERVICE with eureka with status UP
2026-02-11 09:45:43 [userService,/] INFO  c.netflix.discovery.DiscoveryClient
                - Saw local status change event StatusChangeEvent [timestamp=1770783343839, current=UP, previous=STARTING]
2026-02-11 09:45:43 [userService,/] INFO  c.netflix.discovery.DiscoveryClient
                - DiscoveryClient_USERSERVICE/userService:57302c6215ca1c2d970dd2bdfa29ed67: registering service...
2026-02-11 09:45:43 [userService,/] INFO  o.s.b.w.e.tomcat.TomcatWebServer
                - Tomcat started on port 8086 (http) with context path '/'
2026-02-11 09:45:43 [userService,/] INFO  o.s.c.n.e.s.EurekaAutoServiceRegistration
                - Updating port to 8086
2026-02-11 09:45:43 [userService,/] INFO  c.n.d.s.t.d.RedirectingEurekaHttpClient
                - Request execution error. endpoint=DefaultEndpoint{ serviceUrl='http://localhost:8761/eureka/}, exception=I/O error on POST request for "http://localhost:8761/eureka/apps/USERSERVICE": Connect to http://localhost:8761 failed: Connection refused: getsockopt stacktrace=org.springframework.web.client.ResourceAccessException: I/O error on POST request for "http://localhost:8761/eureka/apps/USERSERVICE": Connect to http://localhost:8761 failed: Connection refused: getsockopt
	at org.springframework.web.client.RestTemplate.createResourceAccessException(RestTemplate.java:926)
	at org.springframework.web.client.RestTemplate.doExecute(RestTemplate.java:906)
	at org.springframework.web.client.RestTemplate.execute(RestTemplate.java:841)
	at org.springframework.web.client.RestTemplate.exchange(RestTemplate.java:702)
	at org.springframework.cloud.netflix.eureka.http.RestTemplateEurekaHttpClient.register(RestTemplateEurekaHttpClient.java:87)
	at com.netflix.discovery.shared.transport.decorator.EurekaHttpClientDecorator$1.execute(EurekaHttpClientDecorator.java:59)
	at com.netflix.discovery.shared.transport.decorator.RedirectingEurekaHttpClient.executeOnNewServer(RedirectingEurekaHttpClient.java:121)
	at com.netflix.discovery.shared.transport.decorator.RedirectingEurekaHttpClient.execute(RedirectingEurekaHttpClient.java:80)
	at com.netflix.discovery.shared.transport.decorator.EurekaHttpClientDecorator.register(EurekaHttpClientDecorator.java:56)
	at com.netflix.discovery.shared.transport.decorator.EurekaHttpClientDecorator$1.execute(EurekaHttpClientDecorator.java:59)
	at com.netflix.discovery.shared.transport.decorator.RetryableEurekaHttpClient.execute(RetryableEurekaHttpClient.java:120)
	at com.netflix.discovery.shared.transport.decorator.EurekaHttpClientDecorator.register(EurekaHttpClientDecorator.java:56)
	at com.netflix.discovery.shared.transport.decorator.EurekaHttpClientDecorator$1.execute(EurekaHttpClientDecorator.java:59)
	at com.netflix.discovery.shared.transport.decorator.SessionedEurekaHttpClient.execute(SessionedEurekaHttpClient.java:76)
	at com.netflix.discovery.shared.transport.decorator.EurekaHttpClientDecorator.register(EurekaHttpClientDecorator.java:56)
	at com.netflix.discovery.DiscoveryClient.register(DiscoveryClient.java:828)
	at com.netflix.discovery.InstanceInfoReplicator.run(InstanceInfoReplicator.java:125)
	at com.netflix.discovery.InstanceInfoReplicator$2.run(InstanceInfoReplicator.java:105)
	at java.base/java.util.concurrent.Executors$RunnableAdapter.call(Executors.java:545)
	at java.base/java.util.concurrent.FutureTask.run(FutureTask.java:328)
	at java.base/java.util.concurrent.ScheduledThreadPoolExecutor$ScheduledFutureTask.run(ScheduledThreadPoolExecutor.java:309)
	at java.base/java.util.concurrent.ThreadPoolExecutor.runWorker(ThreadPoolExecutor.java:1090)
	at java.base/java.util.concurrent.ThreadPoolExecutor$Worker.run(ThreadPoolExecutor.java:614)
	at java.base/java.lang.Thread.run(Thread.java:1474)
Caused by: org.apache.hc.client5.http.HttpHostConnectException: Connect to http://localhost:8761 failed: Connection refused: getsockopt
	at java.base/sun.nio.ch.Net.pollConnect(Native Method)
	at java.base/sun.nio.ch.Net.pollConnectNow(Net.java:639)
	at java.base/sun.nio.ch.NioSocketImpl.timedFinishConnect(NioSocketImpl.java:543)
	at java.base/sun.nio.ch.NioSocketImpl.connect(NioSocketImpl.java:594)
	at java.base/java.net.SocksSocketImpl.connect(SocksSocketImpl.java:284)
	at java.base/java.net.Socket.connect(Socket.java:659)
	at org.apache.hc.client5.http.impl.io.DefaultHttpClientConnectionOperator.connect(DefaultHttpClientConnectionOperator.java:205)
	at org.apache.hc.client5.http.impl.io.PoolingHttpClientConnectionManager.connect(PoolingHttpClientConnectionManager.java:490)
	at org.apache.hc.client5.http.impl.classic.InternalExecRuntime.connectEndpoint(InternalExecRuntime.java:164)
	at org.apache.hc.client5.http.impl.classic.InternalExecRuntime.connectEndpoint(InternalExecRuntime.java:174)
	at org.apache.hc.client5.http.impl.classic.ConnectExec.execute(ConnectExec.java:144)
	at org.apache.hc.client5.http.impl.classic.ExecChainElement.execute(ExecChainElement.java:51)
	at org.apache.hc.client5.http.impl.classic.ProtocolExec.execute(ProtocolExec.java:195)
	at org.apache.hc.client5.http.impl.classic.ExecChainElement.execute(ExecChainElement.java:51)
	at org.apache.hc.client5.http.impl.classic.ContentCompressionExec.execute(ContentCompressionExec.java:150)
	at org.apache.hc.client5.http.impl.classic.ExecChainElement.execute(ExecChainElement.java:51)
	at org.apache.hc.client5.http.impl.classic.HttpRequestRetryExec.execute(HttpRequestRetryExec.java:113)
	at org.apache.hc.client5.http.impl.classic.ExecChainElement.execute(ExecChainElement.java:51)
	at org.apache.hc.client5.http.impl.classic.RedirectExec.execute(RedirectExec.java:110)
	at org.apache.hc.client5.http.impl.classic.ExecChainElement.execute(ExecChainElement.java:51)
	at org.apache.hc.client5.http.impl.classic.InternalHttpClient.doExecute(InternalHttpClient.java:185)
	at org.apache.hc.client5.http.impl.classic.CloseableHttpClient.execute(CloseableHttpClient.java:87)
	at org.apache.hc.client5.http.impl.classic.CloseableHttpClient.execute(CloseableHttpClient.java:55)
	at org.apache.hc.client5.http.classic.HttpClient.executeOpen(HttpClient.java:183)
	at org.springframework.http.client.HttpComponentsClientHttpRequest.executeInternal(HttpComponentsClientHttpRequest.java:99)
	at org.springframework.http.client.AbstractStreamingClientHttpRequest.executeInternal(AbstractStreamingClientHttpRequest.java:71)
	at org.springframework.http.client.AbstractClientHttpRequest.execute(AbstractClientHttpRequest.java:81)
	at org.springframework.http.client.InterceptingClientHttpRequest$InterceptingRequestExecution.execute(InterceptingClientHttpRequest.java:117)
	at org.springframework.cloud.netflix.eureka.http.RestTemplateTransportClientFactory.lambda$restTemplate$2(RestTemplateTransportClientFactory.java:145)
	at org.springframework.http.client.InterceptingClientHttpRequest$InterceptingRequestExecution.execute(InterceptingClientHttpRequest.java:88)
	at org.springframework.http.client.InterceptingClientHttpRequest.executeInternal(InterceptingClientHttpRequest.java:72)
	at org.springframework.http.client.AbstractBufferingClientHttpRequest.executeInternal(AbstractBufferingClientHttpRequest.java:48)
	at org.springframework.http.client.AbstractClientHttpRequest.execute(AbstractClientHttpRequest.java:81)
	at org.springframework.web.client.RestTemplate.doExecute(RestTemplate.java:900)
	... 22 more

2026-02-11 09:45:43 [userService,/] WARN  c.n.d.s.t.d.RetryableEurekaHttpClient
                - Request execution failed with message: I/O error on POST request for "http://localhost:8761/eureka/apps/USERSERVICE": Connect to http://localhost:8761 failed: Connection refused: getsockopt
2026-02-11 09:45:43 [userService,/] WARN  c.netflix.discovery.DiscoveryClient
                - DiscoveryClient_USERSERVICE/userService:57302c6215ca1c2d970dd2bdfa29ed67 - registration failed Cannot execute request on any known server
com.netflix.discovery.shared.transport.TransportException: Cannot execute request on any known server
	at com.netflix.discovery.shared.transport.decorator.RetryableEurekaHttpClient.execute(RetryableEurekaHttpClient.java:112)
	at com.netflix.discovery.shared.transport.decorator.EurekaHttpClientDecorator.register(EurekaHttpClientDecorator.java:56)
	at com.netflix.discovery.shared.transport.decorator.EurekaHttpClientDecorator$1.execute(EurekaHttpClientDecorator.java:59)
	at com.netflix.discovery.shared.transport.decorator.SessionedEurekaHttpClient.execute(SessionedEurekaHttpClient.java:76)
	at com.netflix.discovery.shared.transport.decorator.EurekaHttpClientDecorator.register(EurekaHttpClientDecorator.java:56)
	at com.netflix.discovery.DiscoveryClient.register(DiscoveryClient.java:828)
	at com.netflix.discovery.InstanceInfoReplicator.run(InstanceInfoReplicator.java:125)
	at com.netflix.discovery.InstanceInfoReplicator$2.run(InstanceInfoReplicator.java:105)
	at java.base/java.util.concurrent.Executors$RunnableAdapter.call(Executors.java:545)
	at java.base/java.util.concurrent.FutureTask.run(FutureTask.java:328)
	at java.base/java.util.concurrent.ScheduledThreadPoolExecutor$ScheduledFutureTask.run(ScheduledThreadPoolExecutor.java:309)
	at java.base/java.util.concurrent.ThreadPoolExecutor.runWorker(ThreadPoolExecutor.java:1090)
	at java.base/java.util.concurrent.ThreadPoolExecutor$Worker.run(ThreadPoolExecutor.java:614)
	at java.base/java.lang.Thread.run(Thread.java:1474)
2026-02-11 09:45:43 [userService,/] WARN  c.n.discovery.InstanceInfoReplicator
                - There was a problem with the instance info replicator
com.netflix.discovery.shared.transport.TransportException: Cannot execute request on any known server
	at com.netflix.discovery.shared.transport.decorator.RetryableEurekaHttpClient.execute(RetryableEurekaHttpClient.java:112)
	at com.netflix.discovery.shared.transport.decorator.EurekaHttpClientDecorator.register(EurekaHttpClientDecorator.java:56)
	at com.netflix.discovery.shared.transport.decorator.EurekaHttpClientDecorator$1.execute(EurekaHttpClientDecorator.java:59)
	at com.netflix.discovery.shared.transport.decorator.SessionedEurekaHttpClient.execute(SessionedEurekaHttpClient.java:76)
	at com.netflix.discovery.shared.transport.decorator.EurekaHttpClientDecorator.register(EurekaHttpClientDecorator.java:56)
	at com.netflix.discovery.DiscoveryClient.register(DiscoveryClient.java:828)
	at com.netflix.discovery.InstanceInfoReplicator.run(InstanceInfoReplicator.java:125)
	at com.netflix.discovery.InstanceInfoReplicator$2.run(InstanceInfoReplicator.java:105)
	at java.base/java.util.concurrent.Executors$RunnableAdapter.call(Executors.java:545)
	at java.base/java.util.concurrent.FutureTask.run(FutureTask.java:328)
	at java.base/java.util.concurrent.ScheduledThreadPoolExecutor$ScheduledFutureTask.run(ScheduledThreadPoolExecutor.java:309)
	at java.base/java.util.concurrent.ThreadPoolExecutor.runWorker(ThreadPoolExecutor.java:1090)
	at java.base/java.util.concurrent.ThreadPoolExecutor$Worker.run(ThreadPoolExecutor.java:614)
	at java.base/java.lang.Thread.run(Thread.java:1474)
2026-02-11 09:45:43 [userService,/] INFO  o.s.b.w.e.tomcat.TomcatWebServer
                - Tomcat initialized with port 8090 (http)
2026-02-11 09:45:43 [userService,/] INFO  o.a.catalina.core.StandardService
                - Starting service [Tomcat]
2026-02-11 09:45:43 [userService,/] INFO  o.a.catalina.core.StandardEngine
                - Starting Servlet engine: [Apache Tomcat/10.1.46]
2026-02-11 09:45:44 [userService,/] INFO  o.a.c.c.C.[Tomcat-1].[localhost].[/]
                - Initializing Spring embedded WebApplicationContext
2026-02-11 09:45:44 [userService,/] INFO  o.s.b.w.s.c.ServletWebServerApplicationContext
                - Root WebApplicationContext: initialization completed in 169 ms
2026-02-11 09:45:44 [userService,/] INFO  o.s.b.a.e.web.EndpointLinksResolver
                - Exposing 17 endpoints beneath base path '/actuator'
2026-02-11 09:45:44 [userService,/] INFO  o.s.b.w.e.tomcat.TomcatWebServer
                - Tomcat started on port 8090 (http) with context path '/'
2026-02-11 09:45:44 [userService,/] INFO  o.g.u.UserManagementServiceApplication
                - Started UserManagementServiceApplication in 7.08 seconds (process running for 7.736)
2026-02-11 09:45:44 [userService,/] ERROR o.g.u.s.impl.UserMgmtServiceImpl
                - admin already exists
2026-02-11 09:45:44 [userService,/] INFO  o.s.b.a.l.ConditionEvaluationReportLogger
                - 

Error starting ApplicationContext. To display the condition evaluation report re-run your application with 'debug' enabled.
2026-02-11 09:45:44 [userService,/] INFO  o.s.b.w.e.tomcat.GracefulShutdown
                - Commencing graceful shutdown. Waiting for active requests to complete
2026-02-11 09:45:44 [userService,/] INFO  o.s.b.w.e.tomcat.GracefulShutdown
                - Graceful shutdown complete
2026-02-11 09:45:44 [userService,/] ERROR o.s.boot.SpringApplication
                - Application run failed
org.genc.usermgmt.exception.UserAlreadyExistsException: admin already exists
	at org.genc.usermgmt.service.impl.UserMgmtServiceImpl.registerNewUser(UserMgmtServiceImpl.java:38)
	at org.genc.usermgmt.config.SeedDataLoader.run(SeedDataLoader.java:44)
	at org.springframework.boot.SpringApplication.lambda$callRunner$5(SpringApplication.java:788)
	at org.springframework.util.function.ThrowingConsumer$1.acceptWithException(ThrowingConsumer.java:82)
	at org.springframework.util.function.ThrowingConsumer.accept(ThrowingConsumer.java:60)
	at org.springframework.util.function.ThrowingConsumer$1.accept(ThrowingConsumer.java:86)
	at org.springframework.boot.SpringApplication.callRunner(SpringApplication.java:796)
	at org.springframework.boot.SpringApplication.callRunner(SpringApplication.java:787)
	at org.springframework.boot.SpringApplication.lambda$callRunners$3(SpringApplication.java:772)
	at java.base/java.util.stream.ForEachOps$ForEachOp$OfRef.accept(ForEachOps.java:186)
	at java.base/java.util.stream.SortedOps$SizedRefSortingSink.end(SortedOps.java:357)
	at java.base/java.util.stream.AbstractPipeline.copyInto(AbstractPipeline.java:571)
	at java.base/java.util.stream.AbstractPipeline.wrapAndCopyInto(AbstractPipeline.java:560)
	at java.base/java.util.stream.ForEachOps$ForEachOp.evaluateSequential(ForEachOps.java:153)
	at java.base/java.util.stream.ForEachOps$ForEachOp$OfRef.evaluateSequential(ForEachOps.java:176)
	at java.base/java.util.stream.AbstractPipeline.evaluate(AbstractPipeline.java:265)
	at java.base/java.util.stream.ReferencePipeline.forEach(ReferencePipeline.java:632)
	at org.springframework.boot.SpringApplication.callRunners(SpringApplication.java:772)
	at org.springframework.boot.SpringApplication.run(SpringApplication.java:325)
	at org.springframework.boot.SpringApplication.run(SpringApplication.java:1361)
	at org.springframework.boot.SpringApplication.run(SpringApplication.java:1350)
	at org.genc.usermgmt.UserManagementServiceApplication.main(UserManagementServiceApplication.java:12)
2026-02-11 09:45:44 [userService,/] INFO  o.s.c.n.e.s.EurekaServiceRegistry
                - Unregistering application USERSERVICE with eureka with status DOWN
2026-02-11 09:45:44 [userService,/] INFO  c.netflix.discovery.DiscoveryClient
                - Saw local status change event StatusChangeEvent [timestamp=1770783344420, current=DOWN, previous=UP]
2026-02-11 09:45:44 [userService,/] INFO  c.netflix.discovery.DiscoveryClient
                - DiscoveryClient_USERSERVICE/userService:57302c6215ca1c2d970dd2bdfa29ed67: registering service...
2026-02-11 09:45:44 [userService,/] INFO  o.s.b.w.e.tomcat.GracefulShutdown
                - Commencing graceful shutdown. Waiting for active requests to complete
2026-02-11 09:45:44 [userService,/] INFO  o.s.b.w.e.tomcat.GracefulShutdown
                - Graceful shutdown complete
2026-02-11 09:45:44 [userService,/] INFO  o.s.o.j.LocalContainerEntityManagerFactoryBean
                - Closing JPA EntityManagerFactory for persistence unit 'default'
2026-02-11 09:45:44 [userService,/] INFO  com.zaxxer.hikari.HikariDataSource
                - HikariPool-1 - Shutdown initiated...
2026-02-11 09:45:44 [userService,/] INFO  c.n.d.s.t.d.RedirectingEurekaHttpClient
                - Request execution error. endpoint=DefaultEndpoint{ serviceUrl='http://localhost:8761/eureka/}, exception=I/O error on POST request for "http://localhost:8761/eureka/apps/USERSERVICE": Connect to http://localhost:8761 failed: Connection refused: getsockopt stacktrace=org.springframework.web.client.ResourceAccessException: I/O error on POST request for "http://localhost:8761/eureka/apps/USERSERVICE": Connect to http://localhost:8761 failed: Connection refused: getsockopt
	at org.springframework.web.client.RestTemplate.createResourceAccessException(RestTemplate.java:926)
	at org.springframework.web.client.RestTemplate.doExecute(RestTemplate.java:906)
	at org.springframework.web.client.RestTemplate.execute(RestTemplate.java:841)
	at org.springframework.web.client.RestTemplate.exchange(RestTemplate.java:702)
	at org.springframework.cloud.netflix.eureka.http.RestTemplateEurekaHttpClient.register(RestTemplateEurekaHttpClient.java:87)
	at com.netflix.discovery.shared.transport.decorator.EurekaHttpClientDecorator$1.execute(EurekaHttpClientDecorator.java:59)
	at com.netflix.discovery.shared.transport.decorator.RedirectingEurekaHttpClient.executeOnNewServer(RedirectingEurekaHttpClient.java:121)
	at com.netflix.discovery.shared.transport.decorator.RedirectingEurekaHttpClient.execute(RedirectingEurekaHttpClient.java:80)
	at com.netflix.discovery.shared.transport.decorator.EurekaHttpClientDecorator.register(EurekaHttpClientDecorator.java:56)
	at com.netflix.discovery.shared.transport.decorator.EurekaHttpClientDecorator$1.execute(EurekaHttpClientDecorator.java:59)
	at com.netflix.discovery.shared.transport.decorator.RetryableEurekaHttpClient.execute(RetryableEurekaHttpClient.java:120)
	at com.netflix.discovery.shared.transport.decorator.EurekaHttpClientDecorator.register(EurekaHttpClientDecorator.java:56)
	at com.netflix.discovery.shared.transport.decorator.EurekaHttpClientDecorator$1.execute(EurekaHttpClientDecorator.java:59)
	at com.netflix.discovery.shared.transport.decorator.SessionedEurekaHttpClient.execute(SessionedEurekaHttpClient.java:76)
	at com.netflix.discovery.shared.transport.decorator.EurekaHttpClientDecorator.register(EurekaHttpClientDecorator.java:56)
	at com.netflix.discovery.DiscoveryClient.register(DiscoveryClient.java:828)
	at com.netflix.discovery.InstanceInfoReplicator.run(InstanceInfoReplicator.java:125)
	at com.netflix.discovery.InstanceInfoReplicator$2.run(InstanceInfoReplicator.java:105)
	at java.base/java.util.concurrent.Executors$RunnableAdapter.call(Executors.java:545)
	at java.base/java.util.concurrent.FutureTask.run(FutureTask.java:328)
	at java.base/java.util.concurrent.ScheduledThreadPoolExecutor$ScheduledFutureTask.run(ScheduledThreadPoolExecutor.java:309)
	at java.base/java.util.concurrent.ThreadPoolExecutor.runWorker(ThreadPoolExecutor.java:1090)
	at java.base/java.util.concurrent.ThreadPoolExecutor$Worker.run(ThreadPoolExecutor.java:614)
	at java.base/java.lang.Thread.run(Thread.java:1474)
Caused by: org.apache.hc.client5.http.HttpHostConnectException: Connect to http://localhost:8761 failed: Connection refused: getsockopt
	at java.base/sun.nio.ch.Net.pollConnect(Native Method)
	at java.base/sun.nio.ch.Net.pollConnectNow(Net.java:639)
	at java.base/sun.nio.ch.NioSocketImpl.timedFinishConnect(NioSocketImpl.java:543)
	at java.base/sun.nio.ch.NioSocketImpl.connect(NioSocketImpl.java:594)
	at java.base/java.net.SocksSocketImpl.connect(SocksSocketImpl.java:284)
	at java.base/java.net.Socket.connect(Socket.java:659)
	at org.apache.hc.client5.http.impl.io.DefaultHttpClientConnectionOperator.connect(DefaultHttpClientConnectionOperator.java:205)
	at org.apache.hc.client5.http.impl.io.PoolingHttpClientConnectionManager.connect(PoolingHttpClientConnectionManager.java:490)
	at org.apache.hc.client5.http.impl.classic.InternalExecRuntime.connectEndpoint(InternalExecRuntime.java:164)
	at org.apache.hc.client5.http.impl.classic.InternalExecRuntime.connectEndpoint(InternalExecRuntime.java:174)
	at org.apache.hc.client5.http.impl.classic.ConnectExec.execute(ConnectExec.java:144)
	at org.apache.hc.client5.http.impl.classic.ExecChainElement.execute(ExecChainElement.java:51)
	at org.apache.hc.client5.http.impl.classic.ProtocolExec.execute(ProtocolExec.java:195)
	at org.apache.hc.client5.http.impl.classic.ExecChainElement.execute(ExecChainElement.java:51)
	at org.apache.hc.client5.http.impl.classic.ContentCompressionExec.execute(ContentCompressionExec.java:150)
	at org.apache.hc.client5.http.impl.classic.ExecChainElement.execute(ExecChainElement.java:51)
	at org.apache.hc.client5.http.impl.classic.HttpRequestRetryExec.execute(HttpRequestRetryExec.java:113)
	at org.apache.hc.client5.http.impl.classic.ExecChainElement.execute(ExecChainElement.java:51)
	at org.apache.hc.client5.http.impl.classic.RedirectExec.execute(RedirectExec.java:110)
	at org.apache.hc.client5.http.impl.classic.ExecChainElement.execute(ExecChainElement.java:51)
	at org.apache.hc.client5.http.impl.classic.InternalHttpClient.doExecute(InternalHttpClient.java:185)
	at org.apache.hc.client5.http.impl.classic.CloseableHttpClient.execute(CloseableHttpClient.java:87)
	at org.apache.hc.client5.http.impl.classic.CloseableHttpClient.execute(CloseableHttpClient.java:55)
	at org.apache.hc.client5.http.classic.HttpClient.executeOpen(HttpClient.java:183)
	at org.springframework.http.client.HttpComponentsClientHttpRequest.executeInternal(HttpComponentsClientHttpRequest.java:99)
	at org.springframework.http.client.AbstractStreamingClientHttpRequest.executeInternal(AbstractStreamingClientHttpRequest.java:71)
	at org.springframework.http.client.AbstractClientHttpRequest.execute(AbstractClientHttpRequest.java:81)
	at org.springframework.http.client.InterceptingClientHttpRequest$InterceptingRequestExecution.execute(InterceptingClientHttpRequest.java:117)
	at org.springframework.cloud.netflix.eureka.http.RestTemplateTransportClientFactory.lambda$restTemplate$2(RestTemplateTransportClientFactory.java:145)
	at org.springframework.http.client.InterceptingClientHttpRequest$InterceptingRequestExecution.execute(InterceptingClientHttpRequest.java:88)
	at org.springframework.http.client.InterceptingClientHttpRequest.executeInternal(InterceptingClientHttpRequest.java:72)
	at org.springframework.http.client.AbstractBufferingClientHttpRequest.executeInternal(AbstractBufferingClientHttpRequest.java:48)
	at org.springframework.http.client.AbstractClientHttpRequest.execute(AbstractClientHttpRequest.java:81)
	at org.springframework.web.client.RestTemplate.doExecute(RestTemplate.java:900)
	... 22 more

2026-02-11 09:45:44 [userService,/] WARN  c.n.d.s.t.d.RetryableEurekaHttpClient
                - Request execution failed with message: I/O error on POST request for "http://localhost:8761/eureka/apps/USERSERVICE": Connect to http://localhost:8761 failed: Connection refused: getsockopt
2026-02-11 09:45:44 [userService,/] WARN  c.netflix.discovery.DiscoveryClient
                - DiscoveryClient_USERSERVICE/userService:57302c6215ca1c2d970dd2bdfa29ed67 - registration failed Cannot execute request on any known server
com.netflix.discovery.shared.transport.TransportException: Cannot execute request on any known server
	at com.netflix.discovery.shared.transport.decorator.RetryableEurekaHttpClient.execute(RetryableEurekaHttpClient.java:112)
	at com.netflix.discovery.shared.transport.decorator.EurekaHttpClientDecorator.register(EurekaHttpClientDecorator.java:56)
	at com.netflix.discovery.shared.transport.decorator.EurekaHttpClientDecorator$1.execute(EurekaHttpClientDecorator.java:59)
	at com.netflix.discovery.shared.transport.decorator.SessionedEurekaHttpClient.execute(SessionedEurekaHttpClient.java:76)
	at com.netflix.discovery.shared.transport.decorator.EurekaHttpClientDecorator.register(EurekaHttpClientDecorator.java:56)
	at com.netflix.discovery.DiscoveryClient.register(DiscoveryClient.java:828)
	at com.netflix.discovery.InstanceInfoReplicator.run(InstanceInfoReplicator.java:125)
	at com.netflix.discovery.InstanceInfoReplicator$2.run(InstanceInfoReplicator.java:105)
	at java.base/java.util.concurrent.Executors$RunnableAdapter.call(Executors.java:545)
	at java.base/java.util.concurrent.FutureTask.run(FutureTask.java:328)
	at java.base/java.util.concurrent.ScheduledThreadPoolExecutor$ScheduledFutureTask.run(ScheduledThreadPoolExecutor.java:309)
	at java.base/java.util.concurrent.ThreadPoolExecutor.runWorker(ThreadPoolExecutor.java:1090)
	at java.base/java.util.concurrent.ThreadPoolExecutor$Worker.run(ThreadPoolExecutor.java:614)
	at java.base/java.lang.Thread.run(Thread.java:1474)
2026-02-11 09:45:44 [userService,/] WARN  c.n.discovery.InstanceInfoReplicator
                - There was a problem with the instance info replicator
com.netflix.discovery.shared.transport.TransportException: Cannot execute request on any known server
	at com.netflix.discovery.shared.transport.decorator.RetryableEurekaHttpClient.execute(RetryableEurekaHttpClient.java:112)
	at com.netflix.discovery.shared.transport.decorator.EurekaHttpClientDecorator.register(EurekaHttpClientDecorator.java:56)
	at com.netflix.discovery.shared.transport.decorator.EurekaHttpClientDecorator$1.execute(EurekaHttpClientDecorator.java:59)
	at com.netflix.discovery.shared.transport.decorator.SessionedEurekaHttpClient.execute(SessionedEurekaHttpClient.java:76)
	at com.netflix.discovery.shared.transport.decorator.EurekaHttpClientDecorator.register(EurekaHttpClientDecorator.java:56)
	at com.netflix.discovery.DiscoveryClient.register(DiscoveryClient.java:828)
	at com.netflix.discovery.InstanceInfoReplicator.run(InstanceInfoReplicator.java:125)
	at com.netflix.discovery.InstanceInfoReplicator$2.run(InstanceInfoReplicator.java:105)
	at java.base/java.util.concurrent.Executors$RunnableAdapter.call(Executors.java:545)
	at java.base/java.util.concurrent.FutureTask.run(FutureTask.java:328)
	at java.base/java.util.concurrent.ScheduledThreadPoolExecutor$ScheduledFutureTask.run(ScheduledThreadPoolExecutor.java:309)
	at java.base/java.util.concurrent.ThreadPoolExecutor.runWorker(ThreadPoolExecutor.java:1090)
	at java.base/java.util.concurrent.ThreadPoolExecutor$Worker.run(ThreadPoolExecutor.java:614)
	at java.base/java.lang.Thread.run(Thread.java:1474)
2026-02-11 09:45:44 [userService,/] INFO  com.zaxxer.hikari.HikariDataSource
                - HikariPool-1 - Shutdown completed.
2026-02-11 09:45:44 [userService,/] INFO  c.netflix.discovery.DiscoveryClient
                - Shutting down DiscoveryClient ...
2026-02-11 09:45:47 [userService,/] INFO  c.netflix.discovery.DiscoveryClient
                - Unregistering ...
2026-02-11 09:45:47 [userService,/] INFO  c.n.d.s.t.d.RedirectingEurekaHttpClient
                - Request execution error. endpoint=DefaultEndpoint{ serviceUrl='http://localhost:8761/eureka/}, exception=I/O error on DELETE request for "http://localhost:8761/eureka/apps/USERSERVICE/userService:57302c6215ca1c2d970dd2bdfa29ed67": Connect to http://localhost:8761 failed: Connection refused: getsockopt stacktrace=org.springframework.web.client.ResourceAccessException: I/O error on DELETE request for "http://localhost:8761/eureka/apps/USERSERVICE/userService:57302c6215ca1c2d970dd2bdfa29ed67": Connect to http://localhost:8761 failed: Connection refused: getsockopt
	at org.springframework.web.client.RestTemplate.createResourceAccessException(RestTemplate.java:926)
	at org.springframework.web.client.RestTemplate.doExecute(RestTemplate.java:906)
	at org.springframework.web.client.RestTemplate.execute(RestTemplate.java:841)
	at org.springframework.web.client.RestTemplate.exchange(RestTemplate.java:702)
	at org.springframework.cloud.netflix.eureka.http.RestTemplateEurekaHttpClient.cancel(RestTemplateEurekaHttpClient.java:100)
	at com.netflix.discovery.shared.transport.decorator.EurekaHttpClientDecorator$2.execute(EurekaHttpClientDecorator.java:74)
	at com.netflix.discovery.shared.transport.decorator.RedirectingEurekaHttpClient.executeOnNewServer(RedirectingEurekaHttpClient.java:121)
	at com.netflix.discovery.shared.transport.decorator.RedirectingEurekaHttpClient.execute(RedirectingEurekaHttpClient.java:80)
	at com.netflix.discovery.shared.transport.decorator.EurekaHttpClientDecorator.cancel(EurekaHttpClientDecorator.java:71)
	at com.netflix.discovery.shared.transport.decorator.EurekaHttpClientDecorator$2.execute(EurekaHttpClientDecorator.java:74)
	at com.netflix.discovery.shared.transport.decorator.RetryableEurekaHttpClient.execute(RetryableEurekaHttpClient.java:120)
	at com.netflix.discovery.shared.transport.decorator.EurekaHttpClientDecorator.cancel(EurekaHttpClientDecorator.java:71)
	at com.netflix.discovery.shared.transport.decorator.EurekaHttpClientDecorator$2.execute(EurekaHttpClientDecorator.java:74)
	at com.netflix.discovery.shared.transport.decorator.SessionedEurekaHttpClient.execute(SessionedEurekaHttpClient.java:76)
	at com.netflix.discovery.shared.transport.decorator.EurekaHttpClientDecorator.cancel(EurekaHttpClientDecorator.java:71)
	at com.netflix.discovery.DiscoveryClient.unregister(DiscoveryClient.java:919)
	at com.netflix.discovery.DiscoveryClient.shutdown(DiscoveryClient.java:900)
	at java.base/jdk.internal.reflect.DirectMethodHandleAccessor.invoke(DirectMethodHandleAccessor.java:104)
	at java.base/java.lang.reflect.Method.invoke(Method.java:565)
	at org.springframework.beans.factory.annotation.InitDestroyAnnotationBeanPostProcessor$LifecycleMethod.invoke(InitDestroyAnnotationBeanPostProcessor.java:457)
	at org.springframework.beans.factory.annotation.InitDestroyAnnotationBeanPostProcessor$LifecycleMetadata.invokeDestroyMethods(InitDestroyAnnotationBeanPostProcessor.java:415)
	at org.springframework.beans.factory.annotation.InitDestroyAnnotationBeanPostProcessor.postProcessBeforeDestruction(InitDestroyAnnotationBeanPostProcessor.java:239)
	at org.springframework.beans.factory.support.DisposableBeanAdapter.destroy(DisposableBeanAdapter.java:203)
	at org.springframework.beans.factory.support.DisposableBeanAdapter.run(DisposableBeanAdapter.java:196)
	at org.springframework.cloud.context.scope.GenericScope$BeanLifecycleWrapper.destroy(GenericScope.java:387)
	at org.springframework.cloud.context.scope.GenericScope.destroy(GenericScope.java:134)
	at org.springframework.beans.factory.support.DisposableBeanAdapter.destroy(DisposableBeanAdapter.java:212)
	at org.springframework.beans.factory.support.DefaultSingletonBeanRegistry.destroyBean(DefaultSingletonBeanRegistry.java:798)
	at org.springframework.beans.factory.support.DefaultSingletonBeanRegistry.destroySingleton(DefaultSingletonBeanRegistry.java:748)
	at org.springframework.beans.factory.support.DefaultListableBeanFactory.destroySingleton(DefaultListableBeanFactory.java:1489)
	at org.springframework.beans.factory.support.DefaultSingletonBeanRegistry.destroySingletons(DefaultSingletonBeanRegistry.java:707)
	at org.springframework.beans.factory.support.DefaultListableBeanFactory.destroySingletons(DefaultListableBeanFactory.java:1482)
	at org.springframework.context.support.AbstractApplicationContext.destroyBeans(AbstractApplicationContext.java:1219)
	at org.springframework.context.support.AbstractApplicationContext.doClose(AbstractApplicationContext.java:1180)
	at org.springframework.boot.web.servlet.context.ServletWebServerApplicationContext.doClose(ServletWebServerApplicationContext.java:179)
	at org.springframework.context.support.AbstractApplicationContext.close(AbstractApplicationContext.java:1126)
	at org.springframework.boot.SpringApplication.handleRunFailure(SpringApplication.java:814)
	at org.springframework.boot.SpringApplication.run(SpringApplication.java:328)
	at org.springframework.boot.SpringApplication.run(SpringApplication.java:1361)
	at org.springframework.boot.SpringApplication.run(SpringApplication.java:1350)
	at org.genc.usermgmt.UserManagementServiceApplication.main(UserManagementServiceApplication.java:12)
Caused by: org.apache.hc.client5.http.HttpHostConnectException: Connect to http://localhost:8761 failed: Connection refused: getsockopt
	at java.base/sun.nio.ch.Net.pollConnect(Native Method)
	at java.base/sun.nio.ch.Net.pollConnectNow(Net.java:639)
	at java.base/sun.nio.ch.NioSocketImpl.timedFinishConnect(NioSocketImpl.java:543)
	at java.base/sun.nio.ch.NioSocketImpl.connect(NioSocketImpl.java:594)
	at java.base/java.net.SocksSocketImpl.connect(SocksSocketImpl.java:284)
	at java.base/java.net.Socket.connect(Socket.java:659)
	at org.apache.hc.client5.http.impl.io.DefaultHttpClientConnectionOperator.connect(DefaultHttpClientConnectionOperator.java:205)
	at org.apache.hc.client5.http.impl.io.PoolingHttpClientConnectionManager.connect(PoolingHttpClientConnectionManager.java:490)
	at org.apache.hc.client5.http.impl.classic.InternalExecRuntime.connectEndpoint(InternalExecRuntime.java:164)
	at org.apache.hc.client5.http.impl.classic.InternalExecRuntime.connectEndpoint(InternalExecRuntime.java:174)
	at org.apache.hc.client5.http.impl.classic.ConnectExec.execute(ConnectExec.java:144)
	at org.apache.hc.client5.http.impl.classic.ExecChainElement.execute(ExecChainElement.java:51)
	at org.apache.hc.client5.http.impl.classic.ProtocolExec.execute(ProtocolExec.java:195)
	at org.apache.hc.client5.http.impl.classic.ExecChainElement.execute(ExecChainElement.java:51)
	at org.apache.hc.client5.http.impl.classic.ContentCompressionExec.execute(ContentCompressionExec.java:150)
	at org.apache.hc.client5.http.impl.classic.ExecChainElement.execute(ExecChainElement.java:51)
	at org.apache.hc.client5.http.impl.classic.HttpRequestRetryExec.execute(HttpRequestRetryExec.java:113)
	at org.apache.hc.client5.http.impl.classic.ExecChainElement.execute(ExecChainElement.java:51)
	at org.apache.hc.client5.http.impl.classic.RedirectExec.execute(RedirectExec.java:110)
	at org.apache.hc.client5.http.impl.classic.ExecChainElement.execute(ExecChainElement.java:51)
	at org.apache.hc.client5.http.impl.classic.InternalHttpClient.doExecute(InternalHttpClient.java:185)
	at org.apache.hc.client5.http.impl.classic.CloseableHttpClient.execute(CloseableHttpClient.java:87)
	at org.apache.hc.client5.http.impl.classic.CloseableHttpClient.execute(CloseableHttpClient.java:55)
	at org.apache.hc.client5.http.classic.HttpClient.executeOpen(HttpClient.java:183)
	at org.springframework.http.client.HttpComponentsClientHttpRequest.executeInternal(HttpComponentsClientHttpRequest.java:99)
	at org.springframework.http.client.AbstractStreamingClientHttpRequest.executeInternal(AbstractStreamingClientHttpRequest.java:71)
	at org.springframework.http.client.AbstractClientHttpRequest.execute(AbstractClientHttpRequest.java:81)
	at org.springframework.http.client.InterceptingClientHttpRequest$InterceptingRequestExecution.execute(InterceptingClientHttpRequest.java:117)
	at org.springframework.cloud.netflix.eureka.http.RestTemplateTransportClientFactory.lambda$restTemplate$2(RestTemplateTransportClientFactory.java:145)
	at org.springframework.http.client.InterceptingClientHttpRequest$InterceptingRequestExecution.execute(InterceptingClientHttpRequest.java:88)
	at org.springframework.http.client.InterceptingClientHttpRequest.executeInternal(InterceptingClientHttpRequest.java:72)
	at org.springframework.http.client.AbstractBufferingClientHttpRequest.executeInternal(AbstractBufferingClientHttpRequest.java:48)
	at org.springframework.http.client.AbstractClientHttpRequest.execute(AbstractClientHttpRequest.java:81)
	at org.springframework.web.client.RestTemplate.doExecute(RestTemplate.java:900)
	... 39 more

2026-02-11 09:45:47 [userService,/] WARN  c.n.d.s.t.d.RetryableEurekaHttpClient
                - Request execution failed with message: I/O error on DELETE request for "http://localhost:8761/eureka/apps/USERSERVICE/userService:57302c6215ca1c2d970dd2bdfa29ed67": Connect to http://localhost:8761 failed: Connection refused: getsockopt
2026-02-11 09:45:47 [userService,/] ERROR c.netflix.discovery.DiscoveryClient
                - DiscoveryClient_USERSERVICE/userService:57302c6215ca1c2d970dd2bdfa29ed67 - de-registration failedCannot execute request on any known server
com.netflix.discovery.shared.transport.TransportException: Cannot execute request on any known server
	at com.netflix.discovery.shared.transport.decorator.RetryableEurekaHttpClient.execute(RetryableEurekaHttpClient.java:112)
	at com.netflix.discovery.shared.transport.decorator.EurekaHttpClientDecorator.cancel(EurekaHttpClientDecorator.java:71)
	at com.netflix.discovery.shared.transport.decorator.EurekaHttpClientDecorator$2.execute(EurekaHttpClientDecorator.java:74)
	at com.netflix.discovery.shared.transport.decorator.SessionedEurekaHttpClient.execute(SessionedEurekaHttpClient.java:76)
	at com.netflix.discovery.shared.transport.decorator.EurekaHttpClientDecorator.cancel(EurekaHttpClientDecorator.java:71)
	at com.netflix.discovery.DiscoveryClient.unregister(DiscoveryClient.java:919)
	at com.netflix.discovery.DiscoveryClient.shutdown(DiscoveryClient.java:900)
	at java.base/jdk.internal.reflect.DirectMethodHandleAccessor.invoke(DirectMethodHandleAccessor.java:104)
	at java.base/java.lang.reflect.Method.invoke(Method.java:565)
	at org.springframework.beans.factory.annotation.InitDestroyAnnotationBeanPostProcessor$LifecycleMethod.invoke(InitDestroyAnnotationBeanPostProcessor.java:457)
	at org.springframework.beans.factory.annotation.InitDestroyAnnotationBeanPostProcessor$LifecycleMetadata.invokeDestroyMethods(InitDestroyAnnotationBeanPostProcessor.java:415)
	at org.springframework.beans.factory.annotation.InitDestroyAnnotationBeanPostProcessor.postProcessBeforeDestruction(InitDestroyAnnotationBeanPostProcessor.java:239)
	at org.springframework.beans.factory.support.DisposableBeanAdapter.destroy(DisposableBeanAdapter.java:203)
	at org.springframework.beans.factory.support.DisposableBeanAdapter.run(DisposableBeanAdapter.java:196)
	at org.springframework.cloud.context.scope.GenericScope$BeanLifecycleWrapper.destroy(GenericScope.java:387)
	at org.springframework.cloud.context.scope.GenericScope.destroy(GenericScope.java:134)
	at org.springframework.beans.factory.support.DisposableBeanAdapter.destroy(DisposableBeanAdapter.java:212)
	at org.springframework.beans.factory.support.DefaultSingletonBeanRegistry.destroyBean(DefaultSingletonBeanRegistry.java:798)
	at org.springframework.beans.factory.support.DefaultSingletonBeanRegistry.destroySingleton(DefaultSingletonBeanRegistry.java:748)
	at org.springframework.beans.factory.support.DefaultListableBeanFactory.destroySingleton(DefaultListableBeanFactory.java:1489)
	at org.springframework.beans.factory.support.DefaultSingletonBeanRegistry.destroySingletons(DefaultSingletonBeanRegistry.java:707)
	at org.springframework.beans.factory.support.DefaultListableBeanFactory.destroySingletons(DefaultListableBeanFactory.java:1482)
	at org.springframework.context.support.AbstractApplicationContext.destroyBeans(AbstractApplicationContext.java:1219)
	at org.springframework.context.support.AbstractApplicationContext.doClose(AbstractApplicationContext.java:1180)
	at org.springframework.boot.web.servlet.context.ServletWebServerApplicationContext.doClose(ServletWebServerApplicationContext.java:179)
	at org.springframework.context.support.AbstractApplicationContext.close(AbstractApplicationContext.java:1126)
	at org.springframework.boot.SpringApplication.handleRunFailure(SpringApplication.java:814)
	at org.springframework.boot.SpringApplication.run(SpringApplication.java:328)
	at org.springframework.boot.SpringApplication.run(SpringApplication.java:1361)
	at org.springframework.boot.SpringApplication.run(SpringApplication.java:1350)
	at org.genc.usermgmt.UserManagementServiceApplication.main(UserManagementServiceApplication.java:12)
2026-02-11 09:45:47 [userService,/] INFO  c.netflix.discovery.DiscoveryClient
                - Completed shut down of DiscoveryClient
2026-02-11 11:03:33 [userService,/] INFO  o.g.u.UserManagementServiceApplication
                - Starting UserManagementServiceApplication using Java 25 with PID 10124 (C:\Users\2464280\gencWorkspaces\practiceWorkspace\usermanagementservice\target\classes started by 2464280 in C:\Users\2464280\gencWorkspaces\practiceWorkspace\usermanagementservice)
2026-02-11 11:03:33 [userService,/] DEBUG o.g.u.UserManagementServiceApplication
                - Running with Spring Boot v3.5.6, Spring v6.2.11
2026-02-11 11:03:33 [userService,/] INFO  o.g.u.UserManagementServiceApplication
                - The following 1 profile is active: "genc"
2026-02-11 11:03:34 [userService,/] INFO  o.s.d.r.c.RepositoryConfigurationDelegate
                - Bootstrapping Spring Data JPA repositories in DEFAULT mode.
2026-02-11 11:03:34 [userService,/] INFO  o.s.d.r.c.RepositoryConfigurationDelegate
                - Finished Spring Data repository scanning in 186 ms. Found 2 JPA repository interfaces.
2026-02-11 11:03:35 [userService,/] INFO  o.s.cloud.context.scope.GenericScope
                - BeanFactory id=9bee316d-2ab0-3fef-9ae8-11485ce981d2
2026-02-11 11:03:35 [userService,/] INFO  o.s.b.w.e.tomcat.TomcatWebServer
                - Tomcat initialized with port 8086 (http)
2026-02-11 11:03:35 [userService,/] INFO  o.a.catalina.core.StandardService
                - Starting service [Tomcat]
2026-02-11 11:03:35 [userService,/] INFO  o.a.catalina.core.StandardEngine
                - Starting Servlet engine: [Apache Tomcat/10.1.46]
2026-02-11 11:03:35 [userService,/] INFO  o.a.c.c.C.[Tomcat].[localhost].[/]
                - Initializing Spring embedded WebApplicationContext
2026-02-11 11:03:35 [userService,/] INFO  o.s.b.w.s.c.ServletWebServerApplicationContext
                - Root WebApplicationContext: initialization completed in 2712 ms
2026-02-11 11:03:36 [userService,/] INFO  o.h.jpa.internal.util.LogHelper
                - HHH000204: Processing PersistenceUnitInfo [name: default]
2026-02-11 11:03:36 [userService,/] INFO  org.hibernate.Version
                - HHH000412: Hibernate ORM core version 6.6.29.Final
2026-02-11 11:03:36 [userService,/] INFO  o.h.c.i.RegionFactoryInitiator
                - HHH000026: Second-level cache disabled
2026-02-11 11:03:36 [userService,/] INFO  o.s.o.j.p.SpringPersistenceUnitInfo
                - No LoadTimeWeaver setup: ignoring JPA class transformer
2026-02-11 11:03:36 [userService,/] INFO  com.zaxxer.hikari.HikariDataSource
                - HikariPool-1 - Starting...
2026-02-11 11:03:36 [userService,/] INFO  com.zaxxer.hikari.pool.HikariPool
                - HikariPool-1 - Added connection com.mysql.cj.jdbc.ConnectionImpl@59ec5a0b
2026-02-11 11:03:36 [userService,/] INFO  com.zaxxer.hikari.HikariDataSource
                - HikariPool-1 - Start completed.
2026-02-11 11:03:36 [userService,/] WARN  org.hibernate.orm.deprecation
                - HHH90000025: MySQLDialect does not need to be specified explicitly using 'hibernate.dialect' (remove the property setting and it will be selected by default)
2026-02-11 11:03:36 [userService,/] INFO  o.hibernate.orm.connections.pooling
                - HHH10001005: Database info:
	Database JDBC URL [Connecting through datasource 'HikariDataSource (HikariPool-1)']
	Database driver: undefined/unknown
	Database version: 8.0.44
	Autocommit mode: undefined/unknown
	Isolation level: undefined/unknown
	Minimum pool size: undefined/unknown
	Maximum pool size: undefined/unknown
2026-02-11 11:03:37 [userService,/] INFO  o.h.e.t.j.p.i.JtaPlatformInitiator
                - HHH000489: No JTA platform available (set 'hibernate.transaction.jta.platform' to enable JTA platform integration)
2026-02-11 11:03:37 [userService,/] INFO  o.s.o.j.LocalContainerEntityManagerFactoryBean
                - Initialized JPA EntityManagerFactory for persistence unit 'default'
2026-02-11 11:03:38 [userService,/] DEBUG o.g.u.filter.JwtAuthenticationFilter
                - Filter 'jwtAuthenticationFilter' configured for use
2026-02-11 11:03:38 [userService,/] INFO  o.s.s.c.a.a.c.InitializeUserDetailsBeanManagerConfigurer$InitializeUserDetailsManagerConfigurer
                - Global AuthenticationManager configured with UserDetailsService bean with name customUserDetailsService
2026-02-11 11:03:38 [userService,/] WARN  o.s.b.a.o.j.JpaBaseConfiguration$JpaWebConfiguration
                - spring.jpa.open-in-view is enabled by default. Therefore, database queries may be performed during view rendering. Explicitly configure spring.jpa.open-in-view to disable this warning
2026-02-11 11:03:39 [userService,/] INFO  o.s.c.n.e.c.DiscoveryClientOptionalArgsConfiguration
                - Eureka HTTP Client uses RestTemplate.
2026-02-11 11:03:39 [userService,/] WARN  o.s.c.l.c.LoadBalancerCacheAutoConfiguration$LoadBalancerCaffeineWarnLogger
                - Spring Cloud LoadBalancer is currently working with the default cache. While this cache implementation is useful for development and tests, it's recommended to use Caffeine cache in production.You can switch to using Caffeine cache, by adding it and org.springframework.cache.caffeine.CaffeineCacheManager to the classpath.
2026-02-11 11:03:39 [userService,/] INFO  o.s.b.w.e.tomcat.TomcatWebServer
                - Tomcat started on port 8086 (http) with context path '/'
2026-02-11 11:03:39 [userService,/] INFO  o.s.b.w.e.tomcat.TomcatWebServer
                - Tomcat initialized with port 8090 (http)
2026-02-11 11:03:39 [userService,/] INFO  o.a.catalina.core.StandardService
                - Starting service [Tomcat]
2026-02-11 11:03:39 [userService,/] INFO  o.a.catalina.core.StandardEngine
                - Starting Servlet engine: [Apache Tomcat/10.1.46]
2026-02-11 11:03:39 [userService,/] INFO  o.a.c.c.C.[Tomcat-1].[localhost].[/]
                - Initializing Spring embedded WebApplicationContext
2026-02-11 11:03:39 [userService,/] INFO  o.s.b.w.s.c.ServletWebServerApplicationContext
                - Root WebApplicationContext: initialization completed in 137 ms
2026-02-11 11:03:39 [userService,/] INFO  o.s.b.a.e.web.EndpointLinksResolver
                - Exposing 16 endpoints beneath base path '/actuator'
2026-02-11 11:03:39 [userService,/] INFO  o.s.b.w.e.tomcat.TomcatWebServer
                - Tomcat started on port 8090 (http) with context path '/'
2026-02-11 11:03:39 [userService,/] INFO  o.g.u.UserManagementServiceApplication
                - Started UserManagementServiceApplication in 7.393 seconds (process running for 8.215)
2026-02-11 11:03:40 [userService,/] ERROR o.g.u.s.impl.UserMgmtServiceImpl
                - admin already exists
2026-02-11 11:03:40 [userService,/] INFO  o.s.b.a.l.ConditionEvaluationReportLogger
                - 

Error starting ApplicationContext. To display the condition evaluation report re-run your application with 'debug' enabled.
2026-02-11 11:03:40 [userService,/] INFO  o.s.b.w.e.tomcat.GracefulShutdown
                - Commencing graceful shutdown. Waiting for active requests to complete
2026-02-11 11:03:40 [userService,/] INFO  o.s.b.w.e.tomcat.GracefulShutdown
                - Graceful shutdown complete
2026-02-11 11:03:40 [userService,/] ERROR o.s.boot.SpringApplication
                - Application run failed
org.genc.usermgmt.exception.UserAlreadyExistsException: admin already exists
	at org.genc.usermgmt.service.impl.UserMgmtServiceImpl.registerNewUser(UserMgmtServiceImpl.java:38)
	at org.genc.usermgmt.config.SeedDataLoader.run(SeedDataLoader.java:44)
	at org.springframework.boot.SpringApplication.lambda$callRunner$5(SpringApplication.java:788)
	at org.springframework.util.function.ThrowingConsumer$1.acceptWithException(ThrowingConsumer.java:82)
	at org.springframework.util.function.ThrowingConsumer.accept(ThrowingConsumer.java:60)
	at org.springframework.util.function.ThrowingConsumer$1.accept(ThrowingConsumer.java:86)
	at org.springframework.boot.SpringApplication.callRunner(SpringApplication.java:796)
	at org.springframework.boot.SpringApplication.callRunner(SpringApplication.java:787)
	at org.springframework.boot.SpringApplication.lambda$callRunners$3(SpringApplication.java:772)
	at java.base/java.util.stream.ForEachOps$ForEachOp$OfRef.accept(ForEachOps.java:186)
	at java.base/java.util.stream.SortedOps$SizedRefSortingSink.end(SortedOps.java:357)
	at java.base/java.util.stream.AbstractPipeline.copyInto(AbstractPipeline.java:571)
	at java.base/java.util.stream.AbstractPipeline.wrapAndCopyInto(AbstractPipeline.java:560)
	at java.base/java.util.stream.ForEachOps$ForEachOp.evaluateSequential(ForEachOps.java:153)
	at java.base/java.util.stream.ForEachOps$ForEachOp$OfRef.evaluateSequential(ForEachOps.java:176)
	at java.base/java.util.stream.AbstractPipeline.evaluate(AbstractPipeline.java:265)
	at java.base/java.util.stream.ReferencePipeline.forEach(ReferencePipeline.java:632)
	at org.springframework.boot.SpringApplication.callRunners(SpringApplication.java:772)
	at org.springframework.boot.SpringApplication.run(SpringApplication.java:325)
	at org.springframework.boot.SpringApplication.run(SpringApplication.java:1361)
	at org.springframework.boot.SpringApplication.run(SpringApplication.java:1350)
	at org.genc.usermgmt.UserManagementServiceApplication.main(UserManagementServiceApplication.java:12)
2026-02-11 11:03:40 [userService,/] INFO  o.s.b.w.e.tomcat.GracefulShutdown
                - Commencing graceful shutdown. Waiting for active requests to complete
2026-02-11 11:03:40 [userService,/] INFO  o.s.b.w.e.tomcat.GracefulShutdown
                - Graceful shutdown complete
2026-02-11 11:03:40 [userService,/] INFO  o.s.o.j.LocalContainerEntityManagerFactoryBean
                - Closing JPA EntityManagerFactory for persistence unit 'default'
2026-02-11 11:03:40 [userService,/] INFO  com.zaxxer.hikari.HikariDataSource
                - HikariPool-1 - Shutdown initiated...
2026-02-11 11:03:40 [userService,/] INFO  com.zaxxer.hikari.HikariDataSource
                - HikariPool-1 - Shutdown completed.
2026-02-11 12:42:38 [userService,/] INFO  o.g.u.UserManagementServiceApplication
                - Starting UserManagementServiceApplication using Java 25 with PID 32212 (C:\Users\2464280\gencWorkspaces\practiceWorkspace\usermanagementservice\target\classes started by 2464280 in C:\Users\2464280\gencWorkspaces\practiceWorkspace\usermanagementservice)
2026-02-11 12:42:38 [userService,/] DEBUG o.g.u.UserManagementServiceApplication
                - Running with Spring Boot v3.5.6, Spring v6.2.11
2026-02-11 12:42:38 [userService,/] INFO  o.g.u.UserManagementServiceApplication
                - The following 1 profile is active: "genc"
2026-02-11 12:42:40 [userService,/] INFO  o.s.d.r.c.RepositoryConfigurationDelegate
                - Bootstrapping Spring Data JPA repositories in DEFAULT mode.
2026-02-11 12:42:40 [userService,/] INFO  o.s.d.r.c.RepositoryConfigurationDelegate
                - Finished Spring Data repository scanning in 341 ms. Found 2 JPA repository interfaces.
2026-02-11 12:42:41 [userService,/] INFO  o.s.cloud.context.scope.GenericScope
                - BeanFactory id=9bee316d-2ab0-3fef-9ae8-11485ce981d2
2026-02-11 12:42:42 [userService,/] INFO  o.s.b.w.e.tomcat.TomcatWebServer
                - Tomcat initialized with port 8086 (http)
2026-02-11 12:42:42 [userService,/] INFO  o.a.catalina.core.StandardService
                - Starting service [Tomcat]
2026-02-11 12:42:42 [userService,/] INFO  o.a.catalina.core.StandardEngine
                - Starting Servlet engine: [Apache Tomcat/10.1.46]
2026-02-11 12:42:42 [userService,/] INFO  o.a.c.c.C.[Tomcat].[localhost].[/]
                - Initializing Spring embedded WebApplicationContext
2026-02-11 12:42:42 [userService,/] INFO  o.s.b.w.s.c.ServletWebServerApplicationContext
                - Root WebApplicationContext: initialization completed in 3882 ms
2026-02-11 12:42:42 [userService,/] INFO  o.h.jpa.internal.util.LogHelper
                - HHH000204: Processing PersistenceUnitInfo [name: default]
2026-02-11 12:42:42 [userService,/] INFO  org.hibernate.Version
                - HHH000412: Hibernate ORM core version 6.6.29.Final
2026-02-11 12:42:42 [userService,/] INFO  o.h.c.i.RegionFactoryInitiator
                - HHH000026: Second-level cache disabled
2026-02-11 12:42:43 [userService,/] INFO  o.s.o.j.p.SpringPersistenceUnitInfo
                - No LoadTimeWeaver setup: ignoring JPA class transformer
2026-02-11 12:42:43 [userService,/] INFO  com.zaxxer.hikari.HikariDataSource
                - HikariPool-1 - Starting...
2026-02-11 12:42:43 [userService,/] INFO  com.zaxxer.hikari.pool.HikariPool
                - HikariPool-1 - Added connection com.mysql.cj.jdbc.ConnectionImpl@6244afc4
2026-02-11 12:42:43 [userService,/] INFO  com.zaxxer.hikari.HikariDataSource
                - HikariPool-1 - Start completed.
2026-02-11 12:42:43 [userService,/] WARN  org.hibernate.orm.deprecation
                - HHH90000025: MySQLDialect does not need to be specified explicitly using 'hibernate.dialect' (remove the property setting and it will be selected by default)
2026-02-11 12:42:43 [userService,/] INFO  o.hibernate.orm.connections.pooling
                - HHH10001005: Database info:
	Database JDBC URL [Connecting through datasource 'HikariDataSource (HikariPool-1)']
	Database driver: undefined/unknown
	Database version: 8.0.44
	Autocommit mode: undefined/unknown
	Isolation level: undefined/unknown
	Minimum pool size: undefined/unknown
	Maximum pool size: undefined/unknown
2026-02-11 12:42:45 [userService,/] INFO  o.h.e.t.j.p.i.JtaPlatformInitiator
                - HHH000489: No JTA platform available (set 'hibernate.transaction.jta.platform' to enable JTA platform integration)
2026-02-11 12:42:45 [userService,/] INFO  o.s.o.j.LocalContainerEntityManagerFactoryBean
                - Initialized JPA EntityManagerFactory for persistence unit 'default'
2026-02-11 12:42:46 [userService,/] DEBUG o.g.u.filter.JwtAuthenticationFilter
                - Filter 'jwtAuthenticationFilter' configured for use
2026-02-11 12:42:46 [userService,/] INFO  o.s.s.c.a.a.c.InitializeUserDetailsBeanManagerConfigurer$InitializeUserDetailsManagerConfigurer
                - Global AuthenticationManager configured with UserDetailsService bean with name customUserDetailsService
2026-02-11 12:42:46 [userService,/] WARN  o.s.b.a.o.j.JpaBaseConfiguration$JpaWebConfiguration
                - spring.jpa.open-in-view is enabled by default. Therefore, database queries may be performed during view rendering. Explicitly configure spring.jpa.open-in-view to disable this warning
2026-02-11 12:42:47 [userService,/] INFO  o.s.c.n.e.c.DiscoveryClientOptionalArgsConfiguration
                - Eureka HTTP Client uses RestTemplate.
2026-02-11 12:42:48 [userService,/] WARN  o.s.c.l.c.LoadBalancerCacheAutoConfiguration$LoadBalancerCaffeineWarnLogger
                - Spring Cloud LoadBalancer is currently working with the default cache. While this cache implementation is useful for development and tests, it's recommended to use Caffeine cache in production.You can switch to using Caffeine cache, by adding it and org.springframework.cache.caffeine.CaffeineCacheManager to the classpath.
2026-02-11 12:42:48 [userService,/] INFO  o.s.b.w.e.tomcat.TomcatWebServer
                - Tomcat started on port 8086 (http) with context path '/'
2026-02-11 12:42:48 [userService,/] INFO  o.s.b.w.e.tomcat.TomcatWebServer
                - Tomcat initialized with port 8090 (http)
2026-02-11 12:42:48 [userService,/] INFO  o.a.catalina.core.StandardService
                - Starting service [Tomcat]
2026-02-11 12:42:48 [userService,/] INFO  o.a.catalina.core.StandardEngine
                - Starting Servlet engine: [Apache Tomcat/10.1.46]
2026-02-11 12:42:48 [userService,/] INFO  o.a.c.c.C.[Tomcat-1].[localhost].[/]
                - Initializing Spring embedded WebApplicationContext
2026-02-11 12:42:48 [userService,/] INFO  o.s.b.w.s.c.ServletWebServerApplicationContext
                - Root WebApplicationContext: initialization completed in 205 ms
2026-02-11 12:42:48 [userService,/] INFO  o.s.b.a.e.web.EndpointLinksResolver
                - Exposing 16 endpoints beneath base path '/actuator'
2026-02-11 12:42:48 [userService,/] INFO  o.s.b.w.e.tomcat.TomcatWebServer
                - Tomcat started on port 8090 (http) with context path '/'
2026-02-11 12:42:48 [userService,/] INFO  o.g.u.UserManagementServiceApplication
                - Started UserManagementServiceApplication in 11.094 seconds (process running for 12.039)
2026-02-11 12:42:48 [userService,/] INFO  o.g.u.UserManagementServiceApplication
                - UserManagementServiceApplication booted up and running
2026-02-11 12:49:23 [userService,/] INFO  o.s.b.w.e.tomcat.GracefulShutdown
                - Commencing graceful shutdown. Waiting for active requests to complete
2026-02-11 12:49:23 [userService,/] INFO  o.s.b.w.e.tomcat.GracefulShutdown
                - Graceful shutdown complete
2026-02-11 12:49:23 [userService,/] INFO  o.s.b.w.e.tomcat.GracefulShutdown
                - Commencing graceful shutdown. Waiting for active requests to complete
2026-02-11 12:49:23 [userService,/] INFO  o.s.b.w.e.tomcat.GracefulShutdown
                - Graceful shutdown complete
2026-02-11 12:49:23 [userService,/] INFO  o.s.o.j.LocalContainerEntityManagerFactoryBean
                - Closing JPA EntityManagerFactory for persistence unit 'default'
2026-02-11 12:49:23 [userService,/] INFO  com.zaxxer.hikari.HikariDataSource
                - HikariPool-1 - Shutdown initiated...
2026-02-11 12:49:23 [userService,/] INFO  com.zaxxer.hikari.HikariDataSource
                - HikariPool-1 - Shutdown completed.
2026-02-11 12:49:29 [userService,/] INFO  o.g.u.UserManagementServiceApplication
                - Starting UserManagementServiceApplication using Java 25 with PID 18812 (C:\Users\2464280\gencWorkspaces\practiceWorkspace\usermanagementservice\target\classes started by 2464280 in C:\Users\2464280\gencWorkspaces\practiceWorkspace\usermanagementservice)
2026-02-11 12:49:29 [userService,/] DEBUG o.g.u.UserManagementServiceApplication
                - Running with Spring Boot v3.5.6, Spring v6.2.11
2026-02-11 12:49:29 [userService,/] INFO  o.g.u.UserManagementServiceApplication
                - The following 1 profile is active: "genc"
2026-02-11 12:49:31 [userService,/] INFO  o.s.d.r.c.RepositoryConfigurationDelegate
                - Bootstrapping Spring Data JPA repositories in DEFAULT mode.
2026-02-11 12:49:31 [userService,/] INFO  o.s.d.r.c.RepositoryConfigurationDelegate
                - Finished Spring Data repository scanning in 234 ms. Found 2 JPA repository interfaces.
2026-02-11 12:49:32 [userService,/] INFO  o.s.cloud.context.scope.GenericScope
                - BeanFactory id=9bee316d-2ab0-3fef-9ae8-11485ce981d2
2026-02-11 12:49:32 [userService,/] INFO  o.s.b.w.e.tomcat.TomcatWebServer
                - Tomcat initialized with port 8086 (http)
2026-02-11 12:49:32 [userService,/] INFO  o.a.catalina.core.StandardService
                - Starting service [Tomcat]
2026-02-11 12:49:32 [userService,/] INFO  o.a.catalina.core.StandardEngine
                - Starting Servlet engine: [Apache Tomcat/10.1.46]
2026-02-11 12:49:32 [userService,/] INFO  o.a.c.c.C.[Tomcat].[localhost].[/]
                - Initializing Spring embedded WebApplicationContext
2026-02-11 12:49:32 [userService,/] INFO  o.s.b.w.s.c.ServletWebServerApplicationContext
                - Root WebApplicationContext: initialization completed in 3152 ms
2026-02-11 12:49:33 [userService,/] INFO  o.h.jpa.internal.util.LogHelper
                - HHH000204: Processing PersistenceUnitInfo [name: default]
2026-02-11 12:49:33 [userService,/] INFO  org.hibernate.Version
                - HHH000412: Hibernate ORM core version 6.6.29.Final
2026-02-11 12:49:33 [userService,/] INFO  o.h.c.i.RegionFactoryInitiator
                - HHH000026: Second-level cache disabled
2026-02-11 12:49:33 [userService,/] INFO  o.s.o.j.p.SpringPersistenceUnitInfo
                - No LoadTimeWeaver setup: ignoring JPA class transformer
2026-02-11 12:49:33 [userService,/] INFO  com.zaxxer.hikari.HikariDataSource
                - HikariPool-1 - Starting...
2026-02-11 12:49:34 [userService,/] INFO  com.zaxxer.hikari.pool.HikariPool
                - HikariPool-1 - Added connection com.mysql.cj.jdbc.ConnectionImpl@1bbc1b90
2026-02-11 12:49:34 [userService,/] INFO  com.zaxxer.hikari.HikariDataSource
                - HikariPool-1 - Start completed.
2026-02-11 12:49:34 [userService,/] WARN  org.hibernate.orm.deprecation
                - HHH90000025: MySQLDialect does not need to be specified explicitly using 'hibernate.dialect' (remove the property setting and it will be selected by default)
2026-02-11 12:49:34 [userService,/] INFO  o.hibernate.orm.connections.pooling
                - HHH10001005: Database info:
	Database JDBC URL [Connecting through datasource 'HikariDataSource (HikariPool-1)']
	Database driver: undefined/unknown
	Database version: 8.0.44
	Autocommit mode: undefined/unknown
	Isolation level: undefined/unknown
	Minimum pool size: undefined/unknown
	Maximum pool size: undefined/unknown
2026-02-11 12:49:35 [userService,/] INFO  o.h.e.t.j.p.i.JtaPlatformInitiator
                - HHH000489: No JTA platform available (set 'hibernate.transaction.jta.platform' to enable JTA platform integration)
2026-02-11 12:49:35 [userService,/] INFO  o.s.o.j.LocalContainerEntityManagerFactoryBean
                - Initialized JPA EntityManagerFactory for persistence unit 'default'
2026-02-11 12:49:36 [userService,/] DEBUG o.g.u.filter.JwtAuthenticationFilter
                - Filter 'jwtAuthenticationFilter' configured for use
2026-02-11 12:49:36 [userService,/] INFO  o.s.s.c.a.a.c.InitializeUserDetailsBeanManagerConfigurer$InitializeUserDetailsManagerConfigurer
                - Global AuthenticationManager configured with UserDetailsService bean with name customUserDetailsService
2026-02-11 12:49:36 [userService,/] WARN  o.s.b.a.o.j.JpaBaseConfiguration$JpaWebConfiguration
                - spring.jpa.open-in-view is enabled by default. Therefore, database queries may be performed during view rendering. Explicitly configure spring.jpa.open-in-view to disable this warning
2026-02-11 12:49:37 [userService,/] INFO  o.s.c.n.e.c.DiscoveryClientOptionalArgsConfiguration
                - Eureka HTTP Client uses RestTemplate.
2026-02-11 12:49:37 [userService,/] WARN  o.s.c.l.c.LoadBalancerCacheAutoConfiguration$LoadBalancerCaffeineWarnLogger
                - Spring Cloud LoadBalancer is currently working with the default cache. While this cache implementation is useful for development and tests, it's recommended to use Caffeine cache in production.You can switch to using Caffeine cache, by adding it and org.springframework.cache.caffeine.CaffeineCacheManager to the classpath.
2026-02-11 12:49:37 [userService,/] INFO  o.s.b.w.e.tomcat.TomcatWebServer
                - Tomcat started on port 8086 (http) with context path '/'
2026-02-11 12:49:37 [userService,/] INFO  o.s.b.w.e.tomcat.TomcatWebServer
                - Tomcat initialized with port 8090 (http)
2026-02-11 12:49:37 [userService,/] INFO  o.a.catalina.core.StandardService
                - Starting service [Tomcat]
2026-02-11 12:49:37 [userService,/] INFO  o.a.catalina.core.StandardEngine
                - Starting Servlet engine: [Apache Tomcat/10.1.46]
2026-02-11 12:49:38 [userService,/] INFO  o.a.c.c.C.[Tomcat-1].[localhost].[/]
                - Initializing Spring embedded WebApplicationContext
2026-02-11 12:49:38 [userService,/] INFO  o.s.b.w.s.c.ServletWebServerApplicationContext
                - Root WebApplicationContext: initialization completed in 217 ms
2026-02-11 12:49:38 [userService,/] INFO  o.s.b.a.e.web.EndpointLinksResolver
                - Exposing 16 endpoints beneath base path '/actuator'
2026-02-11 12:49:38 [userService,/] INFO  o.s.b.w.e.tomcat.TomcatWebServer
                - Tomcat started on port 8090 (http) with context path '/'
2026-02-11 12:49:38 [userService,/] INFO  o.g.u.UserManagementServiceApplication
                - Started UserManagementServiceApplication in 9.363 seconds (process running for 10.328)
2026-02-11 12:49:38 [userService,/] INFO  o.g.u.UserManagementServiceApplication
                - UserManagementServiceApplication booted up and running
2026-02-11 12:53:45 [userService,/] INFO  o.s.b.w.e.tomcat.GracefulShutdown
                - Commencing graceful shutdown. Waiting for active requests to complete
2026-02-11 12:53:45 [userService,/] INFO  o.s.b.w.e.tomcat.GracefulShutdown
                - Graceful shutdown complete
2026-02-11 12:53:45 [userService,/] INFO  o.s.b.w.e.tomcat.GracefulShutdown
                - Commencing graceful shutdown. Waiting for active requests to complete
2026-02-11 12:53:45 [userService,/] INFO  o.s.b.w.e.tomcat.GracefulShutdown
                - Graceful shutdown complete
2026-02-11 12:53:45 [userService,/] INFO  o.s.o.j.LocalContainerEntityManagerFactoryBean
                - Closing JPA EntityManagerFactory for persistence unit 'default'
2026-02-11 12:53:45 [userService,/] INFO  com.zaxxer.hikari.HikariDataSource
                - HikariPool-1 - Shutdown initiated...
2026-02-11 12:53:45 [userService,/] INFO  com.zaxxer.hikari.HikariDataSource
                - HikariPool-1 - Shutdown completed.
2026-02-11 12:53:49 [userService,/] INFO  o.g.u.UserManagementServiceApplication
                - Starting UserManagementServiceApplication using Java 25 with PID 19380 (C:\Users\2464280\gencWorkspaces\practiceWorkspace\usermanagementservice\target\classes started by 2464280 in C:\Users\2464280\gencWorkspaces\practiceWorkspace\usermanagementservice)
2026-02-11 12:53:49 [userService,/] DEBUG o.g.u.UserManagementServiceApplication
                - Running with Spring Boot v3.5.6, Spring v6.2.11
2026-02-11 12:53:49 [userService,/] INFO  o.g.u.UserManagementServiceApplication
                - The following 1 profile is active: "genc"
2026-02-11 12:53:51 [userService,/] INFO  o.s.d.r.c.RepositoryConfigurationDelegate
                - Bootstrapping Spring Data JPA repositories in DEFAULT mode.
2026-02-11 12:53:51 [userService,/] INFO  o.s.d.r.c.RepositoryConfigurationDelegate
                - Finished Spring Data repository scanning in 275 ms. Found 2 JPA repository interfaces.
2026-02-11 12:53:51 [userService,/] INFO  o.s.cloud.context.scope.GenericScope
                - BeanFactory id=9bee316d-2ab0-3fef-9ae8-11485ce981d2
2026-02-11 12:53:52 [userService,/] INFO  o.s.b.w.e.tomcat.TomcatWebServer
                - Tomcat initialized with port 8086 (http)
2026-02-11 12:53:52 [userService,/] INFO  o.a.catalina.core.StandardService
                - Starting service [Tomcat]
2026-02-11 12:53:52 [userService,/] INFO  o.a.catalina.core.StandardEngine
                - Starting Servlet engine: [Apache Tomcat/10.1.46]
2026-02-11 12:53:52 [userService,/] INFO  o.a.c.c.C.[Tomcat].[localhost].[/]
                - Initializing Spring embedded WebApplicationContext
2026-02-11 12:53:52 [userService,/] INFO  o.s.b.w.s.c.ServletWebServerApplicationContext
                - Root WebApplicationContext: initialization completed in 3220 ms
2026-02-11 12:53:52 [userService,/] INFO  o.h.jpa.internal.util.LogHelper
                - HHH000204: Processing PersistenceUnitInfo [name: default]
2026-02-11 12:53:52 [userService,/] INFO  org.hibernate.Version
                - HHH000412: Hibernate ORM core version 6.6.29.Final
2026-02-11 12:53:53 [userService,/] INFO  o.h.c.i.RegionFactoryInitiator
                - HHH000026: Second-level cache disabled
2026-02-11 12:53:53 [userService,/] INFO  o.s.o.j.p.SpringPersistenceUnitInfo
                - No LoadTimeWeaver setup: ignoring JPA class transformer
2026-02-11 12:53:53 [userService,/] INFO  com.zaxxer.hikari.HikariDataSource
                - HikariPool-1 - Starting...
2026-02-11 12:53:53 [userService,/] INFO  com.zaxxer.hikari.pool.HikariPool
                - HikariPool-1 - Added connection com.mysql.cj.jdbc.ConnectionImpl@33a8f553
2026-02-11 12:53:53 [userService,/] INFO  com.zaxxer.hikari.HikariDataSource
                - HikariPool-1 - Start completed.
2026-02-11 12:53:53 [userService,/] WARN  org.hibernate.orm.deprecation
                - HHH90000025: MySQLDialect does not need to be specified explicitly using 'hibernate.dialect' (remove the property setting and it will be selected by default)
2026-02-11 12:53:53 [userService,/] INFO  o.hibernate.orm.connections.pooling
                - HHH10001005: Database info:
	Database JDBC URL [Connecting through datasource 'HikariDataSource (HikariPool-1)']
	Database driver: undefined/unknown
	Database version: 8.0.44
	Autocommit mode: undefined/unknown
	Isolation level: undefined/unknown
	Minimum pool size: undefined/unknown
	Maximum pool size: undefined/unknown
2026-02-11 12:53:55 [userService,/] INFO  o.h.e.t.j.p.i.JtaPlatformInitiator
                - HHH000489: No JTA platform available (set 'hibernate.transaction.jta.platform' to enable JTA platform integration)
2026-02-11 12:53:55 [userService,/] INFO  o.s.o.j.LocalContainerEntityManagerFactoryBean
                - Initialized JPA EntityManagerFactory for persistence unit 'default'
2026-02-11 12:53:55 [userService,/] DEBUG o.g.u.filter.JwtAuthenticationFilter
                - Filter 'jwtAuthenticationFilter' configured for use
2026-02-11 12:53:55 [userService,/] INFO  o.s.s.c.a.a.c.InitializeUserDetailsBeanManagerConfigurer$InitializeUserDetailsManagerConfigurer
                - Global AuthenticationManager configured with UserDetailsService bean with name customUserDetailsService
2026-02-11 12:53:56 [userService,/] WARN  o.s.b.a.o.j.JpaBaseConfiguration$JpaWebConfiguration
                - spring.jpa.open-in-view is enabled by default. Therefore, database queries may be performed during view rendering. Explicitly configure spring.jpa.open-in-view to disable this warning
2026-02-11 12:53:57 [userService,/] INFO  o.s.c.n.e.c.DiscoveryClientOptionalArgsConfiguration
                - Eureka HTTP Client uses RestTemplate.
2026-02-11 12:53:57 [userService,/] WARN  o.s.c.l.c.LoadBalancerCacheAutoConfiguration$LoadBalancerCaffeineWarnLogger
                - Spring Cloud LoadBalancer is currently working with the default cache. While this cache implementation is useful for development and tests, it's recommended to use Caffeine cache in production.You can switch to using Caffeine cache, by adding it and org.springframework.cache.caffeine.CaffeineCacheManager to the classpath.
2026-02-11 12:53:57 [userService,/] INFO  o.s.b.w.e.tomcat.TomcatWebServer
                - Tomcat started on port 8086 (http) with context path '/'
2026-02-11 12:53:57 [userService,/] INFO  o.s.b.w.e.tomcat.TomcatWebServer
                - Tomcat initialized with port 8090 (http)
2026-02-11 12:53:57 [userService,/] INFO  o.a.catalina.core.StandardService
                - Starting service [Tomcat]
2026-02-11 12:53:57 [userService,/] INFO  o.a.catalina.core.StandardEngine
                - Starting Servlet engine: [Apache Tomcat/10.1.46]
2026-02-11 12:53:57 [userService,/] INFO  o.a.c.c.C.[Tomcat-1].[localhost].[/]
                - Initializing Spring embedded WebApplicationContext
2026-02-11 12:53:57 [userService,/] INFO  o.s.b.w.s.c.ServletWebServerApplicationContext
                - Root WebApplicationContext: initialization completed in 207 ms
2026-02-11 12:53:57 [userService,/] INFO  o.s.b.a.e.web.EndpointLinksResolver
                - Exposing 16 endpoints beneath base path '/actuator'
2026-02-11 12:53:57 [userService,/] INFO  o.s.b.w.e.tomcat.TomcatWebServer
                - Tomcat started on port 8090 (http) with context path '/'
2026-02-11 12:53:57 [userService,/] INFO  o.g.u.UserManagementServiceApplication
                - Started UserManagementServiceApplication in 9.275 seconds (process running for 10.245)
2026-02-11 12:53:58 [userService,/] INFO  o.g.u.UserManagementServiceApplication
                - UserManagementServiceApplication booted up and running
2026-02-11 12:55:06 [userService,/] INFO  o.a.c.c.C.[Tomcat].[localhost].[/]
                - Initializing Spring DispatcherServlet 'dispatcherServlet'
2026-02-11 12:55:06 [userService,/] INFO  o.s.web.servlet.DispatcherServlet
                - Initializing Servlet 'dispatcherServlet'
2026-02-11 12:55:06 [userService,/] INFO  o.s.web.servlet.DispatcherServlet
                - Completed initialization in 2 ms
2026-02-11 13:03:51 [userService,/] INFO  o.s.b.w.e.tomcat.GracefulShutdown
                - Commencing graceful shutdown. Waiting for active requests to complete
2026-02-11 13:03:51 [userService,/] INFO  o.s.b.w.e.tomcat.GracefulShutdown
                - Graceful shutdown complete
2026-02-11 13:03:51 [userService,/] INFO  o.s.b.w.e.tomcat.GracefulShutdown
                - Commencing graceful shutdown. Waiting for active requests to complete
2026-02-11 13:03:51 [userService,/] INFO  o.s.b.w.e.tomcat.GracefulShutdown
                - Graceful shutdown complete
2026-02-11 13:03:51 [userService,/] INFO  o.s.o.j.LocalContainerEntityManagerFactoryBean
                - Closing JPA EntityManagerFactory for persistence unit 'default'
2026-02-11 13:03:51 [userService,/] INFO  com.zaxxer.hikari.HikariDataSource
                - HikariPool-1 - Shutdown initiated...
2026-02-11 13:03:51 [userService,/] INFO  com.zaxxer.hikari.HikariDataSource
                - HikariPool-1 - Shutdown completed.
2026-02-11 13:03:58 [userService,/] INFO  o.g.u.UserManagementServiceApplication
                - Starting UserManagementServiceApplication using Java 25 with PID 30344 (C:\Users\2464280\gencWorkspaces\practiceWorkspace\usermanagementservice\target\classes started by 2464280 in C:\Users\2464280\gencWorkspaces\practiceWorkspace\usermanagementservice)
2026-02-11 13:03:58 [userService,/] DEBUG o.g.u.UserManagementServiceApplication
                - Running with Spring Boot v3.5.6, Spring v6.2.11
2026-02-11 13:03:58 [userService,/] INFO  o.g.u.UserManagementServiceApplication
                - The following 1 profile is active: "genc"
2026-02-11 13:04:00 [userService,/] INFO  o.s.d.r.c.RepositoryConfigurationDelegate
                - Bootstrapping Spring Data JPA repositories in DEFAULT mode.
2026-02-11 13:04:00 [userService,/] INFO  o.s.d.r.c.RepositoryConfigurationDelegate
                - Finished Spring Data repository scanning in 270 ms. Found 2 JPA repository interfaces.
2026-02-11 13:04:00 [userService,/] INFO  o.s.cloud.context.scope.GenericScope
                - BeanFactory id=9bee316d-2ab0-3fef-9ae8-11485ce981d2
2026-02-11 13:04:01 [userService,/] INFO  o.s.b.w.e.tomcat.TomcatWebServer
                - Tomcat initialized with port 8086 (http)
2026-02-11 13:04:01 [userService,/] INFO  o.a.catalina.core.StandardService
                - Starting service [Tomcat]
2026-02-11 13:04:01 [userService,/] INFO  o.a.catalina.core.StandardEngine
                - Starting Servlet engine: [Apache Tomcat/10.1.46]
2026-02-11 13:04:01 [userService,/] INFO  o.a.c.c.C.[Tomcat].[localhost].[/]
                - Initializing Spring embedded WebApplicationContext
2026-02-11 13:04:01 [userService,/] INFO  o.s.b.w.s.c.ServletWebServerApplicationContext
                - Root WebApplicationContext: initialization completed in 3816 ms
2026-02-11 13:04:02 [userService,/] INFO  o.h.jpa.internal.util.LogHelper
                - HHH000204: Processing PersistenceUnitInfo [name: default]
2026-02-11 13:04:02 [userService,/] INFO  org.hibernate.Version
                - HHH000412: Hibernate ORM core version 6.6.29.Final
2026-02-11 13:04:02 [userService,/] INFO  o.h.c.i.RegionFactoryInitiator
                - HHH000026: Second-level cache disabled
2026-02-11 13:04:03 [userService,/] INFO  o.s.o.j.p.SpringPersistenceUnitInfo
                - No LoadTimeWeaver setup: ignoring JPA class transformer
2026-02-11 13:04:03 [userService,/] INFO  com.zaxxer.hikari.HikariDataSource
                - HikariPool-1 - Starting...
2026-02-11 13:04:03 [userService,/] INFO  com.zaxxer.hikari.pool.HikariPool
                - HikariPool-1 - Added connection com.mysql.cj.jdbc.ConnectionImpl@1bbc1b90
2026-02-11 13:04:03 [userService,/] INFO  com.zaxxer.hikari.HikariDataSource
                - HikariPool-1 - Start completed.
2026-02-11 13:04:03 [userService,/] WARN  org.hibernate.orm.deprecation
                - HHH90000025: MySQLDialect does not need to be specified explicitly using 'hibernate.dialect' (remove the property setting and it will be selected by default)
2026-02-11 13:04:03 [userService,/] INFO  o.hibernate.orm.connections.pooling
                - HHH10001005: Database info:
	Database JDBC URL [Connecting through datasource 'HikariDataSource (HikariPool-1)']
	Database driver: undefined/unknown
	Database version: 8.0.44
	Autocommit mode: undefined/unknown
	Isolation level: undefined/unknown
	Minimum pool size: undefined/unknown
	Maximum pool size: undefined/unknown
2026-02-11 13:04:04 [userService,/] INFO  o.h.e.t.j.p.i.JtaPlatformInitiator
                - HHH000489: No JTA platform available (set 'hibernate.transaction.jta.platform' to enable JTA platform integration)
2026-02-11 13:04:04 [userService,/] INFO  o.s.o.j.LocalContainerEntityManagerFactoryBean
                - Initialized JPA EntityManagerFactory for persistence unit 'default'
2026-02-11 13:04:05 [userService,/] DEBUG o.g.u.filter.JwtAuthenticationFilter
                - Filter 'jwtAuthenticationFilter' configured for use
2026-02-11 13:04:05 [userService,/] INFO  o.s.s.c.a.a.c.InitializeUserDetailsBeanManagerConfigurer$InitializeUserDetailsManagerConfigurer
                - Global AuthenticationManager configured with UserDetailsService bean with name customUserDetailsService
2026-02-11 13:04:05 [userService,/] WARN  o.s.b.a.o.j.JpaBaseConfiguration$JpaWebConfiguration
                - spring.jpa.open-in-view is enabled by default. Therefore, database queries may be performed during view rendering. Explicitly configure spring.jpa.open-in-view to disable this warning
2026-02-11 13:04:07 [userService,/] INFO  o.s.c.n.e.c.DiscoveryClientOptionalArgsConfiguration
                - Eureka HTTP Client uses RestTemplate.
2026-02-11 13:04:07 [userService,/] WARN  o.s.c.l.c.LoadBalancerCacheAutoConfiguration$LoadBalancerCaffeineWarnLogger
                - Spring Cloud LoadBalancer is currently working with the default cache. While this cache implementation is useful for development and tests, it's recommended to use Caffeine cache in production.You can switch to using Caffeine cache, by adding it and org.springframework.cache.caffeine.CaffeineCacheManager to the classpath.
2026-02-11 13:04:07 [userService,/] INFO  o.s.b.w.e.tomcat.TomcatWebServer
                - Tomcat started on port 8086 (http) with context path '/'
2026-02-11 13:04:07 [userService,/] INFO  o.s.b.w.e.tomcat.TomcatWebServer
                - Tomcat initialized with port 8090 (http)
2026-02-11 13:04:07 [userService,/] INFO  o.a.catalina.core.StandardService
                - Starting service [Tomcat]
2026-02-11 13:04:07 [userService,/] INFO  o.a.catalina.core.StandardEngine
                - Starting Servlet engine: [Apache Tomcat/10.1.46]
2026-02-11 13:04:07 [userService,/] INFO  o.a.c.c.C.[Tomcat-1].[localhost].[/]
                - Initializing Spring embedded WebApplicationContext
2026-02-11 13:04:07 [userService,/] INFO  o.s.b.w.s.c.ServletWebServerApplicationContext
                - Root WebApplicationContext: initialization completed in 249 ms
2026-02-11 13:04:07 [userService,/] INFO  o.s.b.a.e.web.EndpointLinksResolver
                - Exposing 16 endpoints beneath base path '/actuator'
2026-02-11 13:04:07 [userService,/] INFO  o.s.b.w.e.tomcat.TomcatWebServer
                - Tomcat started on port 8090 (http) with context path '/'
2026-02-11 13:04:07 [userService,/] INFO  o.g.u.UserManagementServiceApplication
                - Started UserManagementServiceApplication in 10.852 seconds (process running for 11.853)
2026-02-11 13:04:08 [userService,/] WARN  o.h.e.jdbc.spi.SqlExceptionHelper
                - SQL Error: 1265, SQLState: 01000
2026-02-11 13:04:08 [userService,/] ERROR o.h.e.jdbc.spi.SqlExceptionHelper
                - Data truncated for column 'name' at row 1
2026-02-11 13:04:08 [userService,/] INFO  o.s.b.a.l.ConditionEvaluationReportLogger
                - 

Error starting ApplicationContext. To display the condition evaluation report re-run your application with 'debug' enabled.
2026-02-11 13:04:08 [userService,/] INFO  o.s.b.w.e.tomcat.GracefulShutdown
                - Commencing graceful shutdown. Waiting for active requests to complete
2026-02-11 13:04:08 [userService,/] INFO  o.s.b.w.e.tomcat.GracefulShutdown
                - Graceful shutdown complete
2026-02-11 13:04:08 [userService,/] ERROR o.s.boot.SpringApplication
                - Application run failed
org.springframework.orm.jpa.JpaSystemException: could not execute statement [Data truncated for column 'name' at row 1] [insert into roles (description,name) values (?,?)]
	at org.springframework.orm.jpa.vendor.HibernateJpaDialect.convertHibernateAccessException(HibernateJpaDialect.java:348)
	at org.springframework.orm.jpa.vendor.HibernateJpaDialect.convertHibernateAccessException(HibernateJpaDialect.java:256)
	at org.springframework.orm.jpa.vendor.HibernateJpaDialect.translateExceptionIfPossible(HibernateJpaDialect.java:241)
	at org.springframework.orm.jpa.AbstractEntityManagerFactoryBean.translateExceptionIfPossible(AbstractEntityManagerFactoryBean.java:560)
	at org.springframework.dao.support.ChainedPersistenceExceptionTranslator.translateExceptionIfPossible(ChainedPersistenceExceptionTranslator.java:61)
	at org.springframework.dao.support.DataAccessUtils.translateIfNecessary(DataAccessUtils.java:343)
	at org.springframework.dao.support.PersistenceExceptionTranslationInterceptor.invoke(PersistenceExceptionTranslationInterceptor.java:160)
	at org.springframework.aop.framework.ReflectiveMethodInvocation.proceed(ReflectiveMethodInvocation.java:184)
	at org.springframework.data.jpa.repository.support.CrudMethodMetadataPostProcessor$CrudMethodMetadataPopulatingMethodInterceptor.invoke(CrudMethodMetadataPostProcessor.java:165)
	at org.springframework.aop.framework.ReflectiveMethodInvocation.proceed(ReflectiveMethodInvocation.java:184)
	at org.springframework.aop.framework.JdkDynamicAopProxy.invoke(JdkDynamicAopProxy.java:223)
	at jdk.proxy2/jdk.proxy2.$Proxy163.save(Unknown Source)
	at org.genc.usermgmt.service.impl.RoleServiceImpl.seedRoleData(RoleServiceImpl.java:51)
	at org.genc.usermgmt.config.SeedDataLoader.run(SeedDataLoader.java:30)
	at org.springframework.boot.SpringApplication.lambda$callRunner$5(SpringApplication.java:788)
	at org.springframework.util.function.ThrowingConsumer$1.acceptWithException(ThrowingConsumer.java:82)
	at org.springframework.util.function.ThrowingConsumer.accept(ThrowingConsumer.java:60)
	at org.springframework.util.function.ThrowingConsumer$1.accept(ThrowingConsumer.java:86)
	at org.springframework.boot.SpringApplication.callRunner(SpringApplication.java:796)
	at org.springframework.boot.SpringApplication.callRunner(SpringApplication.java:787)
	at org.springframework.boot.SpringApplication.lambda$callRunners$3(SpringApplication.java:772)
	at java.base/java.util.stream.ForEachOps$ForEachOp$OfRef.accept(ForEachOps.java:186)
	at java.base/java.util.stream.SortedOps$SizedRefSortingSink.end(SortedOps.java:357)
	at java.base/java.util.stream.AbstractPipeline.copyInto(AbstractPipeline.java:571)
	at java.base/java.util.stream.AbstractPipeline.wrapAndCopyInto(AbstractPipeline.java:560)
	at java.base/java.util.stream.ForEachOps$ForEachOp.evaluateSequential(ForEachOps.java:153)
	at java.base/java.util.stream.ForEachOps$ForEachOp$OfRef.evaluateSequential(ForEachOps.java:176)
	at java.base/java.util.stream.AbstractPipeline.evaluate(AbstractPipeline.java:265)
	at java.base/java.util.stream.ReferencePipeline.forEach(ReferencePipeline.java:632)
	at org.springframework.boot.SpringApplication.callRunners(SpringApplication.java:772)
	at org.springframework.boot.SpringApplication.run(SpringApplication.java:325)
	at org.springframework.boot.SpringApplication.run(SpringApplication.java:1361)
	at org.springframework.boot.SpringApplication.run(SpringApplication.java:1350)
	at org.genc.usermgmt.UserManagementServiceApplication.main(UserManagementServiceApplication.java:12)
Caused by: org.hibernate.exception.GenericJDBCException: could not execute statement [Data truncated for column 'name' at row 1] [insert into roles (description,name) values (?,?)]
	at org.hibernate.exception.internal.StandardSQLExceptionConverter.convert(StandardSQLExceptionConverter.java:63)
	at org.hibernate.engine.jdbc.spi.SqlExceptionHelper.convert(SqlExceptionHelper.java:108)
	at org.hibernate.engine.jdbc.internal.ResultSetReturnImpl.executeUpdate(ResultSetReturnImpl.java:197)
	at org.hibernate.id.insert.GetGeneratedKeysDelegate.performMutation(GetGeneratedKeysDelegate.java:116)
	at org.hibernate.engine.jdbc.mutation.internal.MutationExecutorSingleNonBatched.performNonBatchedOperations(MutationExecutorSingleNonBatched.java:47)
	at org.hibernate.engine.jdbc.mutation.internal.AbstractMutationExecutor.execute(AbstractMutationExecutor.java:55)
	at org.hibernate.persister.entity.mutation.InsertCoordinatorStandard.doStaticInserts(InsertCoordinatorStandard.java:194)
	at org.hibernate.persister.entity.mutation.InsertCoordinatorStandard.coordinateInsert(InsertCoordinatorStandard.java:132)
	at org.hibernate.persister.entity.mutation.InsertCoordinatorStandard.insert(InsertCoordinatorStandard.java:95)
	at org.hibernate.action.internal.EntityIdentityInsertAction.execute(EntityIdentityInsertAction.java:85)
	at org.hibernate.engine.spi.ActionQueue.execute(ActionQueue.java:682)
	at org.hibernate.engine.spi.ActionQueue.addResolvedEntityInsertAction(ActionQueue.java:293)
	at org.hibernate.engine.spi.ActionQueue.addInsertAction(ActionQueue.java:274)
	at org.hibernate.engine.spi.ActionQueue.addAction(ActionQueue.java:324)
	at org.hibernate.event.internal.AbstractSaveEventListener.addInsertAction(AbstractSaveEventListener.java:394)
	at org.hibernate.event.internal.AbstractSaveEventListener.performSaveOrReplicate(AbstractSaveEventListener.java:308)
	at org.hibernate.event.internal.AbstractSaveEventListener.performSave(AbstractSaveEventListener.java:224)
	at org.hibernate.event.internal.AbstractSaveEventListener.saveWithGeneratedId(AbstractSaveEventListener.java:136)
	at org.hibernate.event.internal.DefaultPersistEventListener.entityIsTransient(DefaultPersistEventListener.java:177)
	at org.hibernate.event.internal.DefaultPersistEventListener.persist(DefaultPersistEventListener.java:95)
	at org.hibernate.event.internal.DefaultPersistEventListener.onPersist(DefaultPersistEventListener.java:79)
	at org.hibernate.event.internal.DefaultPersistEventListener.onPersist(DefaultPersistEventListener.java:55)
	at org.hibernate.event.service.internal.EventListenerGroupImpl.fireEventOnEachListener(EventListenerGroupImpl.java:127)
	at org.hibernate.internal.SessionImpl.firePersist(SessionImpl.java:761)
	at org.hibernate.internal.SessionImpl.persist(SessionImpl.java:745)
	at java.base/jdk.internal.reflect.DirectMethodHandleAccessor.invoke(DirectMethodHandleAccessor.java:104)
	at java.base/java.lang.reflect.Method.invoke(Method.java:565)
	at org.springframework.orm.jpa.SharedEntityManagerCreator$SharedEntityManagerInvocationHandler.invoke(SharedEntityManagerCreator.java:320)
	at jdk.proxy2/jdk.proxy2.$Proxy156.persist(Unknown Source)
	at org.springframework.data.jpa.repository.support.SimpleJpaRepository.save(SimpleJpaRepository.java:654)
	at java.base/jdk.internal.reflect.DirectMethodHandleAccessor.invoke(DirectMethodHandleAccessor.java:104)
	at java.base/java.lang.reflect.Method.invoke(Method.java:565)
	at org.springframework.aop.support.AopUtils.invokeJoinpointUsingReflection(AopUtils.java:360)
	at org.springframework.data.repository.core.support.RepositoryMethodInvoker$RepositoryFragmentMethodInvoker.lambda$new$0(RepositoryMethodInvoker.java:277)
	at org.springframework.data.repository.core.support.RepositoryMethodInvoker.doInvoke(RepositoryMethodInvoker.java:170)
	at org.springframework.data.repository.core.support.RepositoryMethodInvoker.invoke(RepositoryMethodInvoker.java:158)
	at org.springframework.data.repository.core.support.RepositoryComposition$RepositoryFragments.invoke(RepositoryComposition.java:515)
	at org.springframework.data.repository.core.support.RepositoryComposition.invoke(RepositoryComposition.java:284)
	at org.springframework.data.repository.core.support.RepositoryFactorySupport$ImplementationMethodExecutionInterceptor.invoke(RepositoryFactorySupport.java:734)
	at org.springframework.aop.framework.ReflectiveMethodInvocation.proceed(ReflectiveMethodInvocation.java:184)
	at org.springframework.data.repository.core.support.QueryExecutorMethodInterceptor.doInvoke(QueryExecutorMethodInterceptor.java:174)
	at org.springframework.data.repository.core.support.QueryExecutorMethodInterceptor.invoke(QueryExecutorMethodInterceptor.java:149)
	at org.springframework.aop.framework.ReflectiveMethodInvocation.proceed(ReflectiveMethodInvocation.java:184)
	at org.springframework.data.projection.DefaultMethodInvokingMethodInterceptor.invoke(DefaultMethodInvokingMethodInterceptor.java:69)
	at org.springframework.aop.framework.ReflectiveMethodInvocation.proceed(ReflectiveMethodInvocation.java:184)
	at org.springframework.transaction.interceptor.TransactionAspectSupport.invokeWithinTransaction(TransactionAspectSupport.java:380)
	at org.springframework.transaction.interceptor.TransactionInterceptor.invoke(TransactionInterceptor.java:119)
	at org.springframework.aop.framework.ReflectiveMethodInvocation.proceed(ReflectiveMethodInvocation.java:184)
	at org.springframework.dao.support.PersistenceExceptionTranslationInterceptor.invoke(PersistenceExceptionTranslationInterceptor.java:138)
	... 27 common frames omitted
Caused by: java.sql.SQLException: Data truncated for column 'name' at row 1
	at com.mysql.cj.jdbc.exceptions.SQLError.createSQLException(SQLError.java:121)
	at com.mysql.cj.jdbc.exceptions.SQLExceptionsMapping.translateException(SQLExceptionsMapping.java:114)
	at com.mysql.cj.jdbc.ClientPreparedStatement.executeInternal(ClientPreparedStatement.java:988)
	at com.mysql.cj.jdbc.ClientPreparedStatement.executeUpdateInternal(ClientPreparedStatement.java:1166)
	at com.mysql.cj.jdbc.ClientPreparedStatement.executeUpdateInternal(ClientPreparedStatement.java:1101)
	at com.mysql.cj.jdbc.ClientPreparedStatement.executeLargeUpdate(ClientPreparedStatement.java:1448)
	at com.mysql.cj.jdbc.ClientPreparedStatement.executeUpdate(ClientPreparedStatement.java:1084)
	at com.zaxxer.hikari.pool.ProxyPreparedStatement.executeUpdate(ProxyPreparedStatement.java:61)
	at com.zaxxer.hikari.pool.HikariProxyPreparedStatement.executeUpdate(HikariProxyPreparedStatement.java)
	at org.hibernate.engine.jdbc.internal.ResultSetReturnImpl.executeUpdate(ResultSetReturnImpl.java:194)
	... 73 common frames omitted
2026-02-11 13:04:08 [userService,/] INFO  o.s.b.w.e.tomcat.GracefulShutdown
                - Commencing graceful shutdown. Waiting for active requests to complete
2026-02-11 13:04:08 [userService,/] INFO  o.s.b.w.e.tomcat.GracefulShutdown
                - Graceful shutdown complete
2026-02-11 13:04:08 [userService,/] INFO  o.s.o.j.LocalContainerEntityManagerFactoryBean
                - Closing JPA EntityManagerFactory for persistence unit 'default'
2026-02-11 13:04:08 [userService,/] INFO  com.zaxxer.hikari.HikariDataSource
                - HikariPool-1 - Shutdown initiated...
2026-02-11 13:04:08 [userService,/] INFO  com.zaxxer.hikari.HikariDataSource
                - HikariPool-1 - Shutdown completed.
2026-02-11 13:05:58 [userService,/] INFO  o.g.u.UserManagementServiceApplication
                - Starting UserManagementServiceApplication using Java 25 with PID 17660 (C:\Users\2464280\gencWorkspaces\practiceWorkspace\usermanagementservice\target\classes started by 2464280 in C:\Users\2464280\gencWorkspaces\practiceWorkspace\usermanagementservice)
2026-02-11 13:05:58 [userService,/] DEBUG o.g.u.UserManagementServiceApplication
                - Running with Spring Boot v3.5.6, Spring v6.2.11
2026-02-11 13:05:58 [userService,/] INFO  o.g.u.UserManagementServiceApplication
                - The following 1 profile is active: "genc"
2026-02-11 13:06:00 [userService,/] INFO  o.s.d.r.c.RepositoryConfigurationDelegate
                - Bootstrapping Spring Data JPA repositories in DEFAULT mode.
2026-02-11 13:06:00 [userService,/] INFO  o.s.d.r.c.RepositoryConfigurationDelegate
                - Finished Spring Data repository scanning in 248 ms. Found 2 JPA repository interfaces.
2026-02-11 13:06:00 [userService,/] INFO  o.s.cloud.context.scope.GenericScope
                - BeanFactory id=9bee316d-2ab0-3fef-9ae8-11485ce981d2
2026-02-11 13:06:01 [userService,/] INFO  o.s.b.w.e.tomcat.TomcatWebServer
                - Tomcat initialized with port 8086 (http)
2026-02-11 13:06:01 [userService,/] INFO  o.a.catalina.core.StandardService
                - Starting service [Tomcat]
2026-02-11 13:06:01 [userService,/] INFO  o.a.catalina.core.StandardEngine
                - Starting Servlet engine: [Apache Tomcat/10.1.46]
2026-02-11 13:06:01 [userService,/] INFO  o.a.c.c.C.[Tomcat].[localhost].[/]
                - Initializing Spring embedded WebApplicationContext
2026-02-11 13:06:01 [userService,/] INFO  o.s.b.w.s.c.ServletWebServerApplicationContext
                - Root WebApplicationContext: initialization completed in 3878 ms
2026-02-11 13:06:02 [userService,/] INFO  o.h.jpa.internal.util.LogHelper
                - HHH000204: Processing PersistenceUnitInfo [name: default]
2026-02-11 13:06:02 [userService,/] INFO  org.hibernate.Version
                - HHH000412: Hibernate ORM core version 6.6.29.Final
2026-02-11 13:06:02 [userService,/] INFO  o.h.c.i.RegionFactoryInitiator
                - HHH000026: Second-level cache disabled
2026-02-11 13:06:03 [userService,/] INFO  o.s.o.j.p.SpringPersistenceUnitInfo
                - No LoadTimeWeaver setup: ignoring JPA class transformer
2026-02-11 13:06:03 [userService,/] INFO  com.zaxxer.hikari.HikariDataSource
                - HikariPool-1 - Starting...
2026-02-11 13:06:03 [userService,/] INFO  com.zaxxer.hikari.pool.HikariPool
                - HikariPool-1 - Added connection com.mysql.cj.jdbc.ConnectionImpl@b5311cb
2026-02-11 13:06:03 [userService,/] INFO  com.zaxxer.hikari.HikariDataSource
                - HikariPool-1 - Start completed.
2026-02-11 13:06:03 [userService,/] WARN  org.hibernate.orm.deprecation
                - HHH90000025: MySQLDialect does not need to be specified explicitly using 'hibernate.dialect' (remove the property setting and it will be selected by default)
2026-02-11 13:06:03 [userService,/] INFO  o.hibernate.orm.connections.pooling
                - HHH10001005: Database info:
	Database JDBC URL [Connecting through datasource 'HikariDataSource (HikariPool-1)']
	Database driver: undefined/unknown
	Database version: 8.0.44
	Autocommit mode: undefined/unknown
	Isolation level: undefined/unknown
	Minimum pool size: undefined/unknown
	Maximum pool size: undefined/unknown
2026-02-11 13:06:05 [userService,/] INFO  o.h.e.t.j.p.i.JtaPlatformInitiator
                - HHH000489: No JTA platform available (set 'hibernate.transaction.jta.platform' to enable JTA platform integration)
2026-02-11 13:06:05 [userService,/] INFO  o.s.o.j.LocalContainerEntityManagerFactoryBean
                - Initialized JPA EntityManagerFactory for persistence unit 'default'
2026-02-11 13:06:05 [userService,/] DEBUG o.g.u.filter.JwtAuthenticationFilter
                - Filter 'jwtAuthenticationFilter' configured for use
2026-02-11 13:06:06 [userService,/] INFO  o.s.s.c.a.a.c.InitializeUserDetailsBeanManagerConfigurer$InitializeUserDetailsManagerConfigurer
                - Global AuthenticationManager configured with UserDetailsService bean with name customUserDetailsService
2026-02-11 13:06:06 [userService,/] WARN  o.s.b.a.o.j.JpaBaseConfiguration$JpaWebConfiguration
                - spring.jpa.open-in-view is enabled by default. Therefore, database queries may be performed during view rendering. Explicitly configure spring.jpa.open-in-view to disable this warning
2026-02-11 13:06:07 [userService,/] INFO  o.s.c.n.e.c.DiscoveryClientOptionalArgsConfiguration
                - Eureka HTTP Client uses RestTemplate.
2026-02-11 13:06:07 [userService,/] WARN  o.s.c.l.c.LoadBalancerCacheAutoConfiguration$LoadBalancerCaffeineWarnLogger
                - Spring Cloud LoadBalancer is currently working with the default cache. While this cache implementation is useful for development and tests, it's recommended to use Caffeine cache in production.You can switch to using Caffeine cache, by adding it and org.springframework.cache.caffeine.CaffeineCacheManager to the classpath.
2026-02-11 13:06:07 [userService,/] INFO  o.s.b.w.e.tomcat.TomcatWebServer
                - Tomcat started on port 8086 (http) with context path '/'
2026-02-11 13:06:08 [userService,/] INFO  o.s.b.w.e.tomcat.TomcatWebServer
                - Tomcat initialized with port 8090 (http)
2026-02-11 13:06:08 [userService,/] INFO  o.a.catalina.core.StandardService
                - Starting service [Tomcat]
2026-02-11 13:06:08 [userService,/] INFO  o.a.catalina.core.StandardEngine
                - Starting Servlet engine: [Apache Tomcat/10.1.46]
2026-02-11 13:06:08 [userService,/] INFO  o.a.c.c.C.[Tomcat-1].[localhost].[/]
                - Initializing Spring embedded WebApplicationContext
2026-02-11 13:06:08 [userService,/] INFO  o.s.b.w.s.c.ServletWebServerApplicationContext
                - Root WebApplicationContext: initialization completed in 239 ms
2026-02-11 13:06:08 [userService,/] INFO  o.s.b.a.e.web.EndpointLinksResolver
                - Exposing 16 endpoints beneath base path '/actuator'
2026-02-11 13:06:08 [userService,/] INFO  o.s.b.w.e.tomcat.TomcatWebServer
                - Tomcat started on port 8090 (http) with context path '/'
2026-02-11 13:06:08 [userService,/] INFO  o.g.u.UserManagementServiceApplication
                - Started UserManagementServiceApplication in 11.405 seconds (process running for 12.557)
2026-02-11 13:06:08 [userService,/] INFO  o.g.u.UserManagementServiceApplication
                - UserManagementServiceApplication booted up and running
2026-02-11 13:06:44 [userService,/] INFO  o.a.c.c.C.[Tomcat].[localhost].[/]
                - Initializing Spring DispatcherServlet 'dispatcherServlet'
2026-02-11 13:06:44 [userService,/] INFO  o.s.web.servlet.DispatcherServlet
                - Initializing Servlet 'dispatcherServlet'
2026-02-11 13:06:44 [userService,/] INFO  o.s.web.servlet.DispatcherServlet
                - Completed initialization in 1 ms
2026-02-11 13:06:44 [userService,/] INFO  o.g.u.r.RegistrationController
                - Registering new user with username: jonny123
2026-02-11 13:06:44 [userService,/] INFO  o.g.u.s.impl.UserMgmtServiceImpl
                - New CruiseMate account created: jonny123
2026-02-11 13:08:35 [userService,/] DEBUG o.g.u.filter.JwtAuthenticationFilter
                - No Authorization header or invalid format for request: /api/v1/userservice/auth/login
2026-02-11 13:08:35 [userService,/] ERROR o.g.u.s.CustomAuthenticationEntryPoint
                - Authentication failure: Full authentication is required to access this resource 
2026-02-11 13:08:47 [userService,/] DEBUG o.g.u.filter.JwtAuthenticationFilter
                - No Authorization header or invalid format for request: /api/v1/userservice/auth/login
2026-02-11 13:08:47 [userService,/] ERROR o.g.u.s.CustomAuthenticationEntryPoint
                - Authentication failure: Full authentication is required to access this resource 
2026-02-11 13:08:57 [userService,/] DEBUG o.g.u.filter.JwtAuthenticationFilter
                - No Authorization header or invalid format for request: /api/v1/userservice/auth/login
2026-02-11 13:08:57 [userService,/] ERROR o.g.u.s.CustomAuthenticationEntryPoint
                - Authentication failure: Full authentication is required to access this resource 
2026-02-11 13:08:58 [userService,/] DEBUG o.g.u.filter.JwtAuthenticationFilter
                - No Authorization header or invalid format for request: /api/v1/userservice/auth/login
2026-02-11 13:08:58 [userService,/] ERROR o.g.u.s.CustomAuthenticationEntryPoint
                - Authentication failure: Full authentication is required to access this resource 
2026-02-11 13:09:11 [userService,/] DEBUG o.g.u.filter.JwtAuthenticationFilter
                - No Authorization header or invalid format for request: /api/v1/userservice/auth/login
2026-02-11 13:09:11 [userService,/] ERROR o.g.u.s.CustomAuthenticationEntryPoint
                - Authentication failure: Full authentication is required to access this resource 
2026-02-11 13:09:15 [userService,/] DEBUG o.g.u.filter.JwtAuthenticationFilter
                - No Authorization header or invalid format for request: /api/v1/userservice/auth/login
2026-02-11 13:09:15 [userService,/] ERROR o.g.u.s.CustomAuthenticationEntryPoint
                - Authentication failure: Full authentication is required to access this resource 
2026-02-11 13:10:24 [userService,/] INFO  o.s.api.AbstractOpenApiResource
                - Init duration for springdoc-openapi is: 466 ms
2026-02-11 13:11:27 [userService,/] INFO  o.g.u.r.RegistrationController
                - Registering new user with username: kumar
2026-02-11 13:11:27 [userService,/] INFO  o.g.u.s.impl.UserMgmtServiceImpl
                - New CruiseMate account created: kumar
2026-02-11 13:11:29 [userService,/] INFO  o.g.u.r.RegistrationController
                - Registering new user with username: kumar
2026-02-11 13:11:29 [userService,/] ERROR o.g.u.s.impl.UserMgmtServiceImpl
                - kumar already exists
2026-02-11 13:13:12 [userService,/] INFO  o.g.u.r.RegistrationController
                - Registering new user with username: shital123
2026-02-11 13:13:12 [userService,/] INFO  o.g.u.s.impl.UserMgmtServiceImpl
                - New CruiseMate account created: shital123
2026-02-11 13:14:33 [userService,/] INFO  o.s.b.w.e.tomcat.GracefulShutdown
                - Commencing graceful shutdown. Waiting for active requests to complete
2026-02-11 13:14:33 [userService,/] INFO  o.s.b.w.e.tomcat.GracefulShutdown
                - Graceful shutdown complete
2026-02-11 13:14:33 [userService,/] INFO  o.s.b.w.e.tomcat.GracefulShutdown
                - Commencing graceful shutdown. Waiting for active requests to complete
2026-02-11 13:14:33 [userService,/] INFO  o.s.b.w.e.tomcat.GracefulShutdown
                - Graceful shutdown complete
2026-02-11 13:14:33 [userService,/] INFO  o.s.o.j.LocalContainerEntityManagerFactoryBean
                - Closing JPA EntityManagerFactory for persistence unit 'default'
2026-02-11 13:14:33 [userService,/] INFO  com.zaxxer.hikari.HikariDataSource
                - HikariPool-1 - Shutdown initiated...
2026-02-11 13:14:33 [userService,/] INFO  com.zaxxer.hikari.HikariDataSource
                - HikariPool-1 - Shutdown completed.
2026-02-11 14:51:28 [userService,/] INFO  o.g.u.UserManagementServiceApplication
                - Starting UserManagementServiceApplication using Java 25 with PID 23724 (C:\Users\2464280\gencWorkspaces\practiceWorkspace\cruisemate-registration\target\classes started by 2464280 in C:\Users\2464280\gencWorkspaces\practiceWorkspace\cruisemate-registration)
2026-02-11 14:51:28 [userService,/] DEBUG o.g.u.UserManagementServiceApplication
                - Running with Spring Boot v3.5.6, Spring v6.2.11
2026-02-11 14:51:28 [userService,/] INFO  o.g.u.UserManagementServiceApplication
                - The following 1 profile is active: "genc"
2026-02-11 14:51:30 [userService,/] INFO  o.s.d.r.c.RepositoryConfigurationDelegate
                - Bootstrapping Spring Data JPA repositories in DEFAULT mode.
2026-02-11 14:51:31 [userService,/] INFO  o.s.d.r.c.RepositoryConfigurationDelegate
                - Finished Spring Data repository scanning in 365 ms. Found 2 JPA repository interfaces.
2026-02-11 14:51:31 [userService,/] INFO  o.s.cloud.context.scope.GenericScope
                - BeanFactory id=9bee316d-2ab0-3fef-9ae8-11485ce981d2
2026-02-11 14:51:32 [userService,/] INFO  o.s.b.w.e.tomcat.TomcatWebServer
                - Tomcat initialized with port 8086 (http)
2026-02-11 14:51:32 [userService,/] INFO  o.a.catalina.core.StandardService
                - Starting service [Tomcat]
2026-02-11 14:51:32 [userService,/] INFO  o.a.catalina.core.StandardEngine
                - Starting Servlet engine: [Apache Tomcat/10.1.46]
2026-02-11 14:51:33 [userService,/] INFO  o.a.c.c.C.[Tomcat].[localhost].[/]
                - Initializing Spring embedded WebApplicationContext
2026-02-11 14:51:33 [userService,/] INFO  o.s.b.w.s.c.ServletWebServerApplicationContext
                - Root WebApplicationContext: initialization completed in 4757 ms
2026-02-11 14:51:33 [userService,/] INFO  o.h.jpa.internal.util.LogHelper
                - HHH000204: Processing PersistenceUnitInfo [name: default]
2026-02-11 14:51:33 [userService,/] INFO  org.hibernate.Version
                - HHH000412: Hibernate ORM core version 6.6.29.Final
2026-02-11 14:51:34 [userService,/] INFO  o.h.c.i.RegionFactoryInitiator
                - HHH000026: Second-level cache disabled
2026-02-11 14:51:34 [userService,/] INFO  o.s.o.j.p.SpringPersistenceUnitInfo
                - No LoadTimeWeaver setup: ignoring JPA class transformer
2026-02-11 14:51:34 [userService,/] INFO  com.zaxxer.hikari.HikariDataSource
                - HikariPool-1 - Starting...
2026-02-11 14:51:35 [userService,/] INFO  com.zaxxer.hikari.pool.HikariPool
                - HikariPool-1 - Added connection com.mysql.cj.jdbc.ConnectionImpl@6f740044
2026-02-11 14:51:35 [userService,/] INFO  com.zaxxer.hikari.HikariDataSource
                - HikariPool-1 - Start completed.
2026-02-11 14:51:35 [userService,/] WARN  org.hibernate.orm.deprecation
                - HHH90000025: MySQLDialect does not need to be specified explicitly using 'hibernate.dialect' (remove the property setting and it will be selected by default)
2026-02-11 14:51:35 [userService,/] INFO  o.hibernate.orm.connections.pooling
                - HHH10001005: Database info:
	Database JDBC URL [Connecting through datasource 'HikariDataSource (HikariPool-1)']
	Database driver: undefined/unknown
	Database version: 8.0.44
	Autocommit mode: undefined/unknown
	Isolation level: undefined/unknown
	Minimum pool size: undefined/unknown
	Maximum pool size: undefined/unknown
2026-02-11 14:51:37 [userService,/] INFO  o.h.e.t.j.p.i.JtaPlatformInitiator
                - HHH000489: No JTA platform available (set 'hibernate.transaction.jta.platform' to enable JTA platform integration)
2026-02-11 14:51:37 [userService,/] INFO  o.s.o.j.LocalContainerEntityManagerFactoryBean
                - Initialized JPA EntityManagerFactory for persistence unit 'default'
2026-02-11 14:51:38 [userService,/] DEBUG o.g.u.filter.JwtAuthenticationFilter
                - Filter 'jwtAuthenticationFilter' configured for use
2026-02-11 14:51:38 [userService,/] INFO  o.s.s.c.a.a.c.InitializeUserDetailsBeanManagerConfigurer$InitializeUserDetailsManagerConfigurer
                - Global AuthenticationManager configured with UserDetailsService bean with name customUserDetailsService
2026-02-11 14:51:38 [userService,/] WARN  o.s.b.a.o.j.JpaBaseConfiguration$JpaWebConfiguration
                - spring.jpa.open-in-view is enabled by default. Therefore, database queries may be performed during view rendering. Explicitly configure spring.jpa.open-in-view to disable this warning
2026-02-11 14:51:40 [userService,/] INFO  o.s.c.n.e.c.DiscoveryClientOptionalArgsConfiguration
                - Eureka HTTP Client uses RestTemplate.
2026-02-11 14:51:40 [userService,/] WARN  o.s.c.l.c.LoadBalancerCacheAutoConfiguration$LoadBalancerCaffeineWarnLogger
                - Spring Cloud LoadBalancer is currently working with the default cache. While this cache implementation is useful for development and tests, it's recommended to use Caffeine cache in production.You can switch to using Caffeine cache, by adding it and org.springframework.cache.caffeine.CaffeineCacheManager to the classpath.
2026-02-11 14:51:41 [userService,/] INFO  o.s.b.w.e.tomcat.TomcatWebServer
                - Tomcat started on port 8086 (http) with context path '/'
2026-02-11 14:51:41 [userService,/] INFO  o.s.b.w.e.tomcat.TomcatWebServer
                - Tomcat initialized with port 8090 (http)
2026-02-11 14:51:41 [userService,/] INFO  o.a.catalina.core.StandardService
                - Starting service [Tomcat]
2026-02-11 14:51:41 [userService,/] INFO  o.a.catalina.core.StandardEngine
                - Starting Servlet engine: [Apache Tomcat/10.1.46]
2026-02-11 14:51:41 [userService,/] INFO  o.a.c.c.C.[Tomcat-1].[localhost].[/]
                - Initializing Spring embedded WebApplicationContext
2026-02-11 14:51:41 [userService,/] INFO  o.s.b.w.s.c.ServletWebServerApplicationContext
                - Root WebApplicationContext: initialization completed in 307 ms
2026-02-11 14:51:41 [userService,/] INFO  o.s.b.a.e.web.EndpointLinksResolver
                - Exposing 16 endpoints beneath base path '/actuator'
2026-02-11 14:51:41 [userService,/] INFO  o.s.b.w.e.tomcat.TomcatWebServer
                - Tomcat started on port 8090 (http) with context path '/'
2026-02-11 14:51:41 [userService,/] INFO  o.g.u.UserManagementServiceApplication
                - Started UserManagementServiceApplication in 14.704 seconds (process running for 16.973)
2026-02-11 14:51:42 [userService,/] INFO  o.g.u.UserManagementServiceApplication
                - UserManagementServiceApplication booted up and running
2026-02-11 14:51:50 [userService,/] INFO  o.s.b.w.e.tomcat.GracefulShutdown
                - Commencing graceful shutdown. Waiting for active requests to complete
2026-02-11 14:51:50 [userService,/] INFO  o.s.b.w.e.tomcat.GracefulShutdown
                - Graceful shutdown complete
2026-02-11 14:51:50 [userService,/] INFO  o.s.b.w.e.tomcat.GracefulShutdown
                - Commencing graceful shutdown. Waiting for active requests to complete
2026-02-11 14:51:50 [userService,/] INFO  o.s.b.w.e.tomcat.GracefulShutdown
                - Graceful shutdown complete
2026-02-11 14:51:50 [userService,/] INFO  o.s.o.j.LocalContainerEntityManagerFactoryBean
                - Closing JPA EntityManagerFactory for persistence unit 'default'
2026-02-11 14:51:50 [userService,/] INFO  com.zaxxer.hikari.HikariDataSource
                - HikariPool-1 - Shutdown initiated...
2026-02-11 14:51:50 [userService,/] INFO  com.zaxxer.hikari.HikariDataSource
                - HikariPool-1 - Shutdown completed.
2026-02-11 15:05:37 [userService,/] INFO  o.g.u.UserManagementServiceApplication
                - Starting UserManagementServiceApplication using Java 25 with PID 25156 (C:\Users\2464280\gencWorkspaces\practiceWorkspace\cruisemate-registration\target\classes started by 2464280 in C:\Users\2464280\gencWorkspaces\practiceWorkspace\cruisemate-registration)
2026-02-11 15:05:37 [userService,/] DEBUG o.g.u.UserManagementServiceApplication
                - Running with Spring Boot v3.5.6, Spring v6.2.11
2026-02-11 15:05:37 [userService,/] INFO  o.g.u.UserManagementServiceApplication
                - The following 1 profile is active: "genc"
2026-02-11 15:05:39 [userService,/] INFO  o.s.d.r.c.RepositoryConfigurationDelegate
                - Bootstrapping Spring Data JPA repositories in DEFAULT mode.
2026-02-11 15:05:39 [userService,/] INFO  o.s.d.r.c.RepositoryConfigurationDelegate
                - Finished Spring Data repository scanning in 242 ms. Found 2 JPA repository interfaces.
2026-02-11 15:05:40 [userService,/] INFO  o.s.cloud.context.scope.GenericScope
                - BeanFactory id=9bee316d-2ab0-3fef-9ae8-11485ce981d2
2026-02-11 15:05:40 [userService,/] INFO  o.s.b.w.e.tomcat.TomcatWebServer
                - Tomcat initialized with port 8086 (http)
2026-02-11 15:05:40 [userService,/] INFO  o.a.catalina.core.StandardService
                - Starting service [Tomcat]
2026-02-11 15:05:40 [userService,/] INFO  o.a.catalina.core.StandardEngine
                - Starting Servlet engine: [Apache Tomcat/10.1.46]
2026-02-11 15:05:41 [userService,/] INFO  o.a.c.c.C.[Tomcat].[localhost].[/]
                - Initializing Spring embedded WebApplicationContext
2026-02-11 15:05:41 [userService,/] INFO  o.s.b.w.s.c.ServletWebServerApplicationContext
                - Root WebApplicationContext: initialization completed in 3379 ms
2026-02-11 15:05:41 [userService,/] INFO  o.h.jpa.internal.util.LogHelper
                - HHH000204: Processing PersistenceUnitInfo [name: default]
2026-02-11 15:05:41 [userService,/] INFO  org.hibernate.Version
                - HHH000412: Hibernate ORM core version 6.6.29.Final
2026-02-11 15:05:41 [userService,/] INFO  o.h.c.i.RegionFactoryInitiator
                - HHH000026: Second-level cache disabled
2026-02-11 15:05:42 [userService,/] INFO  o.s.o.j.p.SpringPersistenceUnitInfo
                - No LoadTimeWeaver setup: ignoring JPA class transformer
2026-02-11 15:05:42 [userService,/] INFO  com.zaxxer.hikari.HikariDataSource
                - HikariPool-1 - Starting...
2026-02-11 15:05:42 [userService,/] INFO  com.zaxxer.hikari.pool.HikariPool
                - HikariPool-1 - Added connection com.mysql.cj.jdbc.ConnectionImpl@1bbc1b90
2026-02-11 15:05:42 [userService,/] INFO  com.zaxxer.hikari.HikariDataSource
                - HikariPool-1 - Start completed.
2026-02-11 15:05:42 [userService,/] WARN  org.hibernate.orm.deprecation
                - HHH90000025: MySQLDialect does not need to be specified explicitly using 'hibernate.dialect' (remove the property setting and it will be selected by default)
2026-02-11 15:05:42 [userService,/] INFO  o.hibernate.orm.connections.pooling
                - HHH10001005: Database info:
	Database JDBC URL [Connecting through datasource 'HikariDataSource (HikariPool-1)']
	Database driver: undefined/unknown
	Database version: 8.0.44
	Autocommit mode: undefined/unknown
	Isolation level: undefined/unknown
	Minimum pool size: undefined/unknown
	Maximum pool size: undefined/unknown
2026-02-11 15:05:43 [userService,/] INFO  o.h.e.t.j.p.i.JtaPlatformInitiator
                - HHH000489: No JTA platform available (set 'hibernate.transaction.jta.platform' to enable JTA platform integration)
2026-02-11 15:05:44 [userService,/] INFO  o.s.o.j.LocalContainerEntityManagerFactoryBean
                - Initialized JPA EntityManagerFactory for persistence unit 'default'
2026-02-11 15:05:44 [userService,/] DEBUG o.g.u.filter.JwtAuthenticationFilter
                - Filter 'jwtAuthenticationFilter' configured for use
2026-02-11 15:05:44 [userService,/] INFO  o.s.s.c.a.a.c.InitializeUserDetailsBeanManagerConfigurer$InitializeUserDetailsManagerConfigurer
                - Global AuthenticationManager configured with UserDetailsService bean with name customUserDetailsService
2026-02-11 15:05:44 [userService,/] WARN  o.s.b.a.o.j.JpaBaseConfiguration$JpaWebConfiguration
                - spring.jpa.open-in-view is enabled by default. Therefore, database queries may be performed during view rendering. Explicitly configure spring.jpa.open-in-view to disable this warning
2026-02-11 15:05:46 [userService,/] INFO  o.s.c.n.e.c.DiscoveryClientOptionalArgsConfiguration
                - Eureka HTTP Client uses RestTemplate.
2026-02-11 15:05:46 [userService,/] WARN  o.s.c.l.c.LoadBalancerCacheAutoConfiguration$LoadBalancerCaffeineWarnLogger
                - Spring Cloud LoadBalancer is currently working with the default cache. While this cache implementation is useful for development and tests, it's recommended to use Caffeine cache in production.You can switch to using Caffeine cache, by adding it and org.springframework.cache.caffeine.CaffeineCacheManager to the classpath.
2026-02-11 15:05:46 [userService,/] INFO  o.s.b.w.e.tomcat.TomcatWebServer
                - Tomcat started on port 8086 (http) with context path '/'
2026-02-11 15:05:46 [userService,/] INFO  o.s.b.w.e.tomcat.TomcatWebServer
                - Tomcat initialized with port 8090 (http)
2026-02-11 15:05:46 [userService,/] INFO  o.a.catalina.core.StandardService
                - Starting service [Tomcat]
2026-02-11 15:05:46 [userService,/] INFO  o.a.catalina.core.StandardEngine
                - Starting Servlet engine: [Apache Tomcat/10.1.46]
2026-02-11 15:05:46 [userService,/] INFO  o.a.c.c.C.[Tomcat-1].[localhost].[/]
                - Initializing Spring embedded WebApplicationContext
2026-02-11 15:05:46 [userService,/] INFO  o.s.b.w.s.c.ServletWebServerApplicationContext
                - Root WebApplicationContext: initialization completed in 206 ms
2026-02-11 15:05:46 [userService,/] INFO  o.s.b.a.e.web.EndpointLinksResolver
                - Exposing 16 endpoints beneath base path '/actuator'
2026-02-11 15:05:46 [userService,/] INFO  o.s.b.w.e.tomcat.TomcatWebServer
                - Tomcat started on port 8090 (http) with context path '/'
2026-02-11 15:05:46 [userService,/] INFO  o.g.u.UserManagementServiceApplication
                - Started UserManagementServiceApplication in 9.852 seconds (process running for 10.856)
2026-02-11 15:05:47 [userService,/] INFO  o.g.u.UserManagementServiceApplication
                - UserManagementServiceApplication booted up and running
2026-02-11 15:05:57 [userService,/] INFO  o.a.c.c.C.[Tomcat].[localhost].[/]
                - Initializing Spring DispatcherServlet 'dispatcherServlet'
2026-02-11 15:05:57 [userService,/] INFO  o.s.web.servlet.DispatcherServlet
                - Initializing Servlet 'dispatcherServlet'
2026-02-11 15:05:57 [userService,/] INFO  o.s.web.servlet.DispatcherServlet
                - Completed initialization in 1 ms
2026-02-11 15:05:57 [userService,/] INFO  o.g.u.r.RegistrationController
                - Registering new user with username: jit123
2026-02-11 15:05:58 [userService,/] INFO  o.g.u.s.impl.UserMgmtServiceImpl
                - New CruiseMate account created: jit123
2026-02-11 15:06:02 [userService,/] DEBUG o.g.u.filter.JwtAuthenticationFilter
                - No Authorization header or invalid format for request: /api/v1/userservice/auth/login
2026-02-11 15:06:02 [userService,/] ERROR o.g.u.s.CustomAuthenticationEntryPoint
                - Authentication failure: Full authentication is required to access this resource 
2026-02-11 15:07:58 [userService,/] INFO  o.g.u.s.i.CustomUserDetailsService
                - User   found username admin , role s ize 1
2026-02-11 15:07:58 [userService,/] ERROR o.g.usermgmt.resource.AuthController
                - Authentication error: Cannot pass null or empty values to constructor
2026-02-11 15:08:47 [userService,/] INFO  o.g.u.s.i.CustomUserDetailsService
                - User   found username admin , role s ize 1
2026-02-11 15:08:47 [userService,/] ERROR o.g.usermgmt.resource.AuthController
                - Authentication error: Cannot pass null or empty values to constructor
2026-02-11 15:08:54 [userService,/] INFO  o.g.u.s.i.CustomUserDetailsService
                - User   found username admin , role s ize 1
2026-02-11 15:08:54 [userService,/] ERROR o.g.usermgmt.resource.AuthController
                - Authentication error: Cannot pass null or empty values to constructor
2026-02-11 15:09:46 [userService,/] INFO  o.g.u.r.RegistrationController
                - Registering new user with username: shiv
2026-02-11 15:09:46 [userService,/] INFO  o.g.u.s.impl.UserMgmtServiceImpl
                - New CruiseMate account created: shiv
2026-02-11 15:10:02 [userService,/] INFO  o.s.b.w.e.tomcat.GracefulShutdown
                - Commencing graceful shutdown. Waiting for active requests to complete
2026-02-11 15:10:02 [userService,/] INFO  o.s.b.w.e.tomcat.GracefulShutdown
                - Graceful shutdown complete
2026-02-11 15:10:02 [userService,/] INFO  o.s.b.w.e.tomcat.GracefulShutdown
                - Commencing graceful shutdown. Waiting for active requests to complete
2026-02-11 15:10:02 [userService,/] INFO  o.s.b.w.e.tomcat.GracefulShutdown
                - Graceful shutdown complete
2026-02-11 15:10:02 [userService,/] INFO  o.s.o.j.LocalContainerEntityManagerFactoryBean
                - Closing JPA EntityManagerFactory for persistence unit 'default'
2026-02-11 15:10:02 [userService,/] INFO  com.zaxxer.hikari.HikariDataSource
                - HikariPool-1 - Shutdown initiated...
2026-02-11 15:10:02 [userService,/] INFO  com.zaxxer.hikari.HikariDataSource
                - HikariPool-1 - Shutdown completed.
2026-02-11 15:35:41 [userService,/] INFO  o.g.u.UserManagementServiceApplication
                - Starting UserManagementServiceApplication using Java 25 with PID 6164 (C:\Users\2464280\gencWorkspaces\practiceWorkspace\cruisemate-registration\target\classes started by 2464280 in C:\Users\2464280\gencWorkspaces\practiceWorkspace\cruisemate-registration)
2026-02-11 15:35:41 [userService,/] DEBUG o.g.u.UserManagementServiceApplication
                - Running with Spring Boot v3.5.6, Spring v6.2.11
2026-02-11 15:35:41 [userService,/] INFO  o.g.u.UserManagementServiceApplication
                - The following 1 profile is active: "genc"
2026-02-11 15:35:43 [userService,/] INFO  o.s.d.r.c.RepositoryConfigurationDelegate
                - Bootstrapping Spring Data JPA repositories in DEFAULT mode.
2026-02-11 15:35:43 [userService,/] INFO  o.s.d.r.c.RepositoryConfigurationDelegate
                - Finished Spring Data repository scanning in 159 ms. Found 2 JPA repository interfaces.
2026-02-11 15:35:43 [userService,/] INFO  o.s.cloud.context.scope.GenericScope
                - BeanFactory id=9bee316d-2ab0-3fef-9ae8-11485ce981d2
2026-02-11 15:35:43 [userService,/] INFO  o.s.b.w.e.tomcat.TomcatWebServer
                - Tomcat initialized with port 8086 (http)
2026-02-11 15:35:43 [userService,/] INFO  o.a.catalina.core.StandardService
                - Starting service [Tomcat]
2026-02-11 15:35:43 [userService,/] INFO  o.a.catalina.core.StandardEngine
                - Starting Servlet engine: [Apache Tomcat/10.1.46]
2026-02-11 15:35:44 [userService,/] INFO  o.a.c.c.C.[Tomcat].[localhost].[/]
                - Initializing Spring embedded WebApplicationContext
2026-02-11 15:35:44 [userService,/] INFO  o.s.b.w.s.c.ServletWebServerApplicationContext
                - Root WebApplicationContext: initialization completed in 2034 ms
2026-02-11 15:35:44 [userService,/] INFO  o.h.jpa.internal.util.LogHelper
                - HHH000204: Processing PersistenceUnitInfo [name: default]
2026-02-11 15:35:44 [userService,/] INFO  org.hibernate.Version
                - HHH000412: Hibernate ORM core version 6.6.29.Final
2026-02-11 15:35:44 [userService,/] INFO  o.h.c.i.RegionFactoryInitiator
                - HHH000026: Second-level cache disabled
2026-02-11 15:35:44 [userService,/] INFO  o.s.o.j.p.SpringPersistenceUnitInfo
                - No LoadTimeWeaver setup: ignoring JPA class transformer
2026-02-11 15:35:44 [userService,/] INFO  com.zaxxer.hikari.HikariDataSource
                - HikariPool-1 - Starting...
2026-02-11 15:35:44 [userService,/] INFO  com.zaxxer.hikari.pool.HikariPool
                - HikariPool-1 - Added connection com.mysql.cj.jdbc.ConnectionImpl@59ec5a0b
2026-02-11 15:35:44 [userService,/] INFO  com.zaxxer.hikari.HikariDataSource
                - HikariPool-1 - Start completed.
2026-02-11 15:35:44 [userService,/] WARN  org.hibernate.orm.deprecation
                - HHH90000025: MySQLDialect does not need to be specified explicitly using 'hibernate.dialect' (remove the property setting and it will be selected by default)
2026-02-11 15:35:44 [userService,/] INFO  o.hibernate.orm.connections.pooling
                - HHH10001005: Database info:
	Database JDBC URL [Connecting through datasource 'HikariDataSource (HikariPool-1)']
	Database driver: undefined/unknown
	Database version: 8.0.44
	Autocommit mode: undefined/unknown
	Isolation level: undefined/unknown
	Minimum pool size: undefined/unknown
	Maximum pool size: undefined/unknown
2026-02-11 15:35:45 [userService,/] INFO  o.h.e.t.j.p.i.JtaPlatformInitiator
                - HHH000489: No JTA platform available (set 'hibernate.transaction.jta.platform' to enable JTA platform integration)
2026-02-11 15:35:45 [userService,/] INFO  o.s.o.j.LocalContainerEntityManagerFactoryBean
                - Initialized JPA EntityManagerFactory for persistence unit 'default'
2026-02-11 15:35:46 [userService,/] DEBUG o.g.u.filter.JwtAuthenticationFilter
                - Filter 'jwtAuthenticationFilter' configured for use
2026-02-11 15:35:46 [userService,/] INFO  o.s.s.c.a.a.c.InitializeUserDetailsBeanManagerConfigurer$InitializeUserDetailsManagerConfigurer
                - Global AuthenticationManager configured with UserDetailsService bean with name customUserDetailsService
2026-02-11 15:35:46 [userService,/] WARN  o.s.b.a.o.j.JpaBaseConfiguration$JpaWebConfiguration
                - spring.jpa.open-in-view is enabled by default. Therefore, database queries may be performed during view rendering. Explicitly configure spring.jpa.open-in-view to disable this warning
2026-02-11 15:35:47 [userService,/] INFO  o.s.c.n.e.c.DiscoveryClientOptionalArgsConfiguration
                - Eureka HTTP Client uses RestTemplate.
2026-02-11 15:35:47 [userService,/] WARN  o.s.c.l.c.LoadBalancerCacheAutoConfiguration$LoadBalancerCaffeineWarnLogger
                - Spring Cloud LoadBalancer is currently working with the default cache. While this cache implementation is useful for development and tests, it's recommended to use Caffeine cache in production.You can switch to using Caffeine cache, by adding it and org.springframework.cache.caffeine.CaffeineCacheManager to the classpath.
2026-02-11 15:35:47 [userService,/] INFO  o.s.b.w.e.tomcat.TomcatWebServer
                - Tomcat started on port 8086 (http) with context path '/'
2026-02-11 15:35:47 [userService,/] INFO  o.s.b.w.e.tomcat.TomcatWebServer
                - Tomcat initialized with port 8090 (http)
2026-02-11 15:35:47 [userService,/] INFO  o.a.catalina.core.StandardService
                - Starting service [Tomcat]
2026-02-11 15:35:47 [userService,/] INFO  o.a.catalina.core.StandardEngine
                - Starting Servlet engine: [Apache Tomcat/10.1.46]
2026-02-11 15:35:47 [userService,/] INFO  o.a.c.c.C.[Tomcat-1].[localhost].[/]
                - Initializing Spring embedded WebApplicationContext
2026-02-11 15:35:47 [userService,/] INFO  o.s.b.w.s.c.ServletWebServerApplicationContext
                - Root WebApplicationContext: initialization completed in 115 ms
2026-02-11 15:35:47 [userService,/] INFO  o.s.b.a.e.web.EndpointLinksResolver
                - Exposing 16 endpoints beneath base path '/actuator'
2026-02-11 15:35:47 [userService,/] INFO  o.s.b.w.e.tomcat.TomcatWebServer
                - Tomcat started on port 8090 (http) with context path '/'
2026-02-11 15:35:47 [userService,/] INFO  o.g.u.UserManagementServiceApplication
                - Started UserManagementServiceApplication in 6.17 seconds (process running for 6.921)
2026-02-11 15:35:47 [userService,/] INFO  o.g.u.UserManagementServiceApplication
                - UserManagementServiceApplication booted up and running
2026-02-11 15:37:05 [userService,/] INFO  o.a.c.c.C.[Tomcat].[localhost].[/]
                - Initializing Spring DispatcherServlet 'dispatcherServlet'
2026-02-11 15:37:05 [userService,/] INFO  o.s.web.servlet.DispatcherServlet
                - Initializing Servlet 'dispatcherServlet'
2026-02-11 15:37:05 [userService,/] INFO  o.s.web.servlet.DispatcherServlet
                - Completed initialization in 1 ms
2026-02-11 15:37:05 [userService,/] INFO  o.g.u.r.RegistrationController
                - Registering new user with username: vivek
2026-02-11 15:37:05 [userService,/] INFO  o.g.u.s.impl.UserMgmtServiceImpl
                - New CruiseMate account created: vivek
2026-02-11 15:37:30 [userService,/] INFO  o.g.u.s.i.CustomUserDetailsService
                - User   found username vivek , role s ize 1
2026-02-11 15:37:31 [userService,/] INFO  o.g.u.s.i.CustomUserDetailsService
                - User   found username vivek , role s ize 1
2026-02-11 15:37:31 [userService,/] INFO  o.g.usermgmt.resource.AuthController
                - Access from userService on port 8086 (instance: userService:f3d3a2d3c73f9c105c48ac88bdce49e4)
2026-02-11 15:38:21 [userService,/] INFO  o.g.u.r.RegistrationController
                - Registering new user with username: sonu
2026-02-11 15:38:21 [userService,/] INFO  o.g.u.s.impl.UserMgmtServiceImpl
                - New CruiseMate account created: sonu
2026-02-11 15:38:49 [userService,/] INFO  o.g.u.s.i.CustomUserDetailsService
                - User   found username sonu , role s ize 1
2026-02-11 15:38:49 [userService,/] INFO  o.g.u.s.i.CustomUserDetailsService
                - User   found username sonu , role s ize 1
2026-02-11 15:38:49 [userService,/] INFO  o.g.usermgmt.resource.AuthController
                - Access from userService on port 8086 (instance: userService:f3d3a2d3c73f9c105c48ac88bdce49e4)
2026-02-11 15:40:04 [userService,/] DEBUG o.g.u.filter.JwtAuthenticationFilter
                - No Authorization header or invalid format for request: /api/v1/userservice/auth/login
2026-02-11 15:40:04 [userService,/] ERROR o.g.u.s.CustomAuthenticationEntryPoint
                - Authentication failure: Full authentication is required to access this resource 
2026-02-11 15:52:14 [userService,/] INFO  o.s.b.w.e.tomcat.GracefulShutdown
                - Commencing graceful shutdown. Waiting for active requests to complete
2026-02-11 15:52:14 [userService,/] INFO  o.s.b.w.e.tomcat.GracefulShutdown
                - Graceful shutdown complete
2026-02-11 15:52:14 [userService,/] INFO  o.s.b.w.e.tomcat.GracefulShutdown
                - Commencing graceful shutdown. Waiting for active requests to complete
2026-02-11 15:52:14 [userService,/] INFO  o.s.b.w.e.tomcat.GracefulShutdown
                - Graceful shutdown complete
2026-02-11 15:52:14 [userService,/] INFO  o.s.o.j.LocalContainerEntityManagerFactoryBean
                - Closing JPA EntityManagerFactory for persistence unit 'default'
2026-02-11 15:52:14 [userService,/] INFO  com.zaxxer.hikari.HikariDataSource
                - HikariPool-1 - Shutdown initiated...
2026-02-11 15:52:14 [userService,/] INFO  com.zaxxer.hikari.HikariDataSource
                - HikariPool-1 - Shutdown completed.
2026-02-11 15:52:18 [userService,/] INFO  o.g.u.UserManagementServiceApplication
                - Starting UserManagementServiceApplication using Java 25 with PID 20560 (C:\Users\2464280\gencWorkspaces\practiceWorkspace\cruisemate-registration\target\classes started by 2464280 in C:\Users\2464280\gencWorkspaces\practiceWorkspace\cruisemate-registration)
2026-02-11 15:52:18 [userService,/] DEBUG o.g.u.UserManagementServiceApplication
                - Running with Spring Boot v3.5.6, Spring v6.2.11
2026-02-11 15:52:18 [userService,/] INFO  o.g.u.UserManagementServiceApplication
                - The following 1 profile is active: "genc"
2026-02-11 15:52:20 [userService,/] INFO  o.s.d.r.c.RepositoryConfigurationDelegate
                - Bootstrapping Spring Data JPA repositories in DEFAULT mode.
2026-02-11 15:52:20 [userService,/] INFO  o.s.d.r.c.RepositoryConfigurationDelegate
                - Finished Spring Data repository scanning in 149 ms. Found 2 JPA repository interfaces.
2026-02-11 15:52:20 [userService,/] INFO  o.s.cloud.context.scope.GenericScope
                - BeanFactory id=9bee316d-2ab0-3fef-9ae8-11485ce981d2
2026-02-11 15:52:21 [userService,/] INFO  o.s.b.w.e.tomcat.TomcatWebServer
                - Tomcat initialized with port 8086 (http)
2026-02-11 15:52:21 [userService,/] INFO  o.a.catalina.core.StandardService
                - Starting service [Tomcat]
2026-02-11 15:52:21 [userService,/] INFO  o.a.catalina.core.StandardEngine
                - Starting Servlet engine: [Apache Tomcat/10.1.46]
2026-02-11 15:52:21 [userService,/] INFO  o.a.c.c.C.[Tomcat].[localhost].[/]
                - Initializing Spring embedded WebApplicationContext
2026-02-11 15:52:21 [userService,/] INFO  o.s.b.w.s.c.ServletWebServerApplicationContext
                - Root WebApplicationContext: initialization completed in 2211 ms
2026-02-11 15:52:21 [userService,/] INFO  o.h.jpa.internal.util.LogHelper
                - HHH000204: Processing PersistenceUnitInfo [name: default]
2026-02-11 15:52:21 [userService,/] INFO  org.hibernate.Version
                - HHH000412: Hibernate ORM core version 6.6.29.Final
2026-02-11 15:52:21 [userService,/] INFO  o.h.c.i.RegionFactoryInitiator
                - HHH000026: Second-level cache disabled
2026-02-11 15:52:21 [userService,/] INFO  o.s.o.j.p.SpringPersistenceUnitInfo
                - No LoadTimeWeaver setup: ignoring JPA class transformer
2026-02-11 15:52:21 [userService,/] INFO  com.zaxxer.hikari.HikariDataSource
                - HikariPool-1 - Starting...
2026-02-11 15:52:22 [userService,/] INFO  com.zaxxer.hikari.pool.HikariPool
                - HikariPool-1 - Added connection com.mysql.cj.jdbc.ConnectionImpl@3e0327dd
2026-02-11 15:52:22 [userService,/] INFO  com.zaxxer.hikari.HikariDataSource
                - HikariPool-1 - Start completed.
2026-02-11 15:52:22 [userService,/] WARN  org.hibernate.orm.deprecation
                - HHH90000025: MySQLDialect does not need to be specified explicitly using 'hibernate.dialect' (remove the property setting and it will be selected by default)
2026-02-11 15:52:22 [userService,/] INFO  o.hibernate.orm.connections.pooling
                - HHH10001005: Database info:
	Database JDBC URL [Connecting through datasource 'HikariDataSource (HikariPool-1)']
	Database driver: undefined/unknown
	Database version: 8.0.44
	Autocommit mode: undefined/unknown
	Isolation level: undefined/unknown
	Minimum pool size: undefined/unknown
	Maximum pool size: undefined/unknown
2026-02-11 15:52:22 [userService,/] INFO  o.h.e.t.j.p.i.JtaPlatformInitiator
                - HHH000489: No JTA platform available (set 'hibernate.transaction.jta.platform' to enable JTA platform integration)
2026-02-11 15:52:22 [userService,/] INFO  o.s.o.j.LocalContainerEntityManagerFactoryBean
                - Initialized JPA EntityManagerFactory for persistence unit 'default'
2026-02-11 15:52:23 [userService,/] DEBUG o.g.u.filter.JwtAuthenticationFilter
                - Filter 'jwtAuthenticationFilter' configured for use
2026-02-11 15:52:23 [userService,/] INFO  o.s.s.c.a.a.c.InitializeUserDetailsBeanManagerConfigurer$InitializeUserDetailsManagerConfigurer
                - Global AuthenticationManager configured with UserDetailsService bean with name customUserDetailsService
2026-02-11 15:52:23 [userService,/] WARN  o.s.b.a.o.j.JpaBaseConfiguration$JpaWebConfiguration
                - spring.jpa.open-in-view is enabled by default. Therefore, database queries may be performed during view rendering. Explicitly configure spring.jpa.open-in-view to disable this warning
2026-02-11 15:52:24 [userService,/] INFO  o.s.c.n.e.c.DiscoveryClientOptionalArgsConfiguration
                - Eureka HTTP Client uses RestTemplate.
2026-02-11 15:52:24 [userService,/] WARN  o.s.c.l.c.LoadBalancerCacheAutoConfiguration$LoadBalancerCaffeineWarnLogger
                - Spring Cloud LoadBalancer is currently working with the default cache. While this cache implementation is useful for development and tests, it's recommended to use Caffeine cache in production.You can switch to using Caffeine cache, by adding it and org.springframework.cache.caffeine.CaffeineCacheManager to the classpath.
2026-02-11 15:52:24 [userService,/] INFO  o.s.b.w.e.tomcat.TomcatWebServer
                - Tomcat started on port 8086 (http) with context path '/'
2026-02-11 15:52:24 [userService,/] INFO  o.s.b.w.e.tomcat.TomcatWebServer
                - Tomcat initialized with port 8090 (http)
2026-02-11 15:52:24 [userService,/] INFO  o.a.catalina.core.StandardService
                - Starting service [Tomcat]
2026-02-11 15:52:24 [userService,/] INFO  o.a.catalina.core.StandardEngine
                - Starting Servlet engine: [Apache Tomcat/10.1.46]
2026-02-11 15:52:24 [userService,/] INFO  o.a.c.c.C.[Tomcat-1].[localhost].[/]
                - Initializing Spring embedded WebApplicationContext
2026-02-11 15:52:24 [userService,/] INFO  o.s.b.w.s.c.ServletWebServerApplicationContext
                - Root WebApplicationContext: initialization completed in 178 ms
2026-02-11 15:52:24 [userService,/] INFO  o.s.b.a.e.web.EndpointLinksResolver
                - Exposing 16 endpoints beneath base path '/actuator'
2026-02-11 15:52:24 [userService,/] INFO  o.s.b.w.e.tomcat.TomcatWebServer
                - Tomcat started on port 8090 (http) with context path '/'
2026-02-11 15:52:24 [userService,/] INFO  o.g.u.UserManagementServiceApplication
                - Started UserManagementServiceApplication in 6.472 seconds (process running for 7.074)
2026-02-11 15:52:25 [userService,/] INFO  o.g.u.UserManagementServiceApplication
                - UserManagementServiceApplication booted up and running
2026-02-11 15:52:39 [userService,/] INFO  o.a.c.c.C.[Tomcat].[localhost].[/]
                - Initializing Spring DispatcherServlet 'dispatcherServlet'
2026-02-11 15:52:39 [userService,/] INFO  o.s.web.servlet.DispatcherServlet
                - Initializing Servlet 'dispatcherServlet'
2026-02-11 15:52:39 [userService,/] INFO  o.s.web.servlet.DispatcherServlet
                - Completed initialization in 0 ms
2026-02-11 15:52:39 [userService,/] DEBUG o.g.u.filter.JwtAuthenticationFilter
                - No Authorization header or invalid format for request: /api/v1/userservice/auth/login
2026-02-11 15:52:39 [userService,/] ERROR o.g.u.s.CustomAuthenticationEntryPoint
                - Authentication failure: Full authentication is required to access this resource 
2026-02-11 15:53:24 [userService,/] INFO  o.g.u.r.RegistrationController
                - Registering new user with username: kapil123
2026-02-11 15:53:25 [userService,/] INFO  o.g.u.s.impl.UserMgmtServiceImpl
                - New CruiseMate account created: kapil123
2026-02-11 15:53:28 [userService,/] DEBUG o.g.u.filter.JwtAuthenticationFilter
                - No Authorization header or invalid format for request: /api/v1/userservice/auth/login
2026-02-11 15:53:28 [userService,/] ERROR o.g.u.s.CustomAuthenticationEntryPoint
                - Authentication failure: Full authentication is required to access this resource 
2026-02-11 15:53:48 [userService,/] DEBUG o.g.u.filter.JwtAuthenticationFilter
                - No Authorization header or invalid format for request: /api/v1/userservice/auth/login
2026-02-11 15:53:48 [userService,/] ERROR o.g.u.s.CustomAuthenticationEntryPoint
                - Authentication failure: Full authentication is required to access this resource 
2026-02-11 15:57:41 [userService,/] INFO  o.s.b.w.e.tomcat.GracefulShutdown
                - Commencing graceful shutdown. Waiting for active requests to complete
2026-02-11 15:57:41 [userService,/] INFO  o.s.b.w.e.tomcat.GracefulShutdown
                - Graceful shutdown complete
2026-02-11 15:57:41 [userService,/] INFO  o.s.b.w.e.tomcat.GracefulShutdown
                - Commencing graceful shutdown. Waiting for active requests to complete
2026-02-11 15:57:41 [userService,/] INFO  o.s.b.w.e.tomcat.GracefulShutdown
                - Graceful shutdown complete
2026-02-11 15:57:41 [userService,/] INFO  o.s.o.j.LocalContainerEntityManagerFactoryBean
                - Closing JPA EntityManagerFactory for persistence unit 'default'
2026-02-11 15:57:41 [userService,/] INFO  com.zaxxer.hikari.HikariDataSource
                - HikariPool-1 - Shutdown initiated...
2026-02-11 15:57:41 [userService,/] INFO  com.zaxxer.hikari.HikariDataSource
                - HikariPool-1 - Shutdown completed.
2026-02-11 15:57:45 [userService,/] INFO  o.g.u.UserManagementServiceApplication
                - Starting UserManagementServiceApplication using Java 25 with PID 28180 (C:\Users\2464280\gencWorkspaces\practiceWorkspace\cruisemate-registration\target\classes started by 2464280 in C:\Users\2464280\gencWorkspaces\practiceWorkspace\cruisemate-registration)
2026-02-11 15:57:45 [userService,/] DEBUG o.g.u.UserManagementServiceApplication
                - Running with Spring Boot v3.5.6, Spring v6.2.11
2026-02-11 15:57:45 [userService,/] INFO  o.g.u.UserManagementServiceApplication
                - The following 1 profile is active: "genc"
2026-02-11 15:57:46 [userService,/] INFO  o.s.d.r.c.RepositoryConfigurationDelegate
                - Bootstrapping Spring Data JPA repositories in DEFAULT mode.
2026-02-11 15:57:46 [userService,/] INFO  o.s.d.r.c.RepositoryConfigurationDelegate
                - Finished Spring Data repository scanning in 128 ms. Found 2 JPA repository interfaces.
2026-02-11 15:57:46 [userService,/] INFO  o.s.cloud.context.scope.GenericScope
                - BeanFactory id=9bee316d-2ab0-3fef-9ae8-11485ce981d2
2026-02-11 15:57:47 [userService,/] INFO  o.s.b.w.e.tomcat.TomcatWebServer
                - Tomcat initialized with port 8086 (http)
2026-02-11 15:57:47 [userService,/] INFO  o.a.catalina.core.StandardService
                - Starting service [Tomcat]
2026-02-11 15:57:47 [userService,/] INFO  o.a.catalina.core.StandardEngine
                - Starting Servlet engine: [Apache Tomcat/10.1.46]
2026-02-11 15:57:47 [userService,/] INFO  o.a.c.c.C.[Tomcat].[localhost].[/]
                - Initializing Spring embedded WebApplicationContext
2026-02-11 15:57:47 [userService,/] INFO  o.s.b.w.s.c.ServletWebServerApplicationContext
                - Root WebApplicationContext: initialization completed in 1982 ms
2026-02-11 15:57:47 [userService,/] INFO  o.h.jpa.internal.util.LogHelper
                - HHH000204: Processing PersistenceUnitInfo [name: default]
2026-02-11 15:57:47 [userService,/] INFO  org.hibernate.Version
                - HHH000412: Hibernate ORM core version 6.6.29.Final
2026-02-11 15:57:47 [userService,/] INFO  o.h.c.i.RegionFactoryInitiator
                - HHH000026: Second-level cache disabled
2026-02-11 15:57:47 [userService,/] INFO  o.s.o.j.p.SpringPersistenceUnitInfo
                - No LoadTimeWeaver setup: ignoring JPA class transformer
2026-02-11 15:57:47 [userService,/] INFO  com.zaxxer.hikari.HikariDataSource
                - HikariPool-1 - Starting...
2026-02-11 15:57:48 [userService,/] INFO  com.zaxxer.hikari.pool.HikariPool
                - HikariPool-1 - Added connection com.mysql.cj.jdbc.ConnectionImpl@284b487f
2026-02-11 15:57:48 [userService,/] INFO  com.zaxxer.hikari.HikariDataSource
                - HikariPool-1 - Start completed.
2026-02-11 15:57:48 [userService,/] WARN  org.hibernate.orm.deprecation
                - HHH90000025: MySQLDialect does not need to be specified explicitly using 'hibernate.dialect' (remove the property setting and it will be selected by default)
2026-02-11 15:57:48 [userService,/] INFO  o.hibernate.orm.connections.pooling
                - HHH10001005: Database info:
	Database JDBC URL [Connecting through datasource 'HikariDataSource (HikariPool-1)']
	Database driver: undefined/unknown
	Database version: 8.0.44
	Autocommit mode: undefined/unknown
	Isolation level: undefined/unknown
	Minimum pool size: undefined/unknown
	Maximum pool size: undefined/unknown
2026-02-11 15:57:48 [userService,/] INFO  o.h.e.t.j.p.i.JtaPlatformInitiator
                - HHH000489: No JTA platform available (set 'hibernate.transaction.jta.platform' to enable JTA platform integration)
2026-02-11 15:57:48 [userService,/] INFO  o.s.o.j.LocalContainerEntityManagerFactoryBean
                - Initialized JPA EntityManagerFactory for persistence unit 'default'
2026-02-11 15:57:49 [userService,/] DEBUG o.g.u.filter.JwtAuthenticationFilter
                - Filter 'jwtAuthenticationFilter' configured for use
2026-02-11 15:57:49 [userService,/] INFO  o.s.s.c.a.a.c.InitializeUserDetailsBeanManagerConfigurer$InitializeUserDetailsManagerConfigurer
                - Global AuthenticationManager configured with UserDetailsService bean with name customUserDetailsService
2026-02-11 15:57:49 [userService,/] WARN  o.s.b.a.o.j.JpaBaseConfiguration$JpaWebConfiguration
                - spring.jpa.open-in-view is enabled by default. Therefore, database queries may be performed during view rendering. Explicitly configure spring.jpa.open-in-view to disable this warning
2026-02-11 15:57:50 [userService,/] INFO  o.s.c.n.e.c.DiscoveryClientOptionalArgsConfiguration
                - Eureka HTTP Client uses RestTemplate.
2026-02-11 15:57:50 [userService,/] WARN  o.s.c.l.c.LoadBalancerCacheAutoConfiguration$LoadBalancerCaffeineWarnLogger
                - Spring Cloud LoadBalancer is currently working with the default cache. While this cache implementation is useful for development and tests, it's recommended to use Caffeine cache in production.You can switch to using Caffeine cache, by adding it and org.springframework.cache.caffeine.CaffeineCacheManager to the classpath.
2026-02-11 15:57:50 [userService,/] INFO  o.s.b.w.e.tomcat.TomcatWebServer
                - Tomcat started on port 8086 (http) with context path '/'
2026-02-11 15:57:50 [userService,/] INFO  o.s.b.w.e.tomcat.TomcatWebServer
                - Tomcat initialized with port 8090 (http)
2026-02-11 15:57:50 [userService,/] INFO  o.a.catalina.core.StandardService
                - Starting service [Tomcat]
2026-02-11 15:57:50 [userService,/] INFO  o.a.catalina.core.StandardEngine
                - Starting Servlet engine: [Apache Tomcat/10.1.46]
2026-02-11 15:57:50 [userService,/] INFO  o.a.c.c.C.[Tomcat-1].[localhost].[/]
                - Initializing Spring embedded WebApplicationContext
2026-02-11 15:57:50 [userService,/] INFO  o.s.b.w.s.c.ServletWebServerApplicationContext
                - Root WebApplicationContext: initialization completed in 108 ms
2026-02-11 15:57:50 [userService,/] INFO  o.s.b.a.e.web.EndpointLinksResolver
                - Exposing 16 endpoints beneath base path '/actuator'
2026-02-11 15:57:50 [userService,/] INFO  o.s.b.w.e.tomcat.TomcatWebServer
                - Tomcat started on port 8090 (http) with context path '/'
2026-02-11 15:57:50 [userService,/] INFO  o.g.u.UserManagementServiceApplication
                - Started UserManagementServiceApplication in 5.419 seconds (process running for 6.009)
2026-02-11 15:57:50 [userService,/] INFO  o.g.u.UserManagementServiceApplication
                - UserManagementServiceApplication booted up and running
2026-02-11 15:58:11 [userService,/] INFO  o.a.c.c.C.[Tomcat].[localhost].[/]
                - Initializing Spring DispatcherServlet 'dispatcherServlet'
2026-02-11 15:58:11 [userService,/] INFO  o.s.web.servlet.DispatcherServlet
                - Initializing Servlet 'dispatcherServlet'
2026-02-11 15:58:11 [userService,/] INFO  o.s.web.servlet.DispatcherServlet
                - Completed initialization in 1 ms
2026-02-11 15:58:11 [userService,/] DEBUG o.g.u.filter.JwtAuthenticationFilter
                - No Authorization header or invalid format for request: /api/v1/userservice/auth/login
2026-02-11 15:58:11 [userService,/] ERROR o.g.u.s.CustomAuthenticationEntryPoint
                - Authentication failure: Full authentication is required to access this resource 
2026-02-11 16:33:32 [userService,/] WARN  com.zaxxer.hikari.pool.HikariPool
                - HikariPool-1 - Thread starvation or clock leap detected (housekeeper delta=26m43s94ms204µs200ns).
2026-02-11 16:34:32 [userService,/] INFO  o.s.b.w.e.tomcat.GracefulShutdown
                - Commencing graceful shutdown. Waiting for active requests to complete
2026-02-11 16:34:32 [userService,/] INFO  o.s.b.w.e.tomcat.GracefulShutdown
                - Graceful shutdown complete
2026-02-11 16:34:32 [userService,/] INFO  o.s.b.w.e.tomcat.GracefulShutdown
                - Commencing graceful shutdown. Waiting for active requests to complete
2026-02-11 16:34:32 [userService,/] INFO  o.s.b.w.e.tomcat.GracefulShutdown
                - Graceful shutdown complete
2026-02-11 16:34:32 [userService,/] INFO  o.s.o.j.LocalContainerEntityManagerFactoryBean
                - Closing JPA EntityManagerFactory for persistence unit 'default'
2026-02-11 16:34:32 [userService,/] INFO  com.zaxxer.hikari.HikariDataSource
                - HikariPool-1 - Shutdown initiated...
2026-02-11 16:34:32 [userService,/] INFO  com.zaxxer.hikari.HikariDataSource
                - HikariPool-1 - Shutdown completed.
2026-02-11 16:34:35 [userService,/] INFO  o.g.u.UserManagementServiceApplication
                - Starting UserManagementServiceApplication using Java 25 with PID 20432 (C:\Users\2464280\gencWorkspaces\practiceWorkspace\cruisemate-registration\target\classes started by 2464280 in C:\Users\2464280\gencWorkspaces\practiceWorkspace\cruisemate-registration)
2026-02-11 16:34:35 [userService,/] DEBUG o.g.u.UserManagementServiceApplication
                - Running with Spring Boot v3.5.6, Spring v6.2.11
2026-02-11 16:34:35 [userService,/] INFO  o.g.u.UserManagementServiceApplication
                - The following 1 profile is active: "genc"
2026-02-11 16:34:36 [userService,/] INFO  o.s.d.r.c.RepositoryConfigurationDelegate
                - Bootstrapping Spring Data JPA repositories in DEFAULT mode.
2026-02-11 16:34:36 [userService,/] INFO  o.s.d.r.c.RepositoryConfigurationDelegate
                - Finished Spring Data repository scanning in 138 ms. Found 2 JPA repository interfaces.
2026-02-11 16:34:36 [userService,/] INFO  o.s.cloud.context.scope.GenericScope
                - BeanFactory id=9bee316d-2ab0-3fef-9ae8-11485ce981d2
2026-02-11 16:34:37 [userService,/] INFO  o.s.b.w.e.tomcat.TomcatWebServer
                - Tomcat initialized with port 8086 (http)
2026-02-11 16:34:37 [userService,/] INFO  o.a.catalina.core.StandardService
                - Starting service [Tomcat]
2026-02-11 16:34:37 [userService,/] INFO  o.a.catalina.core.StandardEngine
                - Starting Servlet engine: [Apache Tomcat/10.1.46]
2026-02-11 16:34:37 [userService,/] INFO  o.a.c.c.C.[Tomcat].[localhost].[/]
                - Initializing Spring embedded WebApplicationContext
2026-02-11 16:34:37 [userService,/] INFO  o.s.b.w.s.c.ServletWebServerApplicationContext
                - Root WebApplicationContext: initialization completed in 2218 ms
2026-02-11 16:34:37 [userService,/] INFO  o.h.jpa.internal.util.LogHelper
                - HHH000204: Processing PersistenceUnitInfo [name: default]
2026-02-11 16:34:37 [userService,/] INFO  org.hibernate.Version
                - HHH000412: Hibernate ORM core version 6.6.29.Final
2026-02-11 16:34:37 [userService,/] INFO  o.h.c.i.RegionFactoryInitiator
                - HHH000026: Second-level cache disabled
2026-02-11 16:34:37 [userService,/] INFO  o.s.o.j.p.SpringPersistenceUnitInfo
                - No LoadTimeWeaver setup: ignoring JPA class transformer
2026-02-11 16:34:37 [userService,/] INFO  com.zaxxer.hikari.HikariDataSource
                - HikariPool-1 - Starting...
2026-02-11 16:34:37 [userService,/] INFO  com.zaxxer.hikari.pool.HikariPool
                - HikariPool-1 - Added connection com.mysql.cj.jdbc.ConnectionImpl@2e40ea48
2026-02-11 16:34:37 [userService,/] INFO  com.zaxxer.hikari.HikariDataSource
                - HikariPool-1 - Start completed.
2026-02-11 16:34:38 [userService,/] WARN  org.hibernate.orm.deprecation
                - HHH90000025: MySQLDialect does not need to be specified explicitly using 'hibernate.dialect' (remove the property setting and it will be selected by default)
2026-02-11 16:34:38 [userService,/] INFO  o.hibernate.orm.connections.pooling
                - HHH10001005: Database info:
	Database JDBC URL [Connecting through datasource 'HikariDataSource (HikariPool-1)']
	Database driver: undefined/unknown
	Database version: 8.0.44
	Autocommit mode: undefined/unknown
	Isolation level: undefined/unknown
	Minimum pool size: undefined/unknown
	Maximum pool size: undefined/unknown
2026-02-11 16:34:38 [userService,/] INFO  o.h.e.t.j.p.i.JtaPlatformInitiator
                - HHH000489: No JTA platform available (set 'hibernate.transaction.jta.platform' to enable JTA platform integration)
2026-02-11 16:34:38 [userService,/] INFO  o.s.o.j.LocalContainerEntityManagerFactoryBean
                - Initialized JPA EntityManagerFactory for persistence unit 'default'
2026-02-11 16:34:39 [userService,/] DEBUG o.g.u.filter.JwtAuthenticationFilter
                - Filter 'jwtAuthenticationFilter' configured for use
2026-02-11 16:34:39 [userService,/] INFO  o.s.s.c.a.a.c.InitializeUserDetailsBeanManagerConfigurer$InitializeUserDetailsManagerConfigurer
                - Global AuthenticationManager configured with UserDetailsService bean with name customUserDetailsService
2026-02-11 16:34:39 [userService,/] WARN  o.s.b.a.o.j.JpaBaseConfiguration$JpaWebConfiguration
                - spring.jpa.open-in-view is enabled by default. Therefore, database queries may be performed during view rendering. Explicitly configure spring.jpa.open-in-view to disable this warning
2026-02-11 16:34:40 [userService,/] INFO  o.s.c.n.e.c.DiscoveryClientOptionalArgsConfiguration
                - Eureka HTTP Client uses RestTemplate.
2026-02-11 16:34:40 [userService,/] WARN  o.s.c.l.c.LoadBalancerCacheAutoConfiguration$LoadBalancerCaffeineWarnLogger
                - Spring Cloud LoadBalancer is currently working with the default cache. While this cache implementation is useful for development and tests, it's recommended to use Caffeine cache in production.You can switch to using Caffeine cache, by adding it and org.springframework.cache.caffeine.CaffeineCacheManager to the classpath.
2026-02-11 16:34:40 [userService,/] INFO  o.s.b.w.e.tomcat.TomcatWebServer
                - Tomcat started on port 8086 (http) with context path '/'
2026-02-11 16:34:40 [userService,/] INFO  o.s.b.w.e.tomcat.TomcatWebServer
                - Tomcat initialized with port 8090 (http)
2026-02-11 16:34:40 [userService,/] INFO  o.a.catalina.core.StandardService
                - Starting service [Tomcat]
2026-02-11 16:34:40 [userService,/] INFO  o.a.catalina.core.StandardEngine
                - Starting Servlet engine: [Apache Tomcat/10.1.46]
2026-02-11 16:34:40 [userService,/] INFO  o.a.c.c.C.[Tomcat-1].[localhost].[/]
                - Initializing Spring embedded WebApplicationContext
2026-02-11 16:34:40 [userService,/] INFO  o.s.b.w.s.c.ServletWebServerApplicationContext
                - Root WebApplicationContext: initialization completed in 149 ms
2026-02-11 16:34:40 [userService,/] INFO  o.s.b.a.e.web.EndpointLinksResolver
                - Exposing 16 endpoints beneath base path '/actuator'
2026-02-11 16:34:40 [userService,/] INFO  o.s.b.w.e.tomcat.TomcatWebServer
                - Tomcat started on port 8090 (http) with context path '/'
2026-02-11 16:34:40 [userService,/] INFO  o.g.u.UserManagementServiceApplication
                - Started UserManagementServiceApplication in 6.143 seconds (process running for 6.986)
2026-02-11 16:34:40 [userService,/] INFO  o.g.u.UserManagementServiceApplication
                - UserManagementServiceApplication booted up and running
2026-02-11 16:43:20 [userService,/] INFO  o.a.c.c.C.[Tomcat].[localhost].[/]
                - Initializing Spring DispatcherServlet 'dispatcherServlet'
2026-02-11 16:43:20 [userService,/] INFO  o.s.web.servlet.DispatcherServlet
                - Initializing Servlet 'dispatcherServlet'
2026-02-11 16:43:20 [userService,/] INFO  o.s.web.servlet.DispatcherServlet
                - Completed initialization in 1 ms
2026-02-11 16:43:20 [userService,/] DEBUG o.g.u.filter.JwtAuthenticationFilter
                - No Authorization header or invalid format for request: /api/v1/userservice/cruises
2026-02-11 16:43:20 [userService,/] ERROR o.g.u.s.CustomAuthenticationEntryPoint
                - Authentication failure: Full authentication is required to access this resource 
2026-02-11 16:43:20 [userService,/] DEBUG o.g.u.filter.JwtAuthenticationFilter
                - No Authorization header or invalid format for request: /api/v1/userservice/cruises
2026-02-11 16:43:20 [userService,/] ERROR o.g.u.s.CustomAuthenticationEntryPoint
                - Authentication failure: Full authentication is required to access this resource 
2026-02-11 16:43:24 [userService,/] DEBUG o.g.u.filter.JwtAuthenticationFilter
                - No Authorization header or invalid format for request: /api/v1/userservice/api/v1/userservice/login
2026-02-11 16:43:24 [userService,/] ERROR o.g.u.s.CustomAuthenticationEntryPoint
                - Authentication failure: Full authentication is required to access this resource 
2026-02-11 16:43:36 [userService,/] DEBUG o.g.u.filter.JwtAuthenticationFilter
                - No Authorization header or invalid format for request: /api/v1/userservice/api/v1/userservice/login
2026-02-11 16:43:36 [userService,/] ERROR o.g.u.s.CustomAuthenticationEntryPoint
                - Authentication failure: Full authentication is required to access this resource 
2026-02-11 16:43:37 [userService,/] DEBUG o.g.u.filter.JwtAuthenticationFilter
                - No Authorization header or invalid format for request: /api/v1/userservice/api/v1/userservice/login
2026-02-11 16:43:37 [userService,/] ERROR o.g.u.s.CustomAuthenticationEntryPoint
                - Authentication failure: Full authentication is required to access this resource 
2026-02-11 16:43:38 [userService,/] DEBUG o.g.u.filter.JwtAuthenticationFilter
                - No Authorization header or invalid format for request: /api/v1/userservice/api/v1/userservice/login
2026-02-11 16:43:38 [userService,/] ERROR o.g.u.s.CustomAuthenticationEntryPoint
                - Authentication failure: Full authentication is required to access this resource 
2026-02-11 16:43:38 [userService,/] DEBUG o.g.u.filter.JwtAuthenticationFilter
                - No Authorization header or invalid format for request: /api/v1/userservice/api/v1/userservice/login
2026-02-11 16:43:38 [userService,/] ERROR o.g.u.s.CustomAuthenticationEntryPoint
                - Authentication failure: Full authentication is required to access this resource 
2026-02-11 16:43:39 [userService,/] DEBUG o.g.u.filter.JwtAuthenticationFilter
                - No Authorization header or invalid format for request: /api/v1/userservice/api/v1/userservice/login
2026-02-11 16:43:39 [userService,/] ERROR o.g.u.s.CustomAuthenticationEntryPoint
                - Authentication failure: Full authentication is required to access this resource 
2026-02-11 16:43:53 [userService,/] DEBUG o.g.u.filter.JwtAuthenticationFilter
                - No Authorization header or invalid format for request: /api/v1/userservice/cruises
2026-02-11 16:43:53 [userService,/] ERROR o.g.u.s.CustomAuthenticationEntryPoint
                - Authentication failure: Full authentication is required to access this resource 
2026-02-11 16:43:53 [userService,/] DEBUG o.g.u.filter.JwtAuthenticationFilter
                - No Authorization header or invalid format for request: /api/v1/userservice/cruises
2026-02-11 16:43:53 [userService,/] ERROR o.g.u.s.CustomAuthenticationEntryPoint
                - Authentication failure: Full authentication is required to access this resource 
2026-02-11 16:44:22 [userService,/] DEBUG o.g.u.filter.JwtAuthenticationFilter
                - No Authorization header or invalid format for request: /api/v1/userservice/cruises
2026-02-11 16:44:22 [userService,/] ERROR o.g.u.s.CustomAuthenticationEntryPoint
                - Authentication failure: Full authentication is required to access this resource 
2026-02-11 16:44:22 [userService,/] DEBUG o.g.u.filter.JwtAuthenticationFilter
                - No Authorization header or invalid format for request: /api/v1/userservice/cruises
2026-02-11 16:44:22 [userService,/] ERROR o.g.u.s.CustomAuthenticationEntryPoint
                - Authentication failure: Full authentication is required to access this resource 
2026-02-11 16:44:32 [userService,/] DEBUG o.g.u.filter.JwtAuthenticationFilter
                - No Authorization header or invalid format for request: /api/v1/userservice/cruises
2026-02-11 16:44:32 [userService,/] ERROR o.g.u.s.CustomAuthenticationEntryPoint
                - Authentication failure: Full authentication is required to access this resource 
2026-02-11 16:44:32 [userService,/] DEBUG o.g.u.filter.JwtAuthenticationFilter
                - No Authorization header or invalid format for request: /api/v1/userservice/cruises
2026-02-11 16:44:32 [userService,/] ERROR o.g.u.s.CustomAuthenticationEntryPoint
                - Authentication failure: Full authentication is required to access this resource 
2026-02-11 16:44:42 [userService,/] DEBUG o.g.u.filter.JwtAuthenticationFilter
                - No Authorization header or invalid format for request: /api/v1/userservice/cruises
2026-02-11 16:44:42 [userService,/] ERROR o.g.u.s.CustomAuthenticationEntryPoint
                - Authentication failure: Full authentication is required to access this resource 
2026-02-11 16:44:42 [userService,/] DEBUG o.g.u.filter.JwtAuthenticationFilter
                - No Authorization header or invalid format for request: /api/v1/userservice/cruises
2026-02-11 16:44:42 [userService,/] ERROR o.g.u.s.CustomAuthenticationEntryPoint
                - Authentication failure: Full authentication is required to access this resource 
2026-02-11 16:45:03 [userService,/] DEBUG o.g.u.filter.JwtAuthenticationFilter
                - No Authorization header or invalid format for request: /api/v1/userservice/cruises
2026-02-11 16:45:03 [userService,/] ERROR o.g.u.s.CustomAuthenticationEntryPoint
                - Authentication failure: Full authentication is required to access this resource 
2026-02-11 16:45:03 [userService,/] DEBUG o.g.u.filter.JwtAuthenticationFilter
                - No Authorization header or invalid format for request: /api/v1/userservice/cruises
2026-02-11 16:45:03 [userService,/] ERROR o.g.u.s.CustomAuthenticationEntryPoint
                - Authentication failure: Full authentication is required to access this resource 
2026-02-11 16:45:59 [userService,/] DEBUG o.g.u.filter.JwtAuthenticationFilter
                - No Authorization header or invalid format for request: /api/v1/userservice/cruises
2026-02-11 16:45:59 [userService,/] ERROR o.g.u.s.CustomAuthenticationEntryPoint
                - Authentication failure: Full authentication is required to access this resource 
2026-02-11 16:45:59 [userService,/] DEBUG o.g.u.filter.JwtAuthenticationFilter
                - No Authorization header or invalid format for request: /api/v1/userservice/cruises
2026-02-11 16:45:59 [userService,/] ERROR o.g.u.s.CustomAuthenticationEntryPoint
                - Authentication failure: Full authentication is required to access this resource 
2026-02-11 16:48:50 [userService,/] DEBUG o.g.u.filter.JwtAuthenticationFilter
                - No Authorization header or invalid format for request: /api/v1/userservice/auth/login
2026-02-11 16:48:50 [userService,/] ERROR o.g.u.s.CustomAuthenticationEntryPoint
                - Authentication failure: Full authentication is required to access this resource 
2026-02-11 16:49:02 [userService,/] DEBUG o.g.u.filter.JwtAuthenticationFilter
                - No Authorization header or invalid format for request: /api/v1/userservice/auth/login
2026-02-11 16:49:02 [userService,/] ERROR o.g.u.s.CustomAuthenticationEntryPoint
                - Authentication failure: Full authentication is required to access this resource 
2026-02-11 16:49:52 [userService,/] DEBUG o.g.u.filter.JwtAuthenticationFilter
                - No Authorization header or invalid format for request: /api/v1/userservice/cruises
2026-02-11 16:49:52 [userService,/] ERROR o.g.u.s.CustomAuthenticationEntryPoint
                - Authentication failure: Full authentication is required to access this resource 
2026-02-11 16:49:52 [userService,/] DEBUG o.g.u.filter.JwtAuthenticationFilter
                - No Authorization header or invalid format for request: /api/v1/userservice/cruises
2026-02-11 16:49:52 [userService,/] ERROR o.g.u.s.CustomAuthenticationEntryPoint
                - Authentication failure: Full authentication is required to access this resource 
2026-02-11 16:51:35 [userService,/] DEBUG o.g.u.filter.JwtAuthenticationFilter
                - No Authorization header or invalid format for request: /api/v1/userservice/auth/login
2026-02-11 16:51:35 [userService,/] ERROR o.g.u.s.CustomAuthenticationEntryPoint
                - Authentication failure: Full authentication is required to access this resource 
2026-02-11 16:51:52 [userService,/] DEBUG o.g.u.filter.JwtAuthenticationFilter
                - No Authorization header or invalid format for request: /api/v1/userservice/auth/login
2026-02-11 16:51:52 [userService,/] ERROR o.g.u.s.CustomAuthenticationEntryPoint
                - Authentication failure: Full authentication is required to access this resource 
2026-02-11 16:53:24 [userService,/] DEBUG o.g.u.filter.JwtAuthenticationFilter
                - No Authorization header or invalid format for request: /api/v1/userservice/auth/login
2026-02-11 16:53:24 [userService,/] ERROR o.g.u.s.CustomAuthenticationEntryPoint
                - Authentication failure: Full authentication is required to access this resource 
2026-02-11 16:56:13 [userService,/] DEBUG o.g.u.filter.JwtAuthenticationFilter
                - No Authorization header or invalid format for request: /api/v1/userservice/cruises
2026-02-11 16:56:13 [userService,/] ERROR o.g.u.s.CustomAuthenticationEntryPoint
                - Authentication failure: Full authentication is required to access this resource 
2026-02-11 16:56:13 [userService,/] DEBUG o.g.u.filter.JwtAuthenticationFilter
                - No Authorization header or invalid format for request: /api/v1/userservice/cruises
2026-02-11 16:56:13 [userService,/] ERROR o.g.u.s.CustomAuthenticationEntryPoint
                - Authentication failure: Full authentication is required to access this resource 
2026-02-11 16:56:13 [userService,/] DEBUG o.g.u.filter.JwtAuthenticationFilter
                - No Authorization header or invalid format for request: /api/v1/userservice/cruises
2026-02-11 16:56:13 [userService,/] ERROR o.g.u.s.CustomAuthenticationEntryPoint
                - Authentication failure: Full authentication is required to access this resource 
2026-02-11 16:56:13 [userService,/] DEBUG o.g.u.filter.JwtAuthenticationFilter
                - No Authorization header or invalid format for request: /api/v1/userservice/cruises
2026-02-11 16:56:13 [userService,/] ERROR o.g.u.s.CustomAuthenticationEntryPoint
                - Authentication failure: Full authentication is required to access this resource 
2026-02-11 16:56:21 [userService,/] DEBUG o.g.u.filter.JwtAuthenticationFilter
                - No Authorization header or invalid format for request: /api/v1/userservice/cruises
2026-02-11 16:56:21 [userService,/] ERROR o.g.u.s.CustomAuthenticationEntryPoint
                - Authentication failure: Full authentication is required to access this resource 
2026-02-11 16:56:21 [userService,/] DEBUG o.g.u.filter.JwtAuthenticationFilter
                - No Authorization header or invalid format for request: /api/v1/userservice/cruises
2026-02-11 16:56:21 [userService,/] ERROR o.g.u.s.CustomAuthenticationEntryPoint
                - Authentication failure: Full authentication is required to access this resource 
2026-02-11 16:57:00 [userService,/] DEBUG o.g.u.filter.JwtAuthenticationFilter
                - No Authorization header or invalid format for request: /api/v1/userservice/cruises
2026-02-11 16:57:00 [userService,/] ERROR o.g.u.s.CustomAuthenticationEntryPoint
                - Authentication failure: Full authentication is required to access this resource 
2026-02-11 16:57:00 [userService,/] DEBUG o.g.u.filter.JwtAuthenticationFilter
                - No Authorization header or invalid format for request: /api/v1/userservice/cruises
2026-02-11 16:57:00 [userService,/] ERROR o.g.u.s.CustomAuthenticationEntryPoint
                - Authentication failure: Full authentication is required to access this resource 
2026-02-11 16:58:16 [userService,/] DEBUG o.g.u.filter.JwtAuthenticationFilter
                - No Authorization header or invalid format for request: /api/v1/userservice/cruises
2026-02-11 16:58:16 [userService,/] ERROR o.g.u.s.CustomAuthenticationEntryPoint
                - Authentication failure: Full authentication is required to access this resource 
2026-02-11 16:58:16 [userService,/] DEBUG o.g.u.filter.JwtAuthenticationFilter
                - No Authorization header or invalid format for request: /api/v1/userservice/cruises
2026-02-11 16:58:16 [userService,/] ERROR o.g.u.s.CustomAuthenticationEntryPoint
                - Authentication failure: Full authentication is required to access this resource 
2026-02-11 17:01:59 [userService,/] DEBUG o.g.u.filter.JwtAuthenticationFilter
                - No Authorization header or invalid format for request: /cruises
2026-02-11 17:01:59 [userService,/] ERROR o.g.u.s.CustomAuthenticationEntryPoint
                - Authentication failure: Full authentication is required to access this resource 
2026-02-11 17:01:59 [userService,/] DEBUG o.g.u.filter.JwtAuthenticationFilter
                - No Authorization header or invalid format for request: /cruises
2026-02-11 17:01:59 [userService,/] ERROR o.g.u.s.CustomAuthenticationEntryPoint
                - Authentication failure: Full authentication is required to access this resource 
2026-02-11 17:12:29 [userService,/] DEBUG o.g.u.filter.JwtAuthenticationFilter
                - No Authorization header or invalid format for request: /cruises
2026-02-11 17:12:29 [userService,/] ERROR o.g.u.s.CustomAuthenticationEntryPoint
                - Authentication failure: Full authentication is required to access this resource 
2026-02-11 17:12:29 [userService,/] DEBUG o.g.u.filter.JwtAuthenticationFilter
                - No Authorization header or invalid format for request: /cruises
2026-02-11 17:12:29 [userService,/] ERROR o.g.u.s.CustomAuthenticationEntryPoint
                - Authentication failure: Full authentication is required to access this resource 
2026-02-11 17:14:03 [userService,/] DEBUG o.g.u.filter.JwtAuthenticationFilter
                - No Authorization header or invalid format for request: /cruises
2026-02-11 17:14:03 [userService,/] ERROR o.g.u.s.CustomAuthenticationEntryPoint
                - Authentication failure: Full authentication is required to access this resource 
2026-02-11 17:14:03 [userService,/] DEBUG o.g.u.filter.JwtAuthenticationFilter
                - No Authorization header or invalid format for request: /cruises
2026-02-11 17:14:03 [userService,/] ERROR o.g.u.s.CustomAuthenticationEntryPoint
                - Authentication failure: Full authentication is required to access this resource 
2026-02-11 17:15:23 [userService,/] INFO  o.s.b.w.e.tomcat.GracefulShutdown
                - Commencing graceful shutdown. Waiting for active requests to complete
2026-02-11 17:15:23 [userService,/] INFO  o.s.b.w.e.tomcat.GracefulShutdown
                - Graceful shutdown complete
2026-02-11 17:15:23 [userService,/] INFO  o.s.b.w.e.tomcat.GracefulShutdown
                - Commencing graceful shutdown. Waiting for active requests to complete
2026-02-11 17:15:23 [userService,/] INFO  o.s.b.w.e.tomcat.GracefulShutdown
                - Graceful shutdown complete
2026-02-11 17:15:23 [userService,/] INFO  o.s.o.j.LocalContainerEntityManagerFactoryBean
                - Closing JPA EntityManagerFactory for persistence unit 'default'
2026-02-11 17:15:23 [userService,/] INFO  com.zaxxer.hikari.HikariDataSource
                - HikariPool-1 - Shutdown initiated...
2026-02-11 17:15:23 [userService,/] INFO  com.zaxxer.hikari.HikariDataSource
                - HikariPool-1 - Shutdown completed.
2026-02-11 17:15:29 [userService,/] INFO  o.g.u.UserManagementServiceApplication
                - Starting UserManagementServiceApplication using Java 25 with PID 16800 (C:\Users\2464280\gencWorkspaces\practiceWorkspace\cruisemate-registration\target\classes started by 2464280 in C:\Users\2464280\gencWorkspaces\practiceWorkspace\cruisemate-registration)
2026-02-11 17:15:29 [userService,/] DEBUG o.g.u.UserManagementServiceApplication
                - Running with Spring Boot v3.5.6, Spring v6.2.11
2026-02-11 17:15:29 [userService,/] INFO  o.g.u.UserManagementServiceApplication
                - The following 1 profile is active: "genc"
2026-02-11 17:15:30 [userService,/] INFO  o.s.d.r.c.RepositoryConfigurationDelegate
                - Bootstrapping Spring Data JPA repositories in DEFAULT mode.
2026-02-11 17:15:31 [userService,/] INFO  o.s.d.r.c.RepositoryConfigurationDelegate
                - Finished Spring Data repository scanning in 201 ms. Found 2 JPA repository interfaces.
2026-02-11 17:15:31 [userService,/] INFO  o.s.cloud.context.scope.GenericScope
                - BeanFactory id=9bee316d-2ab0-3fef-9ae8-11485ce981d2
2026-02-11 17:15:31 [userService,/] INFO  o.s.b.w.e.tomcat.TomcatWebServer
                - Tomcat initialized with port 8086 (http)
2026-02-11 17:15:31 [userService,/] INFO  o.a.catalina.core.StandardService
                - Starting service [Tomcat]
2026-02-11 17:15:31 [userService,/] INFO  o.a.catalina.core.StandardEngine
                - Starting Servlet engine: [Apache Tomcat/10.1.46]
2026-02-11 17:15:32 [userService,/] INFO  o.a.c.c.C.[Tomcat].[localhost].[/]
                - Initializing Spring embedded WebApplicationContext
2026-02-11 17:15:32 [userService,/] INFO  o.s.b.w.s.c.ServletWebServerApplicationContext
                - Root WebApplicationContext: initialization completed in 2901 ms
2026-02-11 17:15:32 [userService,/] INFO  o.h.jpa.internal.util.LogHelper
                - HHH000204: Processing PersistenceUnitInfo [name: default]
2026-02-11 17:15:32 [userService,/] INFO  org.hibernate.Version
                - HHH000412: Hibernate ORM core version 6.6.29.Final
2026-02-11 17:15:32 [userService,/] INFO  o.h.c.i.RegionFactoryInitiator
                - HHH000026: Second-level cache disabled
2026-02-11 17:15:32 [userService,/] INFO  o.s.o.j.p.SpringPersistenceUnitInfo
                - No LoadTimeWeaver setup: ignoring JPA class transformer
2026-02-11 17:15:32 [userService,/] INFO  com.zaxxer.hikari.HikariDataSource
                - HikariPool-1 - Starting...
2026-02-11 17:15:33 [userService,/] INFO  com.zaxxer.hikari.pool.HikariPool
                - HikariPool-1 - Added connection com.mysql.cj.jdbc.ConnectionImpl@6a97517
2026-02-11 17:15:33 [userService,/] INFO  com.zaxxer.hikari.HikariDataSource
                - HikariPool-1 - Start completed.
2026-02-11 17:15:33 [userService,/] WARN  org.hibernate.orm.deprecation
                - HHH90000025: MySQLDialect does not need to be specified explicitly using 'hibernate.dialect' (remove the property setting and it will be selected by default)
2026-02-11 17:15:33 [userService,/] INFO  o.hibernate.orm.connections.pooling
                - HHH10001005: Database info:
	Database JDBC URL [Connecting through datasource 'HikariDataSource (HikariPool-1)']
	Database driver: undefined/unknown
	Database version: 8.0.44
	Autocommit mode: undefined/unknown
	Isolation level: undefined/unknown
	Minimum pool size: undefined/unknown
	Maximum pool size: undefined/unknown
2026-02-11 17:15:34 [userService,/] INFO  o.h.e.t.j.p.i.JtaPlatformInitiator
                - HHH000489: No JTA platform available (set 'hibernate.transaction.jta.platform' to enable JTA platform integration)
2026-02-11 17:15:34 [userService,/] INFO  o.s.o.j.LocalContainerEntityManagerFactoryBean
                - Initialized JPA EntityManagerFactory for persistence unit 'default'
2026-02-11 17:15:34 [userService,/] DEBUG o.g.u.filter.JwtAuthenticationFilter
                - Filter 'jwtAuthenticationFilter' configured for use
2026-02-11 17:15:34 [userService,/] INFO  o.s.s.c.a.a.c.InitializeUserDetailsBeanManagerConfigurer$InitializeUserDetailsManagerConfigurer
                - Global AuthenticationManager configured with UserDetailsService bean with name customUserDetailsService
2026-02-11 17:15:34 [userService,/] WARN  o.s.b.a.o.j.JpaBaseConfiguration$JpaWebConfiguration
                - spring.jpa.open-in-view is enabled by default. Therefore, database queries may be performed during view rendering. Explicitly configure spring.jpa.open-in-view to disable this warning
2026-02-11 17:15:35 [userService,/] INFO  o.s.c.n.e.c.DiscoveryClientOptionalArgsConfiguration
                - Eureka HTTP Client uses RestTemplate.
2026-02-11 17:15:35 [userService,/] WARN  o.s.c.l.c.LoadBalancerCacheAutoConfiguration$LoadBalancerCaffeineWarnLogger
                - Spring Cloud LoadBalancer is currently working with the default cache. While this cache implementation is useful for development and tests, it's recommended to use Caffeine cache in production.You can switch to using Caffeine cache, by adding it and org.springframework.cache.caffeine.CaffeineCacheManager to the classpath.
2026-02-11 17:15:35 [userService,/] INFO  o.s.b.w.e.tomcat.TomcatWebServer
                - Tomcat started on port 8086 (http) with context path '/'
2026-02-11 17:15:35 [userService,/] INFO  o.s.b.w.e.tomcat.TomcatWebServer
                - Tomcat initialized with port 8090 (http)
2026-02-11 17:15:35 [userService,/] INFO  o.a.catalina.core.StandardService
                - Starting service [Tomcat]
2026-02-11 17:15:35 [userService,/] INFO  o.a.catalina.core.StandardEngine
                - Starting Servlet engine: [Apache Tomcat/10.1.46]
2026-02-11 17:15:35 [userService,/] INFO  o.a.c.c.C.[Tomcat-1].[localhost].[/]
                - Initializing Spring embedded WebApplicationContext
2026-02-11 17:15:35 [userService,/] INFO  o.s.b.w.s.c.ServletWebServerApplicationContext
                - Root WebApplicationContext: initialization completed in 118 ms
2026-02-11 17:15:35 [userService,/] INFO  o.s.b.a.e.web.EndpointLinksResolver
                - Exposing 16 endpoints beneath base path '/actuator'
2026-02-11 17:15:36 [userService,/] INFO  o.s.b.w.e.tomcat.TomcatWebServer
                - Tomcat started on port 8090 (http) with context path '/'
2026-02-11 17:15:36 [userService,/] INFO  o.g.u.UserManagementServiceApplication
                - Started UserManagementServiceApplication in 7.521 seconds (process running for 8.31)
2026-02-11 17:15:36 [userService,/] INFO  o.g.u.UserManagementServiceApplication
                - UserManagementServiceApplication booted up and running
2026-02-11 17:15:48 [userService,/] INFO  o.a.c.c.C.[Tomcat].[localhost].[/]
                - Initializing Spring DispatcherServlet 'dispatcherServlet'
2026-02-11 17:15:48 [userService,/] INFO  o.s.web.servlet.DispatcherServlet
                - Initializing Servlet 'dispatcherServlet'
2026-02-11 17:15:48 [userService,/] INFO  o.s.web.servlet.DispatcherServlet
                - Completed initialization in 1 ms
2026-02-11 17:15:48 [userService,/] DEBUG o.g.u.filter.JwtAuthenticationFilter
                - No Authorization header or invalid format for request: /cruises
2026-02-11 17:15:48 [userService,/] ERROR o.g.u.s.CustomAuthenticationEntryPoint
                - Authentication failure: Full authentication is required to access this resource 
2026-02-11 17:15:48 [userService,/] DEBUG o.g.u.filter.JwtAuthenticationFilter
                - No Authorization header or invalid format for request: /cruises
2026-02-11 17:15:48 [userService,/] ERROR o.g.u.s.CustomAuthenticationEntryPoint
                - Authentication failure: Full authentication is required to access this resource 
2026-02-11 17:15:59 [userService,/] DEBUG o.g.u.filter.JwtAuthenticationFilter
                - No Authorization header or invalid format for request: /cruises
2026-02-11 17:15:59 [userService,/] ERROR o.g.u.s.CustomAuthenticationEntryPoint
                - Authentication failure: Full authentication is required to access this resource 
2026-02-11 17:15:59 [userService,/] DEBUG o.g.u.filter.JwtAuthenticationFilter
                - No Authorization header or invalid format for request: /cruises
2026-02-11 17:15:59 [userService,/] ERROR o.g.u.s.CustomAuthenticationEntryPoint
                - Authentication failure: Full authentication is required to access this resource 
2026-02-11 17:18:12 [userService,/] DEBUG o.g.u.filter.JwtAuthenticationFilter
                - No Authorization header or invalid format for request: /cruises
2026-02-11 17:18:12 [userService,/] ERROR o.g.u.s.CustomAuthenticationEntryPoint
                - Authentication failure: Full authentication is required to access this resource 
2026-02-11 17:18:12 [userService,/] DEBUG o.g.u.filter.JwtAuthenticationFilter
                - No Authorization header or invalid format for request: /cruises
2026-02-11 17:18:12 [userService,/] ERROR o.g.u.s.CustomAuthenticationEntryPoint
                - Authentication failure: Full authentication is required to access this resource 
2026-02-11 17:18:36 [userService,/] ERROR o.g.u.filter.JwtAuthenticationFilter
                - Error extracting username from token: Invalid compact JWT string: Compact JWSs must contain exactly 2 period characters, and compact JWEs must contain exactly 4.  Found: 5
2026-02-11 17:18:36 [userService,/] ERROR o.g.u.s.CustomAuthenticationEntryPoint
                - Authentication failure: Full authentication is required to access this resource 
2026-02-11 17:18:36 [userService,/] ERROR o.g.u.filter.JwtAuthenticationFilter
                - Error extracting username from token: Invalid compact JWT string: Compact JWSs must contain exactly 2 period characters, and compact JWEs must contain exactly 4.  Found: 5
2026-02-11 17:18:36 [userService,/] ERROR o.g.u.s.CustomAuthenticationEntryPoint
                - Authentication failure: Full authentication is required to access this resource 
2026-02-11 17:18:42 [userService,/] DEBUG o.g.u.filter.JwtAuthenticationFilter
                - No Authorization header or invalid format for request: /cruises
2026-02-11 17:18:42 [userService,/] ERROR o.g.u.s.CustomAuthenticationEntryPoint
                - Authentication failure: Full authentication is required to access this resource 
2026-02-11 17:18:42 [userService,/] DEBUG o.g.u.filter.JwtAuthenticationFilter
                - No Authorization header or invalid format for request: /cruises
2026-02-11 17:18:42 [userService,/] ERROR o.g.u.s.CustomAuthenticationEntryPoint
                - Authentication failure: Full authentication is required to access this resource 
2026-02-11 17:19:18 [userService,/] DEBUG o.g.u.filter.JwtAuthenticationFilter
                - No Authorization header or invalid format for request: /cruises
2026-02-11 17:19:18 [userService,/] ERROR o.g.u.s.CustomAuthenticationEntryPoint
                - Authentication failure: Full authentication is required to access this resource 
2026-02-11 17:19:18 [userService,/] DEBUG o.g.u.filter.JwtAuthenticationFilter
                - No Authorization header or invalid format for request: /cruises
2026-02-11 17:19:18 [userService,/] ERROR o.g.u.s.CustomAuthenticationEntryPoint
                - Authentication failure: Full authentication is required to access this resource 
2026-02-11 17:19:44 [userService,/] INFO  o.s.b.w.e.tomcat.GracefulShutdown
                - Commencing graceful shutdown. Waiting for active requests to complete
2026-02-11 17:19:44 [userService,/] INFO  o.s.b.w.e.tomcat.GracefulShutdown
                - Graceful shutdown complete
2026-02-11 17:19:44 [userService,/] INFO  o.s.b.w.e.tomcat.GracefulShutdown
                - Commencing graceful shutdown. Waiting for active requests to complete
2026-02-11 17:19:44 [userService,/] INFO  o.s.b.w.e.tomcat.GracefulShutdown
                - Graceful shutdown complete
2026-02-11 17:19:44 [userService,/] INFO  o.s.o.j.LocalContainerEntityManagerFactoryBean
                - Closing JPA EntityManagerFactory for persistence unit 'default'
2026-02-11 17:19:44 [userService,/] INFO  com.zaxxer.hikari.HikariDataSource
                - HikariPool-1 - Shutdown initiated...
2026-02-11 17:19:44 [userService,/] INFO  com.zaxxer.hikari.HikariDataSource
                - HikariPool-1 - Shutdown completed.
2026-02-11 17:19:49 [userService,/] INFO  o.g.u.UserManagementServiceApplication
                - Starting UserManagementServiceApplication using Java 25 with PID 5396 (C:\Users\2464280\gencWorkspaces\practiceWorkspace\cruisemate-registration\target\classes started by 2464280 in C:\Users\2464280\gencWorkspaces\practiceWorkspace\cruisemate-registration)
2026-02-11 17:19:49 [userService,/] DEBUG o.g.u.UserManagementServiceApplication
                - Running with Spring Boot v3.5.6, Spring v6.2.11
2026-02-11 17:19:49 [userService,/] INFO  o.g.u.UserManagementServiceApplication
                - The following 1 profile is active: "genc"
2026-02-11 17:19:51 [userService,/] INFO  o.s.d.r.c.RepositoryConfigurationDelegate
                - Bootstrapping Spring Data JPA repositories in DEFAULT mode.
2026-02-11 17:19:51 [userService,/] INFO  o.s.d.r.c.RepositoryConfigurationDelegate
                - Finished Spring Data repository scanning in 155 ms. Found 2 JPA repository interfaces.
2026-02-11 17:19:51 [userService,/] INFO  o.s.cloud.context.scope.GenericScope
                - BeanFactory id=9bee316d-2ab0-3fef-9ae8-11485ce981d2
2026-02-11 17:19:51 [userService,/] INFO  o.s.b.w.e.tomcat.TomcatWebServer
                - Tomcat initialized with port 8086 (http)
2026-02-11 17:19:51 [userService,/] INFO  o.a.catalina.core.StandardService
                - Starting service [Tomcat]
2026-02-11 17:19:51 [userService,/] INFO  o.a.catalina.core.StandardEngine
                - Starting Servlet engine: [Apache Tomcat/10.1.46]
2026-02-11 17:19:52 [userService,/] INFO  o.a.c.c.C.[Tomcat].[localhost].[/]
                - Initializing Spring embedded WebApplicationContext
2026-02-11 17:19:52 [userService,/] INFO  o.s.b.w.s.c.ServletWebServerApplicationContext
                - Root WebApplicationContext: initialization completed in 2425 ms
2026-02-11 17:19:52 [userService,/] INFO  o.h.jpa.internal.util.LogHelper
                - HHH000204: Processing PersistenceUnitInfo [name: default]
2026-02-11 17:19:52 [userService,/] INFO  org.hibernate.Version
                - HHH000412: Hibernate ORM core version 6.6.29.Final
2026-02-11 17:19:52 [userService,/] INFO  o.h.c.i.RegionFactoryInitiator
                - HHH000026: Second-level cache disabled
2026-02-11 17:19:52 [userService,/] INFO  o.s.o.j.p.SpringPersistenceUnitInfo
                - No LoadTimeWeaver setup: ignoring JPA class transformer
2026-02-11 17:19:52 [userService,/] INFO  com.zaxxer.hikari.HikariDataSource
                - HikariPool-1 - Starting...
2026-02-11 17:19:52 [userService,/] INFO  com.zaxxer.hikari.pool.HikariPool
                - HikariPool-1 - Added connection com.mysql.cj.jdbc.ConnectionImpl@2f2f92f
2026-02-11 17:19:52 [userService,/] INFO  com.zaxxer.hikari.HikariDataSource
                - HikariPool-1 - Start completed.
2026-02-11 17:19:52 [userService,/] WARN  org.hibernate.orm.deprecation
                - HHH90000025: MySQLDialect does not need to be specified explicitly using 'hibernate.dialect' (remove the property setting and it will be selected by default)
2026-02-11 17:19:53 [userService,/] INFO  o.hibernate.orm.connections.pooling
                - HHH10001005: Database info:
	Database JDBC URL [Connecting through datasource 'HikariDataSource (HikariPool-1)']
	Database driver: undefined/unknown
	Database version: 8.0.44
	Autocommit mode: undefined/unknown
	Isolation level: undefined/unknown
	Minimum pool size: undefined/unknown
	Maximum pool size: undefined/unknown
2026-02-11 17:19:53 [userService,/] INFO  o.h.e.t.j.p.i.JtaPlatformInitiator
                - HHH000489: No JTA platform available (set 'hibernate.transaction.jta.platform' to enable JTA platform integration)
2026-02-11 17:19:53 [userService,/] INFO  o.s.o.j.LocalContainerEntityManagerFactoryBean
                - Initialized JPA EntityManagerFactory for persistence unit 'default'
2026-02-11 17:19:54 [userService,/] DEBUG o.g.u.filter.JwtAuthenticationFilter
                - Filter 'jwtAuthenticationFilter' configured for use
2026-02-11 17:19:54 [userService,/] INFO  o.s.s.c.a.a.c.InitializeUserDetailsBeanManagerConfigurer$InitializeUserDetailsManagerConfigurer
                - Global AuthenticationManager configured with UserDetailsService bean with name customUserDetailsService
2026-02-11 17:19:54 [userService,/] WARN  o.s.b.a.o.j.JpaBaseConfiguration$JpaWebConfiguration
                - spring.jpa.open-in-view is enabled by default. Therefore, database queries may be performed during view rendering. Explicitly configure spring.jpa.open-in-view to disable this warning
2026-02-11 17:19:55 [userService,/] INFO  o.s.c.n.e.c.DiscoveryClientOptionalArgsConfiguration
                - Eureka HTTP Client uses RestTemplate.
2026-02-11 17:19:55 [userService,/] WARN  o.s.c.l.c.LoadBalancerCacheAutoConfiguration$LoadBalancerCaffeineWarnLogger
                - Spring Cloud LoadBalancer is currently working with the default cache. While this cache implementation is useful for development and tests, it's recommended to use Caffeine cache in production.You can switch to using Caffeine cache, by adding it and org.springframework.cache.caffeine.CaffeineCacheManager to the classpath.
2026-02-11 17:19:55 [userService,/] INFO  o.s.b.w.e.tomcat.TomcatWebServer
                - Tomcat started on port 8086 (http) with context path '/'
2026-02-11 17:19:55 [userService,/] INFO  o.s.b.w.e.tomcat.TomcatWebServer
                - Tomcat initialized with port 8090 (http)
2026-02-11 17:19:55 [userService,/] INFO  o.a.catalina.core.StandardService
                - Starting service [Tomcat]
2026-02-11 17:19:55 [userService,/] INFO  o.a.catalina.core.StandardEngine
                - Starting Servlet engine: [Apache Tomcat/10.1.46]
2026-02-11 17:19:55 [userService,/] INFO  o.a.c.c.C.[Tomcat-1].[localhost].[/]
                - Initializing Spring embedded WebApplicationContext
2026-02-11 17:19:55 [userService,/] INFO  o.s.b.w.s.c.ServletWebServerApplicationContext
                - Root WebApplicationContext: initialization completed in 109 ms
2026-02-11 17:19:55 [userService,/] INFO  o.s.b.a.e.web.EndpointLinksResolver
                - Exposing 16 endpoints beneath base path '/actuator'
2026-02-11 17:19:55 [userService,/] INFO  o.s.b.w.e.tomcat.TomcatWebServer
                - Tomcat started on port 8090 (http) with context path '/'
2026-02-11 17:19:55 [userService,/] INFO  o.g.u.UserManagementServiceApplication
                - Started UserManagementServiceApplication in 6.698 seconds (process running for 7.49)
2026-02-11 17:19:55 [userService,/] INFO  o.g.u.UserManagementServiceApplication
                - UserManagementServiceApplication booted up and running
2026-02-11 17:20:16 [userService,/] INFO  o.a.c.c.C.[Tomcat].[localhost].[/]
                - Initializing Spring DispatcherServlet 'dispatcherServlet'
2026-02-11 17:20:16 [userService,/] INFO  o.s.web.servlet.DispatcherServlet
                - Initializing Servlet 'dispatcherServlet'
2026-02-11 17:20:16 [userService,/] INFO  o.s.web.servlet.DispatcherServlet
                - Completed initialization in 0 ms
2026-02-11 17:20:16 [userService,/] DEBUG o.g.u.filter.JwtAuthenticationFilter
                - No Authorization header or invalid format for request: /cruises
2026-02-11 17:20:16 [userService,/] ERROR o.g.u.s.CustomAuthenticationEntryPoint
                - Authentication failure: Full authentication is required to access this resource 
2026-02-11 17:20:16 [userService,/] DEBUG o.g.u.filter.JwtAuthenticationFilter
                - No Authorization header or invalid format for request: /cruises
2026-02-11 17:20:16 [userService,/] ERROR o.g.u.s.CustomAuthenticationEntryPoint
                - Authentication failure: Full authentication is required to access this resource 
2026-02-11 17:20:58 [userService,/] INFO  o.s.b.w.e.tomcat.GracefulShutdown
                - Commencing graceful shutdown. Waiting for active requests to complete
2026-02-11 17:20:58 [userService,/] INFO  o.s.b.w.e.tomcat.GracefulShutdown
                - Graceful shutdown complete
2026-02-11 17:20:58 [userService,/] INFO  o.s.b.w.e.tomcat.GracefulShutdown
                - Commencing graceful shutdown. Waiting for active requests to complete
2026-02-11 17:20:58 [userService,/] INFO  o.s.b.w.e.tomcat.GracefulShutdown
                - Graceful shutdown complete
2026-02-11 17:20:58 [userService,/] INFO  o.s.o.j.LocalContainerEntityManagerFactoryBean
                - Closing JPA EntityManagerFactory for persistence unit 'default'
2026-02-11 17:20:58 [userService,/] INFO  com.zaxxer.hikari.HikariDataSource
                - HikariPool-1 - Shutdown initiated...
2026-02-11 17:20:58 [userService,/] INFO  com.zaxxer.hikari.HikariDataSource
                - HikariPool-1 - Shutdown completed.
2026-02-11 17:21:39 [userService,/] INFO  o.g.u.UserManagementServiceApplication
                - Starting UserManagementServiceApplication using Java 25 with PID 22768 (C:\Users\2464280\gencWorkspaces\practiceWorkspace\cruisemate-registration\target\classes started by 2464280 in C:\Users\2464280\gencWorkspaces\practiceWorkspace\cruisemate-registration)
2026-02-11 17:21:39 [userService,/] DEBUG o.g.u.UserManagementServiceApplication
                - Running with Spring Boot v3.5.6, Spring v6.2.11
2026-02-11 17:21:39 [userService,/] INFO  o.g.u.UserManagementServiceApplication
                - The following 1 profile is active: "genc"
2026-02-11 17:21:41 [userService,/] INFO  o.s.d.r.c.RepositoryConfigurationDelegate
                - Bootstrapping Spring Data JPA repositories in DEFAULT mode.
2026-02-11 17:21:41 [userService,/] INFO  o.s.d.r.c.RepositoryConfigurationDelegate
                - Finished Spring Data repository scanning in 138 ms. Found 2 JPA repository interfaces.
2026-02-11 17:21:41 [userService,/] INFO  o.s.cloud.context.scope.GenericScope
                - BeanFactory id=9bee316d-2ab0-3fef-9ae8-11485ce981d2
2026-02-11 17:21:42 [userService,/] INFO  o.s.b.w.e.tomcat.TomcatWebServer
                - Tomcat initialized with port 8086 (http)
2026-02-11 17:21:42 [userService,/] INFO  o.a.catalina.core.StandardService
                - Starting service [Tomcat]
2026-02-11 17:21:42 [userService,/] INFO  o.a.catalina.core.StandardEngine
                - Starting Servlet engine: [Apache Tomcat/10.1.46]
2026-02-11 17:21:42 [userService,/] INFO  o.a.c.c.C.[Tomcat].[localhost].[/]
                - Initializing Spring embedded WebApplicationContext
2026-02-11 17:21:42 [userService,/] INFO  o.s.b.w.s.c.ServletWebServerApplicationContext
                - Root WebApplicationContext: initialization completed in 2167 ms
2026-02-11 17:21:42 [userService,/] INFO  o.h.jpa.internal.util.LogHelper
                - HHH000204: Processing PersistenceUnitInfo [name: default]
2026-02-11 17:21:42 [userService,/] INFO  org.hibernate.Version
                - HHH000412: Hibernate ORM core version 6.6.29.Final
2026-02-11 17:21:42 [userService,/] INFO  o.h.c.i.RegionFactoryInitiator
                - HHH000026: Second-level cache disabled
2026-02-11 17:21:42 [userService,/] INFO  o.s.o.j.p.SpringPersistenceUnitInfo
                - No LoadTimeWeaver setup: ignoring JPA class transformer
2026-02-11 17:21:42 [userService,/] INFO  com.zaxxer.hikari.HikariDataSource
                - HikariPool-1 - Starting...
2026-02-11 17:21:43 [userService,/] INFO  com.zaxxer.hikari.pool.HikariPool
                - HikariPool-1 - Added connection com.mysql.cj.jdbc.ConnectionImpl@284b487f
2026-02-11 17:21:43 [userService,/] INFO  com.zaxxer.hikari.HikariDataSource
                - HikariPool-1 - Start completed.
2026-02-11 17:21:43 [userService,/] WARN  org.hibernate.orm.deprecation
                - HHH90000025: MySQLDialect does not need to be specified explicitly using 'hibernate.dialect' (remove the property setting and it will be selected by default)
2026-02-11 17:21:43 [userService,/] INFO  o.hibernate.orm.connections.pooling
                - HHH10001005: Database info:
	Database JDBC URL [Connecting through datasource 'HikariDataSource (HikariPool-1)']
	Database driver: undefined/unknown
	Database version: 8.0.44
	Autocommit mode: undefined/unknown
	Isolation level: undefined/unknown
	Minimum pool size: undefined/unknown
	Maximum pool size: undefined/unknown
2026-02-11 17:21:43 [userService,/] INFO  o.h.e.t.j.p.i.JtaPlatformInitiator
                - HHH000489: No JTA platform available (set 'hibernate.transaction.jta.platform' to enable JTA platform integration)
2026-02-11 17:21:44 [userService,/] INFO  o.s.o.j.LocalContainerEntityManagerFactoryBean
                - Initialized JPA EntityManagerFactory for persistence unit 'default'
2026-02-11 17:21:44 [userService,/] DEBUG o.g.u.filter.JwtAuthenticationFilter
                - Filter 'jwtAuthenticationFilter' configured for use
2026-02-11 17:21:44 [userService,/] INFO  o.s.s.c.a.a.c.InitializeUserDetailsBeanManagerConfigurer$InitializeUserDetailsManagerConfigurer
                - Global AuthenticationManager configured with UserDetailsService bean with name customUserDetailsService
2026-02-11 17:21:44 [userService,/] WARN  o.s.b.a.o.j.JpaBaseConfiguration$JpaWebConfiguration
                - spring.jpa.open-in-view is enabled by default. Therefore, database queries may be performed during view rendering. Explicitly configure spring.jpa.open-in-view to disable this warning
2026-02-11 17:21:45 [userService,/] INFO  o.s.c.n.e.c.DiscoveryClientOptionalArgsConfiguration
                - Eureka HTTP Client uses RestTemplate.
2026-02-11 17:21:45 [userService,/] WARN  o.s.c.l.c.LoadBalancerCacheAutoConfiguration$LoadBalancerCaffeineWarnLogger
                - Spring Cloud LoadBalancer is currently working with the default cache. While this cache implementation is useful for development and tests, it's recommended to use Caffeine cache in production.You can switch to using Caffeine cache, by adding it and org.springframework.cache.caffeine.CaffeineCacheManager to the classpath.
2026-02-11 17:21:45 [userService,/] INFO  o.s.b.w.e.tomcat.TomcatWebServer
                - Tomcat started on port 8086 (http) with context path '/'
2026-02-11 17:21:45 [userService,/] INFO  o.s.b.w.e.tomcat.TomcatWebServer
                - Tomcat initialized with port 8090 (http)
2026-02-11 17:21:45 [userService,/] INFO  o.a.catalina.core.StandardService
                - Starting service [Tomcat]
2026-02-11 17:21:45 [userService,/] INFO  o.a.catalina.core.StandardEngine
                - Starting Servlet engine: [Apache Tomcat/10.1.46]
2026-02-11 17:21:45 [userService,/] INFO  o.a.c.c.C.[Tomcat-1].[localhost].[/]
                - Initializing Spring embedded WebApplicationContext
2026-02-11 17:21:45 [userService,/] INFO  o.s.b.w.s.c.ServletWebServerApplicationContext
                - Root WebApplicationContext: initialization completed in 138 ms
2026-02-11 17:21:45 [userService,/] INFO  o.s.b.a.e.web.EndpointLinksResolver
                - Exposing 16 endpoints beneath base path '/actuator'
2026-02-11 17:21:45 [userService,/] INFO  o.s.b.w.e.tomcat.TomcatWebServer
                - Tomcat started on port 8090 (http) with context path '/'
2026-02-11 17:21:45 [userService,/] INFO  o.g.u.UserManagementServiceApplication
                - Started UserManagementServiceApplication in 6.578 seconds (process running for 7.157)
2026-02-11 17:21:46 [userService,/] INFO  o.g.u.UserManagementServiceApplication
                - UserManagementServiceApplication booted up and running
2026-02-11 17:22:03 [userService,/] INFO  o.a.c.c.C.[Tomcat].[localhost].[/]
                - Initializing Spring DispatcherServlet 'dispatcherServlet'
2026-02-11 17:22:03 [userService,/] INFO  o.s.web.servlet.DispatcherServlet
                - Initializing Servlet 'dispatcherServlet'
2026-02-11 17:22:03 [userService,/] INFO  o.s.web.servlet.DispatcherServlet
                - Completed initialization in 2 ms
2026-02-11 17:22:03 [userService,/] DEBUG o.g.u.filter.JwtAuthenticationFilter
                - No Authorization header or invalid format for request: /cruises
2026-02-11 17:22:03 [userService,/] ERROR o.g.u.s.CustomAuthenticationEntryPoint
                - Authentication failure: Full authentication is required to access this resource 
2026-02-11 17:22:04 [userService,/] DEBUG o.g.u.filter.JwtAuthenticationFilter
                - No Authorization header or invalid format for request: /cruises
2026-02-11 17:22:04 [userService,/] ERROR o.g.u.s.CustomAuthenticationEntryPoint
                - Authentication failure: Full authentication is required to access this resource 
2026-02-11 17:22:22 [userService,/] ERROR o.g.usermgmt.resource.AuthController
                - Invalid credentials: Bad credentials
2026-02-11 17:22:59 [userService,/] DEBUG o.g.u.filter.JwtAuthenticationFilter
                - No Authorization header or invalid format for request: /cruises
2026-02-11 17:22:59 [userService,/] ERROR o.g.u.s.CustomAuthenticationEntryPoint
                - Authentication failure: Full authentication is required to access this resource 
2026-02-11 17:22:59 [userService,/] DEBUG o.g.u.filter.JwtAuthenticationFilter
                - No Authorization header or invalid format for request: /cruises
2026-02-11 17:22:59 [userService,/] ERROR o.g.u.s.CustomAuthenticationEntryPoint
                - Authentication failure: Full authentication is required to access this resource 
2026-02-11 17:23:57 [userService,/] INFO  o.s.b.w.e.tomcat.GracefulShutdown
                - Commencing graceful shutdown. Waiting for active requests to complete
2026-02-11 17:23:57 [userService,/] INFO  o.s.b.w.e.tomcat.GracefulShutdown
                - Graceful shutdown complete
2026-02-11 17:23:57 [userService,/] INFO  o.s.b.w.e.tomcat.GracefulShutdown
                - Commencing graceful shutdown. Waiting for active requests to complete
2026-02-11 17:23:57 [userService,/] INFO  o.s.b.w.e.tomcat.GracefulShutdown
                - Graceful shutdown complete
2026-02-11 17:23:57 [userService,/] INFO  o.s.o.j.LocalContainerEntityManagerFactoryBean
                - Closing JPA EntityManagerFactory for persistence unit 'default'
2026-02-11 17:23:57 [userService,/] INFO  com.zaxxer.hikari.HikariDataSource
                - HikariPool-1 - Shutdown initiated...
2026-02-11 17:23:57 [userService,/] INFO  com.zaxxer.hikari.HikariDataSource
                - HikariPool-1 - Shutdown completed.
2026-02-11 17:24:00 [userService,/] INFO  o.g.u.UserManagementServiceApplication
                - Starting UserManagementServiceApplication using Java 25 with PID 4032 (C:\Users\2464280\gencWorkspaces\practiceWorkspace\cruisemate-registration\target\classes started by 2464280 in C:\Users\2464280\gencWorkspaces\practiceWorkspace\cruisemate-registration)
2026-02-11 17:24:00 [userService,/] DEBUG o.g.u.UserManagementServiceApplication
                - Running with Spring Boot v3.5.6, Spring v6.2.11
2026-02-11 17:24:00 [userService,/] INFO  o.g.u.UserManagementServiceApplication
                - The following 1 profile is active: "genc"
2026-02-11 17:24:02 [userService,/] INFO  o.s.d.r.c.RepositoryConfigurationDelegate
                - Bootstrapping Spring Data JPA repositories in DEFAULT mode.
2026-02-11 17:24:02 [userService,/] INFO  o.s.d.r.c.RepositoryConfigurationDelegate
                - Finished Spring Data repository scanning in 139 ms. Found 2 JPA repository interfaces.
2026-02-11 17:24:02 [userService,/] INFO  o.s.cloud.context.scope.GenericScope
                - BeanFactory id=9bee316d-2ab0-3fef-9ae8-11485ce981d2
2026-02-11 17:24:02 [userService,/] INFO  o.s.b.w.e.tomcat.TomcatWebServer
                - Tomcat initialized with port 8086 (http)
2026-02-11 17:24:02 [userService,/] INFO  o.a.catalina.core.StandardService
                - Starting service [Tomcat]
2026-02-11 17:24:02 [userService,/] INFO  o.a.catalina.core.StandardEngine
                - Starting Servlet engine: [Apache Tomcat/10.1.46]
2026-02-11 17:24:03 [userService,/] INFO  o.a.c.c.C.[Tomcat].[localhost].[/]
                - Initializing Spring embedded WebApplicationContext
2026-02-11 17:24:03 [userService,/] INFO  o.s.b.w.s.c.ServletWebServerApplicationContext
                - Root WebApplicationContext: initialization completed in 2100 ms
2026-02-11 17:24:03 [userService,/] INFO  o.h.jpa.internal.util.LogHelper
                - HHH000204: Processing PersistenceUnitInfo [name: default]
2026-02-11 17:24:03 [userService,/] INFO  org.hibernate.Version
                - HHH000412: Hibernate ORM core version 6.6.29.Final
2026-02-11 17:24:03 [userService,/] INFO  o.h.c.i.RegionFactoryInitiator
                - HHH000026: Second-level cache disabled
2026-02-11 17:24:03 [userService,/] INFO  o.s.o.j.p.SpringPersistenceUnitInfo
                - No LoadTimeWeaver setup: ignoring JPA class transformer
2026-02-11 17:24:03 [userService,/] INFO  com.zaxxer.hikari.HikariDataSource
                - HikariPool-1 - Starting...
2026-02-11 17:24:03 [userService,/] INFO  com.zaxxer.hikari.pool.HikariPool
                - HikariPool-1 - Added connection com.mysql.cj.jdbc.ConnectionImpl@450f0d89
2026-02-11 17:24:03 [userService,/] INFO  com.zaxxer.hikari.HikariDataSource
                - HikariPool-1 - Start completed.
2026-02-11 17:24:03 [userService,/] WARN  org.hibernate.orm.deprecation
                - HHH90000025: MySQLDialect does not need to be specified explicitly using 'hibernate.dialect' (remove the property setting and it will be selected by default)
2026-02-11 17:24:03 [userService,/] INFO  o.hibernate.orm.connections.pooling
                - HHH10001005: Database info:
	Database JDBC URL [Connecting through datasource 'HikariDataSource (HikariPool-1)']
	Database driver: undefined/unknown
	Database version: 8.0.44
	Autocommit mode: undefined/unknown
	Isolation level: undefined/unknown
	Minimum pool size: undefined/unknown
	Maximum pool size: undefined/unknown
2026-02-11 17:24:04 [userService,/] INFO  o.h.e.t.j.p.i.JtaPlatformInitiator
                - HHH000489: No JTA platform available (set 'hibernate.transaction.jta.platform' to enable JTA platform integration)
2026-02-11 17:24:04 [userService,/] INFO  o.s.o.j.LocalContainerEntityManagerFactoryBean
                - Initialized JPA EntityManagerFactory for persistence unit 'default'
2026-02-11 17:24:04 [userService,/] DEBUG o.g.u.filter.JwtAuthenticationFilter
                - Filter 'jwtAuthenticationFilter' configured for use
2026-02-11 17:24:05 [userService,/] INFO  o.s.s.c.a.a.c.InitializeUserDetailsBeanManagerConfigurer$InitializeUserDetailsManagerConfigurer
                - Global AuthenticationManager configured with UserDetailsService bean with name customUserDetailsService
2026-02-11 17:24:05 [userService,/] WARN  o.s.b.a.o.j.JpaBaseConfiguration$JpaWebConfiguration
                - spring.jpa.open-in-view is enabled by default. Therefore, database queries may be performed during view rendering. Explicitly configure spring.jpa.open-in-view to disable this warning
2026-02-11 17:24:06 [userService,/] INFO  o.s.c.n.e.c.DiscoveryClientOptionalArgsConfiguration
                - Eureka HTTP Client uses RestTemplate.
2026-02-11 17:24:06 [userService,/] WARN  o.s.c.l.c.LoadBalancerCacheAutoConfiguration$LoadBalancerCaffeineWarnLogger
                - Spring Cloud LoadBalancer is currently working with the default cache. While this cache implementation is useful for development and tests, it's recommended to use Caffeine cache in production.You can switch to using Caffeine cache, by adding it and org.springframework.cache.caffeine.CaffeineCacheManager to the classpath.
2026-02-11 17:24:06 [userService,/] INFO  o.s.b.w.e.tomcat.TomcatWebServer
                - Tomcat started on port 8086 (http) with context path '/'
2026-02-11 17:24:06 [userService,/] INFO  o.s.b.w.e.tomcat.TomcatWebServer
                - Tomcat initialized with port 8090 (http)
2026-02-11 17:24:06 [userService,/] INFO  o.a.catalina.core.StandardService
                - Starting service [Tomcat]
2026-02-11 17:24:06 [userService,/] INFO  o.a.catalina.core.StandardEngine
                - Starting Servlet engine: [Apache Tomcat/10.1.46]
2026-02-11 17:24:06 [userService,/] INFO  o.a.c.c.C.[Tomcat-1].[localhost].[/]
                - Initializing Spring embedded WebApplicationContext
2026-02-11 17:24:06 [userService,/] INFO  o.s.b.w.s.c.ServletWebServerApplicationContext
                - Root WebApplicationContext: initialization completed in 99 ms
2026-02-11 17:24:06 [userService,/] INFO  o.s.b.a.e.web.EndpointLinksResolver
                - Exposing 16 endpoints beneath base path '/actuator'
2026-02-11 17:24:06 [userService,/] INFO  o.s.b.w.e.tomcat.TomcatWebServer
                - Tomcat started on port 8090 (http) with context path '/'
2026-02-11 17:24:06 [userService,/] INFO  o.g.u.UserManagementServiceApplication
                - Started UserManagementServiceApplication in 5.909 seconds (process running for 6.471)
2026-02-11 17:24:06 [userService,/] INFO  o.g.u.UserManagementServiceApplication
                - UserManagementServiceApplication booted up and running
2026-02-11 17:24:18 [userService,/] INFO  o.a.c.c.C.[Tomcat].[localhost].[/]
                - Initializing Spring DispatcherServlet 'dispatcherServlet'
2026-02-11 17:24:18 [userService,/] INFO  o.s.web.servlet.DispatcherServlet
                - Initializing Servlet 'dispatcherServlet'
2026-02-11 17:24:18 [userService,/] INFO  o.s.web.servlet.DispatcherServlet
                - Completed initialization in 0 ms
2026-02-11 17:24:19 [userService,/] DEBUG o.g.u.filter.JwtAuthenticationFilter
                - No Authorization header or invalid format for request: /cruises
2026-02-11 17:24:19 [userService,/] ERROR o.g.u.s.CustomAuthenticationEntryPoint
                - Authentication failure: Full authentication is required to access this resource 
2026-02-11 17:24:19 [userService,/] DEBUG o.g.u.filter.JwtAuthenticationFilter
                - No Authorization header or invalid format for request: /cruises
2026-02-11 17:24:19 [userService,/] ERROR o.g.u.s.CustomAuthenticationEntryPoint
                - Authentication failure: Full authentication is required to access this resource 
2026-02-11 17:24:32 [userService,/] INFO  o.s.b.w.e.tomcat.GracefulShutdown
                - Commencing graceful shutdown. Waiting for active requests to complete
2026-02-11 17:24:32 [userService,/] INFO  o.s.b.w.e.tomcat.GracefulShutdown
                - Graceful shutdown complete
2026-02-11 17:24:32 [userService,/] INFO  o.s.b.w.e.tomcat.GracefulShutdown
                - Commencing graceful shutdown. Waiting for active requests to complete
2026-02-11 17:24:32 [userService,/] INFO  o.s.b.w.e.tomcat.GracefulShutdown
                - Graceful shutdown complete
2026-02-11 17:24:32 [userService,/] INFO  o.s.o.j.LocalContainerEntityManagerFactoryBean
                - Closing JPA EntityManagerFactory for persistence unit 'default'
2026-02-11 17:24:32 [userService,/] INFO  com.zaxxer.hikari.HikariDataSource
                - HikariPool-1 - Shutdown initiated...
2026-02-11 17:24:32 [userService,/] INFO  com.zaxxer.hikari.HikariDataSource
                - HikariPool-1 - Shutdown completed.
2026-02-11 17:24:36 [userService,/] INFO  o.g.u.UserManagementServiceApplication
                - Starting UserManagementServiceApplication using Java 25 with PID 26180 (C:\Users\2464280\gencWorkspaces\practiceWorkspace\cruisemate-registration\target\classes started by 2464280 in C:\Users\2464280\gencWorkspaces\practiceWorkspace\cruisemate-registration)
2026-02-11 17:24:36 [userService,/] DEBUG o.g.u.UserManagementServiceApplication
                - Running with Spring Boot v3.5.6, Spring v6.2.11
2026-02-11 17:24:36 [userService,/] INFO  o.g.u.UserManagementServiceApplication
                - The following 1 profile is active: "genc"
2026-02-11 17:24:37 [userService,/] INFO  o.s.d.r.c.RepositoryConfigurationDelegate
                - Bootstrapping Spring Data JPA repositories in DEFAULT mode.
2026-02-11 17:24:37 [userService,/] INFO  o.s.d.r.c.RepositoryConfigurationDelegate
                - Finished Spring Data repository scanning in 136 ms. Found 2 JPA repository interfaces.
2026-02-11 17:24:37 [userService,/] INFO  o.s.cloud.context.scope.GenericScope
                - BeanFactory id=9bee316d-2ab0-3fef-9ae8-11485ce981d2
2026-02-11 17:24:38 [userService,/] INFO  o.s.b.w.e.tomcat.TomcatWebServer
                - Tomcat initialized with port 8086 (http)
2026-02-11 17:24:38 [userService,/] INFO  o.a.catalina.core.StandardService
                - Starting service [Tomcat]
2026-02-11 17:24:38 [userService,/] INFO  o.a.catalina.core.StandardEngine
                - Starting Servlet engine: [Apache Tomcat/10.1.46]
2026-02-11 17:24:38 [userService,/] INFO  o.a.c.c.C.[Tomcat].[localhost].[/]
                - Initializing Spring embedded WebApplicationContext
2026-02-11 17:24:38 [userService,/] INFO  o.s.b.w.s.c.ServletWebServerApplicationContext
                - Root WebApplicationContext: initialization completed in 2000 ms
2026-02-11 17:24:38 [userService,/] INFO  o.h.jpa.internal.util.LogHelper
                - HHH000204: Processing PersistenceUnitInfo [name: default]
2026-02-11 17:24:38 [userService,/] INFO  org.hibernate.Version
                - HHH000412: Hibernate ORM core version 6.6.29.Final
2026-02-11 17:24:38 [userService,/] INFO  o.h.c.i.RegionFactoryInitiator
                - HHH000026: Second-level cache disabled
2026-02-11 17:24:38 [userService,/] INFO  o.s.o.j.p.SpringPersistenceUnitInfo
                - No LoadTimeWeaver setup: ignoring JPA class transformer
2026-02-11 17:24:38 [userService,/] INFO  com.zaxxer.hikari.HikariDataSource
                - HikariPool-1 - Starting...
2026-02-11 17:24:38 [userService,/] INFO  com.zaxxer.hikari.pool.HikariPool
                - HikariPool-1 - Added connection com.mysql.cj.jdbc.ConnectionImpl@291028d7
2026-02-11 17:24:38 [userService,/] INFO  com.zaxxer.hikari.HikariDataSource
                - HikariPool-1 - Start completed.
2026-02-11 17:24:39 [userService,/] WARN  org.hibernate.orm.deprecation
                - HHH90000025: MySQLDialect does not need to be specified explicitly using 'hibernate.dialect' (remove the property setting and it will be selected by default)
2026-02-11 17:24:39 [userService,/] INFO  o.hibernate.orm.connections.pooling
                - HHH10001005: Database info:
	Database JDBC URL [Connecting through datasource 'HikariDataSource (HikariPool-1)']
	Database driver: undefined/unknown
	Database version: 8.0.44
	Autocommit mode: undefined/unknown
	Isolation level: undefined/unknown
	Minimum pool size: undefined/unknown
	Maximum pool size: undefined/unknown
2026-02-11 17:24:39 [userService,/] INFO  o.h.e.t.j.p.i.JtaPlatformInitiator
                - HHH000489: No JTA platform available (set 'hibernate.transaction.jta.platform' to enable JTA platform integration)
2026-02-11 17:24:39 [userService,/] INFO  o.s.o.j.LocalContainerEntityManagerFactoryBean
                - Initialized JPA EntityManagerFactory for persistence unit 'default'
2026-02-11 17:24:40 [userService,/] DEBUG o.g.u.filter.JwtAuthenticationFilter
                - Filter 'jwtAuthenticationFilter' configured for use
2026-02-11 17:24:40 [userService,/] INFO  o.s.s.c.a.a.c.InitializeUserDetailsBeanManagerConfigurer$InitializeUserDetailsManagerConfigurer
                - Global AuthenticationManager configured with UserDetailsService bean with name customUserDetailsService
2026-02-11 17:24:40 [userService,/] WARN  o.s.b.a.o.j.JpaBaseConfiguration$JpaWebConfiguration
                - spring.jpa.open-in-view is enabled by default. Therefore, database queries may be performed during view rendering. Explicitly configure spring.jpa.open-in-view to disable this warning
2026-02-11 17:24:41 [userService,/] INFO  o.s.c.n.e.c.DiscoveryClientOptionalArgsConfiguration
                - Eureka HTTP Client uses RestTemplate.
2026-02-11 17:24:41 [userService,/] WARN  o.s.c.l.c.LoadBalancerCacheAutoConfiguration$LoadBalancerCaffeineWarnLogger
                - Spring Cloud LoadBalancer is currently working with the default cache. While this cache implementation is useful for development and tests, it's recommended to use Caffeine cache in production.You can switch to using Caffeine cache, by adding it and org.springframework.cache.caffeine.CaffeineCacheManager to the classpath.
2026-02-11 17:24:41 [userService,/] INFO  o.s.b.w.e.tomcat.TomcatWebServer
                - Tomcat started on port 8086 (http) with context path '/'
2026-02-11 17:24:41 [userService,/] INFO  o.s.b.w.e.tomcat.TomcatWebServer
                - Tomcat initialized with port 8090 (http)
2026-02-11 17:24:41 [userService,/] INFO  o.a.catalina.core.StandardService
                - Starting service [Tomcat]
2026-02-11 17:24:41 [userService,/] INFO  o.a.catalina.core.StandardEngine
                - Starting Servlet engine: [Apache Tomcat/10.1.46]
2026-02-11 17:24:41 [userService,/] INFO  o.a.c.c.C.[Tomcat-1].[localhost].[/]
                - Initializing Spring embedded WebApplicationContext
2026-02-11 17:24:41 [userService,/] INFO  o.s.b.w.s.c.ServletWebServerApplicationContext
                - Root WebApplicationContext: initialization completed in 91 ms
2026-02-11 17:24:41 [userService,/] INFO  o.s.b.a.e.web.EndpointLinksResolver
                - Exposing 16 endpoints beneath base path '/actuator'
2026-02-11 17:24:41 [userService,/] INFO  o.s.b.w.e.tomcat.TomcatWebServer
                - Tomcat started on port 8090 (http) with context path '/'
2026-02-11 17:24:41 [userService,/] INFO  o.g.u.UserManagementServiceApplication
                - Started UserManagementServiceApplication in 5.688 seconds (process running for 6.262)
2026-02-11 17:24:41 [userService,/] INFO  o.g.u.UserManagementServiceApplication
                - UserManagementServiceApplication booted up and running
2026-02-11 17:24:48 [userService,/] INFO  o.a.c.c.C.[Tomcat].[localhost].[/]
                - Initializing Spring DispatcherServlet 'dispatcherServlet'
2026-02-11 17:24:48 [userService,/] INFO  o.s.web.servlet.DispatcherServlet
                - Initializing Servlet 'dispatcherServlet'
2026-02-11 17:24:48 [userService,/] INFO  o.s.web.servlet.DispatcherServlet
                - Completed initialization in 6 ms
2026-02-11 17:24:48 [userService,/] DEBUG o.g.u.filter.JwtAuthenticationFilter
                - No Authorization header or invalid format for request: /cruises
2026-02-11 17:24:48 [userService,/] ERROR o.g.u.s.CustomAuthenticationEntryPoint
                - Authentication failure: Full authentication is required to access this resource 
2026-02-11 17:24:49 [userService,/] DEBUG o.g.u.filter.JwtAuthenticationFilter
                - No Authorization header or invalid format for request: /cruises
2026-02-11 17:24:49 [userService,/] ERROR o.g.u.s.CustomAuthenticationEntryPoint
                - Authentication failure: Full authentication is required to access this resource 
2026-02-11 17:27:17 [userService,/] INFO  o.s.b.w.e.tomcat.GracefulShutdown
                - Commencing graceful shutdown. Waiting for active requests to complete
2026-02-11 17:27:17 [userService,/] INFO  o.s.b.w.e.tomcat.GracefulShutdown
                - Graceful shutdown complete
2026-02-11 17:27:17 [userService,/] INFO  o.s.b.w.e.tomcat.GracefulShutdown
                - Commencing graceful shutdown. Waiting for active requests to complete
2026-02-11 17:27:17 [userService,/] INFO  o.s.b.w.e.tomcat.GracefulShutdown
                - Graceful shutdown complete
2026-02-11 17:27:17 [userService,/] INFO  o.s.o.j.LocalContainerEntityManagerFactoryBean
                - Closing JPA EntityManagerFactory for persistence unit 'default'
2026-02-11 17:27:17 [userService,/] INFO  com.zaxxer.hikari.HikariDataSource
                - HikariPool-1 - Shutdown initiated...
2026-02-11 17:27:17 [userService,/] INFO  com.zaxxer.hikari.HikariDataSource
                - HikariPool-1 - Shutdown completed.
2026-02-11 17:27:22 [userService,/] INFO  o.g.u.UserManagementServiceApplication
                - Starting UserManagementServiceApplication using Java 25 with PID 12228 (C:\Users\2464280\gencWorkspaces\practiceWorkspace\cruisemate-registration\target\classes started by 2464280 in C:\Users\2464280\gencWorkspaces\practiceWorkspace\cruisemate-registration)
2026-02-11 17:27:22 [userService,/] DEBUG o.g.u.UserManagementServiceApplication
                - Running with Spring Boot v3.5.6, Spring v6.2.11
2026-02-11 17:27:22 [userService,/] INFO  o.g.u.UserManagementServiceApplication
                - The following 1 profile is active: "genc"
2026-02-11 17:27:23 [userService,/] INFO  o.s.d.r.c.RepositoryConfigurationDelegate
                - Bootstrapping Spring Data JPA repositories in DEFAULT mode.
2026-02-11 17:27:23 [userService,/] INFO  o.s.d.r.c.RepositoryConfigurationDelegate
                - Finished Spring Data repository scanning in 150 ms. Found 2 JPA repository interfaces.
2026-02-11 17:27:24 [userService,/] INFO  o.s.cloud.context.scope.GenericScope
                - BeanFactory id=9bee316d-2ab0-3fef-9ae8-11485ce981d2
2026-02-11 17:27:24 [userService,/] INFO  o.s.b.w.e.tomcat.TomcatWebServer
                - Tomcat initialized with port 8086 (http)
2026-02-11 17:27:24 [userService,/] INFO  o.a.catalina.core.StandardService
                - Starting service [Tomcat]
2026-02-11 17:27:24 [userService,/] INFO  o.a.catalina.core.StandardEngine
                - Starting Servlet engine: [Apache Tomcat/10.1.46]
2026-02-11 17:27:24 [userService,/] INFO  o.a.c.c.C.[Tomcat].[localhost].[/]
                - Initializing Spring embedded WebApplicationContext
2026-02-11 17:27:24 [userService,/] INFO  o.s.b.w.s.c.ServletWebServerApplicationContext
                - Root WebApplicationContext: initialization completed in 2166 ms
2026-02-11 17:27:25 [userService,/] INFO  o.h.jpa.internal.util.LogHelper
                - HHH000204: Processing PersistenceUnitInfo [name: default]
2026-02-11 17:27:25 [userService,/] INFO  org.hibernate.Version
                - HHH000412: Hibernate ORM core version 6.6.29.Final
2026-02-11 17:27:25 [userService,/] INFO  o.h.c.i.RegionFactoryInitiator
                - HHH000026: Second-level cache disabled
2026-02-11 17:27:25 [userService,/] INFO  o.s.o.j.p.SpringPersistenceUnitInfo
                - No LoadTimeWeaver setup: ignoring JPA class transformer
2026-02-11 17:27:25 [userService,/] INFO  com.zaxxer.hikari.HikariDataSource
                - HikariPool-1 - Starting...
2026-02-11 17:27:25 [userService,/] INFO  com.zaxxer.hikari.pool.HikariPool
                - HikariPool-1 - Added connection com.mysql.cj.jdbc.ConnectionImpl@61ca5134
2026-02-11 17:27:25 [userService,/] INFO  com.zaxxer.hikari.HikariDataSource
                - HikariPool-1 - Start completed.
2026-02-11 17:27:25 [userService,/] WARN  org.hibernate.orm.deprecation
                - HHH90000025: MySQLDialect does not need to be specified explicitly using 'hibernate.dialect' (remove the property setting and it will be selected by default)
2026-02-11 17:27:25 [userService,/] INFO  o.hibernate.orm.connections.pooling
                - HHH10001005: Database info:
	Database JDBC URL [Connecting through datasource 'HikariDataSource (HikariPool-1)']
	Database driver: undefined/unknown
	Database version: 8.0.44
	Autocommit mode: undefined/unknown
	Isolation level: undefined/unknown
	Minimum pool size: undefined/unknown
	Maximum pool size: undefined/unknown
2026-02-11 17:27:26 [userService,/] INFO  o.h.e.t.j.p.i.JtaPlatformInitiator
                - HHH000489: No JTA platform available (set 'hibernate.transaction.jta.platform' to enable JTA platform integration)
2026-02-11 17:27:26 [userService,/] INFO  o.s.o.j.LocalContainerEntityManagerFactoryBean
                - Initialized JPA EntityManagerFactory for persistence unit 'default'
2026-02-11 17:27:26 [userService,/] DEBUG o.g.u.filter.JwtAuthenticationFilter
                - Filter 'jwtAuthenticationFilter' configured for use
2026-02-11 17:27:26 [userService,/] INFO  o.s.s.c.a.a.c.InitializeUserDetailsBeanManagerConfigurer$InitializeUserDetailsManagerConfigurer
                - Global AuthenticationManager configured with UserDetailsService bean with name customUserDetailsService
2026-02-11 17:27:26 [userService,/] WARN  o.s.b.a.o.j.JpaBaseConfiguration$JpaWebConfiguration
                - spring.jpa.open-in-view is enabled by default. Therefore, database queries may be performed during view rendering. Explicitly configure spring.jpa.open-in-view to disable this warning
2026-02-11 17:27:27 [userService,/] INFO  o.s.c.n.e.c.DiscoveryClientOptionalArgsConfiguration
                - Eureka HTTP Client uses RestTemplate.
2026-02-11 17:27:27 [userService,/] WARN  o.s.c.l.c.LoadBalancerCacheAutoConfiguration$LoadBalancerCaffeineWarnLogger
                - Spring Cloud LoadBalancer is currently working with the default cache. While this cache implementation is useful for development and tests, it's recommended to use Caffeine cache in production.You can switch to using Caffeine cache, by adding it and org.springframework.cache.caffeine.CaffeineCacheManager to the classpath.
2026-02-11 17:27:27 [userService,/] INFO  o.s.b.w.e.tomcat.TomcatWebServer
                - Tomcat started on port 8086 (http) with context path '/'
2026-02-11 17:27:28 [userService,/] INFO  o.s.b.w.e.tomcat.TomcatWebServer
                - Tomcat initialized with port 8090 (http)
2026-02-11 17:27:28 [userService,/] INFO  o.a.catalina.core.StandardService
                - Starting service [Tomcat]
2026-02-11 17:27:28 [userService,/] INFO  o.a.catalina.core.StandardEngine
                - Starting Servlet engine: [Apache Tomcat/10.1.46]
2026-02-11 17:27:28 [userService,/] INFO  o.a.c.c.C.[Tomcat-1].[localhost].[/]
                - Initializing Spring embedded WebApplicationContext
2026-02-11 17:27:28 [userService,/] INFO  o.s.b.w.s.c.ServletWebServerApplicationContext
                - Root WebApplicationContext: initialization completed in 120 ms
2026-02-11 17:27:28 [userService,/] INFO  o.s.b.a.e.web.EndpointLinksResolver
                - Exposing 16 endpoints beneath base path '/actuator'
2026-02-11 17:27:28 [userService,/] INFO  o.s.b.w.e.tomcat.TomcatWebServer
                - Tomcat started on port 8090 (http) with context path '/'
2026-02-11 17:27:28 [userService,/] INFO  o.g.u.UserManagementServiceApplication
                - Started UserManagementServiceApplication in 6.167 seconds (process running for 6.936)
2026-02-11 17:27:28 [userService,/] INFO  o.g.u.UserManagementServiceApplication
                - UserManagementServiceApplication booted up and running
2026-02-11 17:27:38 [userService,/] INFO  o.a.c.c.C.[Tomcat].[localhost].[/]
                - Initializing Spring DispatcherServlet 'dispatcherServlet'
2026-02-11 17:27:38 [userService,/] INFO  o.s.web.servlet.DispatcherServlet
                - Initializing Servlet 'dispatcherServlet'
2026-02-11 17:27:38 [userService,/] INFO  o.s.web.servlet.DispatcherServlet
                - Completed initialization in 0 ms
2026-02-11 17:27:38 [userService,/] DEBUG o.g.u.filter.JwtAuthenticationFilter
                - No Authorization header or invalid format for request: /cruises
2026-02-11 17:27:38 [userService,/] ERROR o.g.u.s.CustomAuthenticationEntryPoint
                - Authentication failure: Full authentication is required to access this resource 
2026-02-11 17:27:38 [userService,/] DEBUG o.g.u.filter.JwtAuthenticationFilter
                - No Authorization header or invalid format for request: /cruises
2026-02-11 17:27:38 [userService,/] ERROR o.g.u.s.CustomAuthenticationEntryPoint
                - Authentication failure: Full authentication is required to access this resource 
2026-02-11 17:28:34 [userService,/] INFO  o.s.b.w.e.tomcat.GracefulShutdown
                - Commencing graceful shutdown. Waiting for active requests to complete
2026-02-11 17:28:34 [userService,/] INFO  o.s.b.w.e.tomcat.GracefulShutdown
                - Graceful shutdown complete
2026-02-11 17:28:34 [userService,/] INFO  o.s.b.w.e.tomcat.GracefulShutdown
                - Commencing graceful shutdown. Waiting for active requests to complete
2026-02-11 17:28:34 [userService,/] INFO  o.s.b.w.e.tomcat.GracefulShutdown
                - Graceful shutdown complete
2026-02-11 17:28:34 [userService,/] INFO  o.s.o.j.LocalContainerEntityManagerFactoryBean
                - Closing JPA EntityManagerFactory for persistence unit 'default'
2026-02-11 17:28:34 [userService,/] INFO  com.zaxxer.hikari.HikariDataSource
                - HikariPool-1 - Shutdown initiated...
2026-02-11 17:28:34 [userService,/] INFO  com.zaxxer.hikari.HikariDataSource
                - HikariPool-1 - Shutdown completed.
2026-02-11 17:28:38 [userService,/] INFO  o.g.u.UserManagementServiceApplication
                - Starting UserManagementServiceApplication using Java 25 with PID 33404 (C:\Users\2464280\gencWorkspaces\practiceWorkspace\cruisemate-registration\target\classes started by 2464280 in C:\Users\2464280\gencWorkspaces\practiceWorkspace\cruisemate-registration)
2026-02-11 17:28:38 [userService,/] DEBUG o.g.u.UserManagementServiceApplication
                - Running with Spring Boot v3.5.6, Spring v6.2.11
2026-02-11 17:28:38 [userService,/] INFO  o.g.u.UserManagementServiceApplication
                - The following 1 profile is active: "genc"
2026-02-11 17:28:39 [userService,/] INFO  o.s.d.r.c.RepositoryConfigurationDelegate
                - Bootstrapping Spring Data JPA repositories in DEFAULT mode.
2026-02-11 17:28:39 [userService,/] INFO  o.s.d.r.c.RepositoryConfigurationDelegate
                - Finished Spring Data repository scanning in 141 ms. Found 2 JPA repository interfaces.
2026-02-11 17:28:39 [userService,/] INFO  o.s.cloud.context.scope.GenericScope
                - BeanFactory id=9bee316d-2ab0-3fef-9ae8-11485ce981d2
2026-02-11 17:28:40 [userService,/] INFO  o.s.b.w.e.tomcat.TomcatWebServer
                - Tomcat initialized with port 8086 (http)
2026-02-11 17:28:40 [userService,/] INFO  o.a.catalina.core.StandardService
                - Starting service [Tomcat]
2026-02-11 17:28:40 [userService,/] INFO  o.a.catalina.core.StandardEngine
                - Starting Servlet engine: [Apache Tomcat/10.1.46]
2026-02-11 17:28:40 [userService,/] INFO  o.a.c.c.C.[Tomcat].[localhost].[/]
                - Initializing Spring embedded WebApplicationContext
2026-02-11 17:28:40 [userService,/] INFO  o.s.b.w.s.c.ServletWebServerApplicationContext
                - Root WebApplicationContext: initialization completed in 1985 ms
2026-02-11 17:28:40 [userService,/] INFO  o.h.jpa.internal.util.LogHelper
                - HHH000204: Processing PersistenceUnitInfo [name: default]
2026-02-11 17:28:40 [userService,/] INFO  org.hibernate.Version
                - HHH000412: Hibernate ORM core version 6.6.29.Final
2026-02-11 17:28:40 [userService,/] INFO  o.h.c.i.RegionFactoryInitiator
                - HHH000026: Second-level cache disabled
2026-02-11 17:28:40 [userService,/] INFO  o.s.o.j.p.SpringPersistenceUnitInfo
                - No LoadTimeWeaver setup: ignoring JPA class transformer
2026-02-11 17:28:40 [userService,/] INFO  com.zaxxer.hikari.HikariDataSource
                - HikariPool-1 - Starting...
2026-02-11 17:28:41 [userService,/] INFO  com.zaxxer.hikari.pool.HikariPool
                - HikariPool-1 - Added connection com.mysql.cj.jdbc.ConnectionImpl@5cba474f
2026-02-11 17:28:41 [userService,/] INFO  com.zaxxer.hikari.HikariDataSource
                - HikariPool-1 - Start completed.
2026-02-11 17:28:41 [userService,/] WARN  org.hibernate.orm.deprecation
                - HHH90000025: MySQLDialect does not need to be specified explicitly using 'hibernate.dialect' (remove the property setting and it will be selected by default)
2026-02-11 17:28:41 [userService,/] INFO  o.hibernate.orm.connections.pooling
                - HHH10001005: Database info:
	Database JDBC URL [Connecting through datasource 'HikariDataSource (HikariPool-1)']
	Database driver: undefined/unknown
	Database version: 8.0.44
	Autocommit mode: undefined/unknown
	Isolation level: undefined/unknown
	Minimum pool size: undefined/unknown
	Maximum pool size: undefined/unknown
2026-02-11 17:28:41 [userService,/] INFO  o.h.e.t.j.p.i.JtaPlatformInitiator
                - HHH000489: No JTA platform available (set 'hibernate.transaction.jta.platform' to enable JTA platform integration)
2026-02-11 17:28:41 [userService,/] INFO  o.s.o.j.LocalContainerEntityManagerFactoryBean
                - Initialized JPA EntityManagerFactory for persistence unit 'default'
2026-02-11 17:28:42 [userService,/] DEBUG o.g.u.filter.JwtAuthenticationFilter
                - Filter 'jwtAuthenticationFilter' configured for use
2026-02-11 17:28:42 [userService,/] INFO  o.s.s.c.a.a.c.InitializeUserDetailsBeanManagerConfigurer$InitializeUserDetailsManagerConfigurer
                - Global AuthenticationManager configured with UserDetailsService bean with name customUserDetailsService
2026-02-11 17:28:42 [userService,/] WARN  o.s.b.a.o.j.JpaBaseConfiguration$JpaWebConfiguration
                - spring.jpa.open-in-view is enabled by default. Therefore, database queries may be performed during view rendering. Explicitly configure spring.jpa.open-in-view to disable this warning
2026-02-11 17:28:43 [userService,/] INFO  o.s.c.n.e.c.DiscoveryClientOptionalArgsConfiguration
                - Eureka HTTP Client uses RestTemplate.
2026-02-11 17:28:43 [userService,/] WARN  o.s.c.l.c.LoadBalancerCacheAutoConfiguration$LoadBalancerCaffeineWarnLogger
                - Spring Cloud LoadBalancer is currently working with the default cache. While this cache implementation is useful for development and tests, it's recommended to use Caffeine cache in production.You can switch to using Caffeine cache, by adding it and org.springframework.cache.caffeine.CaffeineCacheManager to the classpath.
2026-02-11 17:28:43 [userService,/] INFO  o.s.b.w.e.tomcat.TomcatWebServer
                - Tomcat started on port 8086 (http) with context path '/'
2026-02-11 17:28:43 [userService,/] INFO  o.s.b.w.e.tomcat.TomcatWebServer
                - Tomcat initialized with port 8090 (http)
2026-02-11 17:28:43 [userService,/] INFO  o.a.catalina.core.StandardService
                - Starting service [Tomcat]
2026-02-11 17:28:43 [userService,/] INFO  o.a.catalina.core.StandardEngine
                - Starting Servlet engine: [Apache Tomcat/10.1.46]
2026-02-11 17:28:43 [userService,/] INFO  o.a.c.c.C.[Tomcat-1].[localhost].[/]
                - Initializing Spring embedded WebApplicationContext
2026-02-11 17:28:43 [userService,/] INFO  o.s.b.w.s.c.ServletWebServerApplicationContext
                - Root WebApplicationContext: initialization completed in 144 ms
2026-02-11 17:28:43 [userService,/] INFO  o.s.b.a.e.web.EndpointLinksResolver
                - Exposing 16 endpoints beneath base path '/actuator'
2026-02-11 17:28:43 [userService,/] INFO  o.s.b.w.e.tomcat.TomcatWebServer
                - Tomcat started on port 8090 (http) with context path '/'
2026-02-11 17:28:43 [userService,/] INFO  o.g.u.UserManagementServiceApplication
                - Started UserManagementServiceApplication in 5.711 seconds (process running for 6.283)
2026-02-11 17:28:43 [userService,/] INFO  o.g.u.UserManagementServiceApplication
                - UserManagementServiceApplication booted up and running
2026-02-11 17:28:55 [userService,/] INFO  o.a.c.c.C.[Tomcat].[localhost].[/]
                - Initializing Spring DispatcherServlet 'dispatcherServlet'
2026-02-11 17:28:55 [userService,/] INFO  o.s.web.servlet.DispatcherServlet
                - Initializing Servlet 'dispatcherServlet'
2026-02-11 17:28:55 [userService,/] INFO  o.s.web.servlet.DispatcherServlet
                - Completed initialization in 3 ms
2026-02-11 17:28:55 [userService,/] DEBUG o.g.u.filter.JwtAuthenticationFilter
                - No Authorization header or invalid format for request: /cruises
2026-02-11 17:28:55 [userService,/] ERROR o.g.u.s.CustomAuthenticationEntryPoint
                - Authentication failure: Full authentication is required to access this resource 
2026-02-11 17:28:55 [userService,/] DEBUG o.g.u.filter.JwtAuthenticationFilter
                - No Authorization header or invalid format for request: /cruises
2026-02-11 17:28:55 [userService,/] ERROR o.g.u.s.CustomAuthenticationEntryPoint
                - Authentication failure: Full authentication is required to access this resource 
2026-02-11 17:29:50 [userService,/] INFO  o.s.b.w.e.tomcat.GracefulShutdown
                - Commencing graceful shutdown. Waiting for active requests to complete
2026-02-11 17:29:50 [userService,/] INFO  o.s.b.w.e.tomcat.GracefulShutdown
                - Graceful shutdown complete
2026-02-11 17:29:50 [userService,/] INFO  o.s.b.w.e.tomcat.GracefulShutdown
                - Commencing graceful shutdown. Waiting for active requests to complete
2026-02-11 17:29:50 [userService,/] INFO  o.s.b.w.e.tomcat.GracefulShutdown
                - Graceful shutdown complete
2026-02-11 17:29:50 [userService,/] INFO  o.s.o.j.LocalContainerEntityManagerFactoryBean
                - Closing JPA EntityManagerFactory for persistence unit 'default'
2026-02-11 17:29:50 [userService,/] INFO  com.zaxxer.hikari.HikariDataSource
                - HikariPool-1 - Shutdown initiated...
2026-02-11 17:29:50 [userService,/] INFO  com.zaxxer.hikari.HikariDataSource
                - HikariPool-1 - Shutdown completed.
2026-02-11 17:29:53 [userService,/] INFO  o.g.u.UserManagementServiceApplication
                - Starting UserManagementServiceApplication using Java 25 with PID 10108 (C:\Users\2464280\gencWorkspaces\practiceWorkspace\cruisemate-registration\target\classes started by 2464280 in C:\Users\2464280\gencWorkspaces\practiceWorkspace\cruisemate-registration)
2026-02-11 17:29:53 [userService,/] DEBUG o.g.u.UserManagementServiceApplication
                - Running with Spring Boot v3.5.6, Spring v6.2.11
2026-02-11 17:29:53 [userService,/] INFO  o.g.u.UserManagementServiceApplication
                - The following 1 profile is active: "genc"
2026-02-11 17:29:55 [userService,/] INFO  o.s.d.r.c.RepositoryConfigurationDelegate
                - Bootstrapping Spring Data JPA repositories in DEFAULT mode.
2026-02-11 17:29:55 [userService,/] INFO  o.s.d.r.c.RepositoryConfigurationDelegate
                - Finished Spring Data repository scanning in 145 ms. Found 2 JPA repository interfaces.
2026-02-11 17:29:55 [userService,/] INFO  o.s.cloud.context.scope.GenericScope
                - BeanFactory id=9bee316d-2ab0-3fef-9ae8-11485ce981d2
2026-02-11 17:29:55 [userService,/] INFO  o.s.b.w.e.tomcat.TomcatWebServer
                - Tomcat initialized with port 8086 (http)
2026-02-11 17:29:55 [userService,/] INFO  o.a.catalina.core.StandardService
                - Starting service [Tomcat]
2026-02-11 17:29:55 [userService,/] INFO  o.a.catalina.core.StandardEngine
                - Starting Servlet engine: [Apache Tomcat/10.1.46]
2026-02-11 17:29:55 [userService,/] INFO  o.a.c.c.C.[Tomcat].[localhost].[/]
                - Initializing Spring embedded WebApplicationContext
2026-02-11 17:29:55 [userService,/] INFO  o.s.b.w.s.c.ServletWebServerApplicationContext
                - Root WebApplicationContext: initialization completed in 2023 ms
2026-02-11 17:29:56 [userService,/] INFO  o.h.jpa.internal.util.LogHelper
                - HHH000204: Processing PersistenceUnitInfo [name: default]
2026-02-11 17:29:56 [userService,/] INFO  org.hibernate.Version
                - HHH000412: Hibernate ORM core version 6.6.29.Final
2026-02-11 17:29:56 [userService,/] INFO  o.h.c.i.RegionFactoryInitiator
                - HHH000026: Second-level cache disabled
2026-02-11 17:29:56 [userService,/] INFO  o.s.o.j.p.SpringPersistenceUnitInfo
                - No LoadTimeWeaver setup: ignoring JPA class transformer
2026-02-11 17:29:56 [userService,/] INFO  com.zaxxer.hikari.HikariDataSource
                - HikariPool-1 - Starting...
2026-02-11 17:29:56 [userService,/] INFO  com.zaxxer.hikari.pool.HikariPool
                - HikariPool-1 - Added connection com.mysql.cj.jdbc.ConnectionImpl@291028d7
2026-02-11 17:29:56 [userService,/] INFO  com.zaxxer.hikari.HikariDataSource
                - HikariPool-1 - Start completed.
2026-02-11 17:29:56 [userService,/] WARN  org.hibernate.orm.deprecation
                - HHH90000025: MySQLDialect does not need to be specified explicitly using 'hibernate.dialect' (remove the property setting and it will be selected by default)
2026-02-11 17:29:56 [userService,/] INFO  o.hibernate.orm.connections.pooling
                - HHH10001005: Database info:
	Database JDBC URL [Connecting through datasource 'HikariDataSource (HikariPool-1)']
	Database driver: undefined/unknown
	Database version: 8.0.44
	Autocommit mode: undefined/unknown
	Isolation level: undefined/unknown
	Minimum pool size: undefined/unknown
	Maximum pool size: undefined/unknown
2026-02-11 17:29:57 [userService,/] INFO  o.h.e.t.j.p.i.JtaPlatformInitiator
                - HHH000489: No JTA platform available (set 'hibernate.transaction.jta.platform' to enable JTA platform integration)
2026-02-11 17:29:57 [userService,/] INFO  o.s.o.j.LocalContainerEntityManagerFactoryBean
                - Initialized JPA EntityManagerFactory for persistence unit 'default'
2026-02-11 17:29:57 [userService,/] DEBUG o.g.u.filter.JwtAuthenticationFilter
                - Filter 'jwtAuthenticationFilter' configured for use
2026-02-11 17:29:58 [userService,/] INFO  o.s.s.c.a.a.c.InitializeUserDetailsBeanManagerConfigurer$InitializeUserDetailsManagerConfigurer
                - Global AuthenticationManager configured with UserDetailsService bean with name customUserDetailsService
2026-02-11 17:29:58 [userService,/] WARN  o.s.b.a.o.j.JpaBaseConfiguration$JpaWebConfiguration
                - spring.jpa.open-in-view is enabled by default. Therefore, database queries may be performed during view rendering. Explicitly configure spring.jpa.open-in-view to disable this warning
2026-02-11 17:29:59 [userService,/] INFO  o.s.c.n.e.c.DiscoveryClientOptionalArgsConfiguration
                - Eureka HTTP Client uses RestTemplate.
2026-02-11 17:29:59 [userService,/] WARN  o.s.c.l.c.LoadBalancerCacheAutoConfiguration$LoadBalancerCaffeineWarnLogger
                - Spring Cloud LoadBalancer is currently working with the default cache. While this cache implementation is useful for development and tests, it's recommended to use Caffeine cache in production.You can switch to using Caffeine cache, by adding it and org.springframework.cache.caffeine.CaffeineCacheManager to the classpath.
2026-02-11 17:29:59 [userService,/] INFO  o.s.b.w.e.tomcat.TomcatWebServer
                - Tomcat started on port 8086 (http) with context path '/'
2026-02-11 17:29:59 [userService,/] INFO  o.s.b.w.e.tomcat.TomcatWebServer
                - Tomcat initialized with port 8090 (http)
2026-02-11 17:29:59 [userService,/] INFO  o.a.catalina.core.StandardService
                - Starting service [Tomcat]
2026-02-11 17:29:59 [userService,/] INFO  o.a.catalina.core.StandardEngine
                - Starting Servlet engine: [Apache Tomcat/10.1.46]
2026-02-11 17:29:59 [userService,/] INFO  o.a.c.c.C.[Tomcat-1].[localhost].[/]
                - Initializing Spring embedded WebApplicationContext
2026-02-11 17:29:59 [userService,/] INFO  o.s.b.w.s.c.ServletWebServerApplicationContext
                - Root WebApplicationContext: initialization completed in 101 ms
2026-02-11 17:29:59 [userService,/] INFO  o.s.b.a.e.web.EndpointLinksResolver
                - Exposing 16 endpoints beneath base path '/actuator'
2026-02-11 17:29:59 [userService,/] INFO  o.s.b.w.e.tomcat.TomcatWebServer
                - Tomcat started on port 8090 (http) with context path '/'
2026-02-11 17:29:59 [userService,/] INFO  o.g.u.UserManagementServiceApplication
                - Started UserManagementServiceApplication in 5.864 seconds (process running for 6.455)
2026-02-11 17:29:59 [userService,/] INFO  o.g.u.UserManagementServiceApplication
                - UserManagementServiceApplication booted up and running
2026-02-11 17:30:10 [userService,/] INFO  o.a.c.c.C.[Tomcat].[localhost].[/]
                - Initializing Spring DispatcherServlet 'dispatcherServlet'
2026-02-11 17:30:10 [userService,/] INFO  o.s.web.servlet.DispatcherServlet
                - Initializing Servlet 'dispatcherServlet'
2026-02-11 17:30:10 [userService,/] INFO  o.s.web.servlet.DispatcherServlet
                - Completed initialization in 1 ms
2026-02-11 17:30:10 [userService,/] DEBUG o.g.u.filter.JwtAuthenticationFilter
                - No Authorization header or invalid format for request: /cruises
2026-02-11 17:30:10 [userService,/] ERROR o.g.u.s.CustomAuthenticationEntryPoint
                - Authentication failure: Full authentication is required to access this resource 
2026-02-11 17:30:10 [userService,/] DEBUG o.g.u.filter.JwtAuthenticationFilter
                - No Authorization header or invalid format for request: /cruises
2026-02-11 17:30:10 [userService,/] ERROR o.g.u.s.CustomAuthenticationEntryPoint
                - Authentication failure: Full authentication is required to access this resource 
2026-02-11 17:33:42 [userService,/] INFO  o.s.b.w.e.tomcat.GracefulShutdown
                - Commencing graceful shutdown. Waiting for active requests to complete
2026-02-11 17:33:42 [userService,/] INFO  o.s.b.w.e.tomcat.GracefulShutdown
                - Graceful shutdown complete
2026-02-11 17:33:42 [userService,/] INFO  o.s.b.w.e.tomcat.GracefulShutdown
                - Commencing graceful shutdown. Waiting for active requests to complete
2026-02-11 17:33:42 [userService,/] INFO  o.s.b.w.e.tomcat.GracefulShutdown
                - Graceful shutdown complete
2026-02-11 17:33:43 [userService,/] INFO  o.s.o.j.LocalContainerEntityManagerFactoryBean
                - Closing JPA EntityManagerFactory for persistence unit 'default'
2026-02-11 17:33:43 [userService,/] INFO  com.zaxxer.hikari.HikariDataSource
                - HikariPool-1 - Shutdown initiated...
2026-02-11 17:33:43 [userService,/] INFO  com.zaxxer.hikari.HikariDataSource
                - HikariPool-1 - Shutdown completed.
2026-02-11 17:33:46 [userService,/] INFO  o.g.u.UserManagementServiceApplication
                - Starting UserManagementServiceApplication using Java 25 with PID 17300 (C:\Users\2464280\gencWorkspaces\practiceWorkspace\cruisemate-registration\target\classes started by 2464280 in C:\Users\2464280\gencWorkspaces\practiceWorkspace\cruisemate-registration)
2026-02-11 17:33:46 [userService,/] DEBUG o.g.u.UserManagementServiceApplication
                - Running with Spring Boot v3.5.6, Spring v6.2.11
2026-02-11 17:33:46 [userService,/] INFO  o.g.u.UserManagementServiceApplication
                - The following 1 profile is active: "genc"
2026-02-11 17:33:47 [userService,/] INFO  o.s.d.r.c.RepositoryConfigurationDelegate
                - Bootstrapping Spring Data JPA repositories in DEFAULT mode.
2026-02-11 17:33:48 [userService,/] INFO  o.s.d.r.c.RepositoryConfigurationDelegate
                - Finished Spring Data repository scanning in 132 ms. Found 2 JPA repository interfaces.
2026-02-11 17:33:48 [userService,/] INFO  o.s.cloud.context.scope.GenericScope
                - BeanFactory id=9bee316d-2ab0-3fef-9ae8-11485ce981d2
2026-02-11 17:33:48 [userService,/] INFO  o.s.b.w.e.tomcat.TomcatWebServer
                - Tomcat initialized with port 8086 (http)
2026-02-11 17:33:48 [userService,/] INFO  o.a.catalina.core.StandardService
                - Starting service [Tomcat]
2026-02-11 17:33:48 [userService,/] INFO  o.a.catalina.core.StandardEngine
                - Starting Servlet engine: [Apache Tomcat/10.1.46]
2026-02-11 17:33:48 [userService,/] INFO  o.a.c.c.C.[Tomcat].[localhost].[/]
                - Initializing Spring embedded WebApplicationContext
2026-02-11 17:33:48 [userService,/] INFO  o.s.b.w.s.c.ServletWebServerApplicationContext
                - Root WebApplicationContext: initialization completed in 1984 ms
2026-02-11 17:33:49 [userService,/] INFO  o.h.jpa.internal.util.LogHelper
                - HHH000204: Processing PersistenceUnitInfo [name: default]
2026-02-11 17:33:49 [userService,/] INFO  org.hibernate.Version
                - HHH000412: Hibernate ORM core version 6.6.29.Final
2026-02-11 17:33:49 [userService,/] INFO  o.h.c.i.RegionFactoryInitiator
                - HHH000026: Second-level cache disabled
2026-02-11 17:33:49 [userService,/] INFO  o.s.o.j.p.SpringPersistenceUnitInfo
                - No LoadTimeWeaver setup: ignoring JPA class transformer
2026-02-11 17:33:49 [userService,/] INFO  com.zaxxer.hikari.HikariDataSource
                - HikariPool-1 - Starting...
2026-02-11 17:33:49 [userService,/] INFO  com.zaxxer.hikari.pool.HikariPool
                - HikariPool-1 - Added connection com.mysql.cj.jdbc.ConnectionImpl@450f0d89
2026-02-11 17:33:49 [userService,/] INFO  com.zaxxer.hikari.HikariDataSource
                - HikariPool-1 - Start completed.
2026-02-11 17:33:49 [userService,/] WARN  org.hibernate.orm.deprecation
                - HHH90000025: MySQLDialect does not need to be specified explicitly using 'hibernate.dialect' (remove the property setting and it will be selected by default)
2026-02-11 17:33:49 [userService,/] INFO  o.hibernate.orm.connections.pooling
                - HHH10001005: Database info:
	Database JDBC URL [Connecting through datasource 'HikariDataSource (HikariPool-1)']
	Database driver: undefined/unknown
	Database version: 8.0.44
	Autocommit mode: undefined/unknown
	Isolation level: undefined/unknown
	Minimum pool size: undefined/unknown
	Maximum pool size: undefined/unknown
2026-02-11 17:33:50 [userService,/] INFO  o.h.e.t.j.p.i.JtaPlatformInitiator
                - HHH000489: No JTA platform available (set 'hibernate.transaction.jta.platform' to enable JTA platform integration)
2026-02-11 17:33:50 [userService,/] INFO  o.s.o.j.LocalContainerEntityManagerFactoryBean
                - Initialized JPA EntityManagerFactory for persistence unit 'default'
2026-02-11 17:33:50 [userService,/] DEBUG o.g.u.filter.JwtAuthenticationFilter
                - Filter 'jwtAuthenticationFilter' configured for use
2026-02-11 17:33:50 [userService,/] INFO  o.s.s.c.a.a.c.InitializeUserDetailsBeanManagerConfigurer$InitializeUserDetailsManagerConfigurer
                - Global AuthenticationManager configured with UserDetailsService bean with name customUserDetailsService
2026-02-11 17:33:50 [userService,/] WARN  o.s.b.a.o.j.JpaBaseConfiguration$JpaWebConfiguration
                - spring.jpa.open-in-view is enabled by default. Therefore, database queries may be performed during view rendering. Explicitly configure spring.jpa.open-in-view to disable this warning
2026-02-11 17:33:51 [userService,/] INFO  o.s.c.n.e.c.DiscoveryClientOptionalArgsConfiguration
                - Eureka HTTP Client uses RestTemplate.
2026-02-11 17:33:51 [userService,/] WARN  o.s.c.l.c.LoadBalancerCacheAutoConfiguration$LoadBalancerCaffeineWarnLogger
                - Spring Cloud LoadBalancer is currently working with the default cache. While this cache implementation is useful for development and tests, it's recommended to use Caffeine cache in production.You can switch to using Caffeine cache, by adding it and org.springframework.cache.caffeine.CaffeineCacheManager to the classpath.
2026-02-11 17:33:51 [userService,/] INFO  o.s.b.w.e.tomcat.TomcatWebServer
                - Tomcat started on port 8086 (http) with context path '/'
2026-02-11 17:33:51 [userService,/] INFO  o.s.b.w.e.tomcat.TomcatWebServer
                - Tomcat initialized with port 8090 (http)
2026-02-11 17:33:51 [userService,/] INFO  o.a.catalina.core.StandardService
                - Starting service [Tomcat]
2026-02-11 17:33:51 [userService,/] INFO  o.a.catalina.core.StandardEngine
                - Starting Servlet engine: [Apache Tomcat/10.1.46]
2026-02-11 17:33:51 [userService,/] INFO  o.a.c.c.C.[Tomcat-1].[localhost].[/]
                - Initializing Spring embedded WebApplicationContext
2026-02-11 17:33:51 [userService,/] INFO  o.s.b.w.s.c.ServletWebServerApplicationContext
                - Root WebApplicationContext: initialization completed in 112 ms
2026-02-11 17:33:51 [userService,/] INFO  o.s.b.a.e.web.EndpointLinksResolver
                - Exposing 16 endpoints beneath base path '/actuator'
2026-02-11 17:33:51 [userService,/] INFO  o.s.b.w.e.tomcat.TomcatWebServer
                - Tomcat started on port 8090 (http) with context path '/'
2026-02-11 17:33:51 [userService,/] INFO  o.g.u.UserManagementServiceApplication
                - Started UserManagementServiceApplication in 5.665 seconds (process running for 6.317)
2026-02-11 17:33:52 [userService,/] INFO  o.g.u.UserManagementServiceApplication
                - UserManagementServiceApplication booted up and running
2026-02-11 17:34:04 [userService,/] INFO  o.a.c.c.C.[Tomcat].[localhost].[/]
                - Initializing Spring DispatcherServlet 'dispatcherServlet'
2026-02-11 17:34:04 [userService,/] INFO  o.s.web.servlet.DispatcherServlet
                - Initializing Servlet 'dispatcherServlet'
2026-02-11 17:34:04 [userService,/] INFO  o.s.web.servlet.DispatcherServlet
                - Completed initialization in 2 ms
2026-02-11 17:34:04 [userService,/] DEBUG o.g.u.filter.JwtAuthenticationFilter
                - No Authorization header or invalid format for request: /cruises
2026-02-11 17:34:04 [userService,/] DEBUG o.g.u.filter.JwtAuthenticationFilter
                - No Authorization header or invalid format for request: /cruises
2026-02-11 17:34:08 [userService,/] DEBUG o.g.u.filter.JwtAuthenticationFilter
                - No Authorization header or invalid format for request: /cruises
2026-02-11 17:34:08 [userService,/] DEBUG o.g.u.filter.JwtAuthenticationFilter
                - No Authorization header or invalid format for request: /cruises
2026-02-11 17:34:20 [userService,/] ERROR o.g.usermgmt.resource.AuthController
                - Invalid credentials: Bad credentials
2026-02-11 17:34:44 [userService,/] ERROR o.g.usermgmt.resource.AuthController
                - Invalid credentials: Bad credentials
2026-02-11 17:35:08 [userService,/] DEBUG o.g.u.filter.JwtAuthenticationFilter
                - No Authorization header or invalid format for request: /cruises
2026-02-11 17:35:08 [userService,/] DEBUG o.g.u.filter.JwtAuthenticationFilter
                - No Authorization header or invalid format for request: /cruises
2026-02-11 17:35:12 [userService,/] INFO  o.g.u.s.i.CustomUserDetailsService
                - User   found username kapil123 , role s ize 1
2026-02-11 17:35:12 [userService,/] INFO  o.g.u.s.i.CustomUserDetailsService
                - User   found username kapil123 , role s ize 1
2026-02-11 17:35:12 [userService,/] INFO  o.g.usermgmt.resource.AuthController
                - Access from userService on port 8086 (instance: userService:09604e9fac93d5390f0343fd3b1437ce)
2026-02-11 17:35:12 [userService,/] ERROR o.g.u.filter.JwtAuthenticationFilter
                - Error extracting username from token: Invalid compact JWT string: Compact JWSs must contain exactly 2 period characters, and compact JWEs must contain exactly 4.  Found: 0
2026-02-11 17:35:12 [userService,/] ERROR o.g.u.filter.JwtAuthenticationFilter
                - Error extracting username from token: Invalid compact JWT string: Compact JWSs must contain exactly 2 period characters, and compact JWEs must contain exactly 4.  Found: 0
2026-02-11 17:35:12 [userService,/] ERROR o.g.u.filter.JwtAuthenticationFilter
                - Error extracting username from token: Invalid compact JWT string: Compact JWSs must contain exactly 2 period characters, and compact JWEs must contain exactly 4.  Found: 0
2026-02-11 17:35:12 [userService,/] ERROR o.g.u.s.CustomAuthenticationEntryPoint
                - Authentication failure: Full authentication is required to access this resource 
2026-02-11 17:35:12 [userService,/] ERROR o.g.u.s.CustomAuthenticationEntryPoint
                - Authentication failure: Full authentication is required to access this resource 
2026-02-11 17:35:12 [userService,/] ERROR o.g.u.s.CustomAuthenticationEntryPoint
                - Authentication failure: Full authentication is required to access this resource 
2026-02-11 17:35:12 [userService,/] ERROR o.g.u.filter.JwtAuthenticationFilter
                - Error extracting username from token: Invalid compact JWT string: Compact JWSs must contain exactly 2 period characters, and compact JWEs must contain exactly 4.  Found: 0
2026-02-11 17:35:12 [userService,/] ERROR o.g.u.filter.JwtAuthenticationFilter
                - Error extracting username from token: Invalid compact JWT string: Compact JWSs must contain exactly 2 period characters, and compact JWEs must contain exactly 4.  Found: 0
2026-02-11 17:35:12 [userService,/] ERROR o.g.u.filter.JwtAuthenticationFilter
                - Error extracting username from token: Invalid compact JWT string: Compact JWSs must contain exactly 2 period characters, and compact JWEs must contain exactly 4.  Found: 0
2026-02-11 17:35:12 [userService,/] ERROR o.g.u.s.CustomAuthenticationEntryPoint
                - Authentication failure: Full authentication is required to access this resource 
2026-02-11 17:35:12 [userService,/] ERROR o.g.u.s.CustomAuthenticationEntryPoint
                - Authentication failure: Full authentication is required to access this resource 
2026-02-11 17:35:12 [userService,/] ERROR o.g.u.s.CustomAuthenticationEntryPoint
                - Authentication failure: Full authentication is required to access this resource 
2026-02-11 17:35:15 [userService,/] INFO  o.g.u.s.i.CustomUserDetailsService
                - User   found username kapil123 , role s ize 1
2026-02-11 17:35:15 [userService,/] INFO  o.g.u.s.i.CustomUserDetailsService
                - User   found username kapil123 , role s ize 1
2026-02-11 17:35:15 [userService,/] INFO  o.g.usermgmt.resource.AuthController
                - Access from userService on port 8086 (instance: userService:09604e9fac93d5390f0343fd3b1437ce)
2026-02-11 17:35:15 [userService,/] ERROR o.g.u.filter.JwtAuthenticationFilter
                - Error extracting username from token: Invalid compact JWT string: Compact JWSs must contain exactly 2 period characters, and compact JWEs must contain exactly 4.  Found: 0
2026-02-11 17:35:15 [userService,/] ERROR o.g.u.s.CustomAuthenticationEntryPoint
                - Authentication failure: Full authentication is required to access this resource 
2026-02-11 17:35:15 [userService,/] ERROR o.g.u.filter.JwtAuthenticationFilter
                - Error extracting username from token: Invalid compact JWT string: Compact JWSs must contain exactly 2 period characters, and compact JWEs must contain exactly 4.  Found: 0
2026-02-11 17:35:15 [userService,/] ERROR o.g.u.filter.JwtAuthenticationFilter
                - Error extracting username from token: Invalid compact JWT string: Compact JWSs must contain exactly 2 period characters, and compact JWEs must contain exactly 4.  Found: 0
2026-02-11 17:35:15 [userService,/] ERROR o.g.u.s.CustomAuthenticationEntryPoint
                - Authentication failure: Full authentication is required to access this resource 
2026-02-11 17:35:15 [userService,/] ERROR o.g.u.s.CustomAuthenticationEntryPoint
                - Authentication failure: Full authentication is required to access this resource 
2026-02-11 17:35:15 [userService,/] ERROR o.g.u.filter.JwtAuthenticationFilter
                - Error extracting username from token: Invalid compact JWT string: Compact JWSs must contain exactly 2 period characters, and compact JWEs must contain exactly 4.  Found: 0
2026-02-11 17:35:15 [userService,/] ERROR o.g.u.filter.JwtAuthenticationFilter
                - Error extracting username from token: Invalid compact JWT string: Compact JWSs must contain exactly 2 period characters, and compact JWEs must contain exactly 4.  Found: 0
2026-02-11 17:35:15 [userService,/] ERROR o.g.u.filter.JwtAuthenticationFilter
                - Error extracting username from token: Invalid compact JWT string: Compact JWSs must contain exactly 2 period characters, and compact JWEs must contain exactly 4.  Found: 0
2026-02-11 17:35:15 [userService,/] ERROR o.g.u.s.CustomAuthenticationEntryPoint
                - Authentication failure: Full authentication is required to access this resource 
2026-02-11 17:35:15 [userService,/] ERROR o.g.u.s.CustomAuthenticationEntryPoint
                - Authentication failure: Full authentication is required to access this resource 
2026-02-11 17:35:15 [userService,/] ERROR o.g.u.s.CustomAuthenticationEntryPoint
                - Authentication failure: Full authentication is required to access this resource 
2026-02-11 17:35:18 [userService,/] INFO  o.g.u.s.i.CustomUserDetailsService
                - User   found username kapil123 , role s ize 1
2026-02-11 17:35:18 [userService,/] INFO  o.g.u.s.i.CustomUserDetailsService
                - User   found username kapil123 , role s ize 1
2026-02-11 17:35:18 [userService,/] INFO  o.g.usermgmt.resource.AuthController
                - Access from userService on port 8086 (instance: userService:09604e9fac93d5390f0343fd3b1437ce)
2026-02-11 17:35:18 [userService,/] ERROR o.g.u.filter.JwtAuthenticationFilter
                - Error extracting username from token: Invalid compact JWT string: Compact JWSs must contain exactly 2 period characters, and compact JWEs must contain exactly 4.  Found: 0
2026-02-11 17:35:18 [userService,/] ERROR o.g.u.filter.JwtAuthenticationFilter
                - Error extracting username from token: Invalid compact JWT string: Compact JWSs must contain exactly 2 period characters, and compact JWEs must contain exactly 4.  Found: 0
2026-02-11 17:35:18 [userService,/] ERROR o.g.u.filter.JwtAuthenticationFilter
                - Error extracting username from token: Invalid compact JWT string: Compact JWSs must contain exactly 2 period characters, and compact JWEs must contain exactly 4.  Found: 0
2026-02-11 17:35:18 [userService,/] ERROR o.g.u.s.CustomAuthenticationEntryPoint
                - Authentication failure: Full authentication is required to access this resource 
2026-02-11 17:35:18 [userService,/] ERROR o.g.u.s.CustomAuthenticationEntryPoint
                - Authentication failure: Full authentication is required to access this resource 
2026-02-11 17:35:18 [userService,/] ERROR o.g.u.s.CustomAuthenticationEntryPoint
                - Authentication failure: Full authentication is required to access this resource 
2026-02-11 17:35:18 [userService,/] ERROR o.g.u.filter.JwtAuthenticationFilter
                - Error extracting username from token: Invalid compact JWT string: Compact JWSs must contain exactly 2 period characters, and compact JWEs must contain exactly 4.  Found: 0
2026-02-11 17:35:18 [userService,/] ERROR o.g.u.filter.JwtAuthenticationFilter
                - Error extracting username from token: Invalid compact JWT string: Compact JWSs must contain exactly 2 period characters, and compact JWEs must contain exactly 4.  Found: 0
2026-02-11 17:35:18 [userService,/] ERROR o.g.u.filter.JwtAuthenticationFilter
                - Error extracting username from token: Invalid compact JWT string: Compact JWSs must contain exactly 2 period characters, and compact JWEs must contain exactly 4.  Found: 0
2026-02-11 17:35:18 [userService,/] ERROR o.g.u.s.CustomAuthenticationEntryPoint
                - Authentication failure: Full authentication is required to access this resource 
2026-02-11 17:35:18 [userService,/] ERROR o.g.u.s.CustomAuthenticationEntryPoint
                - Authentication failure: Full authentication is required to access this resource 
2026-02-11 17:35:18 [userService,/] ERROR o.g.u.s.CustomAuthenticationEntryPoint
                - Authentication failure: Full authentication is required to access this resource 
2026-02-11 17:35:20 [userService,/] INFO  o.g.u.s.i.CustomUserDetailsService
                - User   found username kapil123 , role s ize 1
2026-02-11 17:35:21 [userService,/] INFO  o.g.u.s.i.CustomUserDetailsService
                - User   found username kapil123 , role s ize 1
2026-02-11 17:35:21 [userService,/] INFO  o.g.usermgmt.resource.AuthController
                - Access from userService on port 8086 (instance: userService:09604e9fac93d5390f0343fd3b1437ce)
2026-02-11 17:35:21 [userService,/] ERROR o.g.u.filter.JwtAuthenticationFilter
                - Error extracting username from token: Invalid compact JWT string: Compact JWSs must contain exactly 2 period characters, and compact JWEs must contain exactly 4.  Found: 0
2026-02-11 17:35:21 [userService,/] ERROR o.g.u.filter.JwtAuthenticationFilter
                - Error extracting username from token: Invalid compact JWT string: Compact JWSs must contain exactly 2 period characters, and compact JWEs must contain exactly 4.  Found: 0
2026-02-11 17:35:21 [userService,/] ERROR o.g.u.filter.JwtAuthenticationFilter
                - Error extracting username from token: Invalid compact JWT string: Compact JWSs must contain exactly 2 period characters, and compact JWEs must contain exactly 4.  Found: 0
2026-02-11 17:35:21 [userService,/] ERROR o.g.u.s.CustomAuthenticationEntryPoint
                - Authentication failure: Full authentication is required to access this resource 
2026-02-11 17:35:21 [userService,/] ERROR o.g.u.s.CustomAuthenticationEntryPoint
                - Authentication failure: Full authentication is required to access this resource 
2026-02-11 17:35:21 [userService,/] ERROR o.g.u.s.CustomAuthenticationEntryPoint
                - Authentication failure: Full authentication is required to access this resource 
2026-02-11 17:35:21 [userService,/] ERROR o.g.u.filter.JwtAuthenticationFilter
                - Error extracting username from token: Invalid compact JWT string: Compact JWSs must contain exactly 2 period characters, and compact JWEs must contain exactly 4.  Found: 0
2026-02-11 17:35:21 [userService,/] ERROR o.g.u.filter.JwtAuthenticationFilter
                - Error extracting username from token: Invalid compact JWT string: Compact JWSs must contain exactly 2 period characters, and compact JWEs must contain exactly 4.  Found: 0
2026-02-11 17:35:21 [userService,/] ERROR o.g.u.filter.JwtAuthenticationFilter
                - Error extracting username from token: Invalid compact JWT string: Compact JWSs must contain exactly 2 period characters, and compact JWEs must contain exactly 4.  Found: 0
2026-02-11 17:35:21 [userService,/] ERROR o.g.u.s.CustomAuthenticationEntryPoint
                - Authentication failure: Full authentication is required to access this resource 
2026-02-11 17:35:21 [userService,/] ERROR o.g.u.s.CustomAuthenticationEntryPoint
                - Authentication failure: Full authentication is required to access this resource 
2026-02-11 17:35:21 [userService,/] ERROR o.g.u.s.CustomAuthenticationEntryPoint
                - Authentication failure: Full authentication is required to access this resource 
2026-02-11 17:35:36 [userService,/] INFO  o.s.b.w.e.tomcat.GracefulShutdown
                - Commencing graceful shutdown. Waiting for active requests to complete
2026-02-11 17:35:36 [userService,/] INFO  o.s.b.w.e.tomcat.GracefulShutdown
                - Graceful shutdown complete
2026-02-11 17:35:36 [userService,/] INFO  o.s.b.w.e.tomcat.GracefulShutdown
                - Commencing graceful shutdown. Waiting for active requests to complete
2026-02-11 17:35:36 [userService,/] INFO  o.s.b.w.e.tomcat.GracefulShutdown
                - Graceful shutdown complete
2026-02-11 17:35:36 [userService,/] INFO  o.s.o.j.LocalContainerEntityManagerFactoryBean
                - Closing JPA EntityManagerFactory for persistence unit 'default'
2026-02-11 17:35:36 [userService,/] INFO  com.zaxxer.hikari.HikariDataSource
                - HikariPool-1 - Shutdown initiated...
2026-02-11 17:35:36 [userService,/] INFO  com.zaxxer.hikari.HikariDataSource
                - HikariPool-1 - Shutdown completed.
2026-02-11 17:35:39 [userService,/] INFO  o.g.u.UserManagementServiceApplication
                - Starting UserManagementServiceApplication using Java 25 with PID 5860 (C:\Users\2464280\gencWorkspaces\practiceWorkspace\cruisemate-registration\target\classes started by 2464280 in C:\Users\2464280\gencWorkspaces\practiceWorkspace\cruisemate-registration)
2026-02-11 17:35:39 [userService,/] DEBUG o.g.u.UserManagementServiceApplication
                - Running with Spring Boot v3.5.6, Spring v6.2.11
2026-02-11 17:35:39 [userService,/] INFO  o.g.u.UserManagementServiceApplication
                - The following 1 profile is active: "genc"
2026-02-11 17:35:40 [userService,/] INFO  o.s.d.r.c.RepositoryConfigurationDelegate
                - Bootstrapping Spring Data JPA repositories in DEFAULT mode.
2026-02-11 17:35:41 [userService,/] INFO  o.s.d.r.c.RepositoryConfigurationDelegate
                - Finished Spring Data repository scanning in 132 ms. Found 2 JPA repository interfaces.
2026-02-11 17:35:41 [userService,/] INFO  o.s.cloud.context.scope.GenericScope
                - BeanFactory id=9bee316d-2ab0-3fef-9ae8-11485ce981d2
2026-02-11 17:35:41 [userService,/] INFO  o.s.b.w.e.tomcat.TomcatWebServer
                - Tomcat initialized with port 8086 (http)
2026-02-11 17:35:41 [userService,/] INFO  o.a.catalina.core.StandardService
                - Starting service [Tomcat]
2026-02-11 17:35:41 [userService,/] INFO  o.a.catalina.core.StandardEngine
                - Starting Servlet engine: [Apache Tomcat/10.1.46]
2026-02-11 17:35:41 [userService,/] INFO  o.a.c.c.C.[Tomcat].[localhost].[/]
                - Initializing Spring embedded WebApplicationContext
2026-02-11 17:35:41 [userService,/] INFO  o.s.b.w.s.c.ServletWebServerApplicationContext
                - Root WebApplicationContext: initialization completed in 2045 ms
2026-02-11 17:35:42 [userService,/] INFO  o.h.jpa.internal.util.LogHelper
                - HHH000204: Processing PersistenceUnitInfo [name: default]
2026-02-11 17:35:42 [userService,/] INFO  org.hibernate.Version
                - HHH000412: Hibernate ORM core version 6.6.29.Final
2026-02-11 17:35:42 [userService,/] INFO  o.h.c.i.RegionFactoryInitiator
                - HHH000026: Second-level cache disabled
2026-02-11 17:35:42 [userService,/] INFO  o.s.o.j.p.SpringPersistenceUnitInfo
                - No LoadTimeWeaver setup: ignoring JPA class transformer
2026-02-11 17:35:42 [userService,/] INFO  com.zaxxer.hikari.HikariDataSource
                - HikariPool-1 - Starting...
2026-02-11 17:35:42 [userService,/] INFO  com.zaxxer.hikari.pool.HikariPool
                - HikariPool-1 - Added connection com.mysql.cj.jdbc.ConnectionImpl@284b487f
2026-02-11 17:35:42 [userService,/] INFO  com.zaxxer.hikari.HikariDataSource
                - HikariPool-1 - Start completed.
2026-02-11 17:35:42 [userService,/] WARN  org.hibernate.orm.deprecation
                - HHH90000025: MySQLDialect does not need to be specified explicitly using 'hibernate.dialect' (remove the property setting and it will be selected by default)
2026-02-11 17:35:42 [userService,/] INFO  o.hibernate.orm.connections.pooling
                - HHH10001005: Database info:
	Database JDBC URL [Connecting through datasource 'HikariDataSource (HikariPool-1)']
	Database driver: undefined/unknown
	Database version: 8.0.44
	Autocommit mode: undefined/unknown
	Isolation level: undefined/unknown
	Minimum pool size: undefined/unknown
	Maximum pool size: undefined/unknown
2026-02-11 17:35:43 [userService,/] INFO  o.h.e.t.j.p.i.JtaPlatformInitiator
                - HHH000489: No JTA platform available (set 'hibernate.transaction.jta.platform' to enable JTA platform integration)
2026-02-11 17:35:43 [userService,/] INFO  o.s.o.j.LocalContainerEntityManagerFactoryBean
                - Initialized JPA EntityManagerFactory for persistence unit 'default'
2026-02-11 17:35:43 [userService,/] DEBUG o.g.u.filter.JwtAuthenticationFilter
                - Filter 'jwtAuthenticationFilter' configured for use
2026-02-11 17:35:44 [userService,/] INFO  o.s.s.c.a.a.c.InitializeUserDetailsBeanManagerConfigurer$InitializeUserDetailsManagerConfigurer
                - Global AuthenticationManager configured with UserDetailsService bean with name customUserDetailsService
2026-02-11 17:35:44 [userService,/] WARN  o.s.b.a.o.j.JpaBaseConfiguration$JpaWebConfiguration
                - spring.jpa.open-in-view is enabled by default. Therefore, database queries may be performed during view rendering. Explicitly configure spring.jpa.open-in-view to disable this warning
2026-02-11 17:35:45 [userService,/] INFO  o.s.c.n.e.c.DiscoveryClientOptionalArgsConfiguration
                - Eureka HTTP Client uses RestTemplate.
2026-02-11 17:35:45 [userService,/] WARN  o.s.c.l.c.LoadBalancerCacheAutoConfiguration$LoadBalancerCaffeineWarnLogger
                - Spring Cloud LoadBalancer is currently working with the default cache. While this cache implementation is useful for development and tests, it's recommended to use Caffeine cache in production.You can switch to using Caffeine cache, by adding it and org.springframework.cache.caffeine.CaffeineCacheManager to the classpath.
2026-02-11 17:35:45 [userService,/] INFO  o.s.b.w.e.tomcat.TomcatWebServer
                - Tomcat started on port 8086 (http) with context path '/'
2026-02-11 17:35:45 [userService,/] INFO  o.s.b.w.e.tomcat.TomcatWebServer
                - Tomcat initialized with port 8090 (http)
2026-02-11 17:35:45 [userService,/] INFO  o.a.catalina.core.StandardService
                - Starting service [Tomcat]
2026-02-11 17:35:45 [userService,/] INFO  o.a.catalina.core.StandardEngine
                - Starting Servlet engine: [Apache Tomcat/10.1.46]
2026-02-11 17:35:45 [userService,/] INFO  o.a.c.c.C.[Tomcat-1].[localhost].[/]
                - Initializing Spring embedded WebApplicationContext
2026-02-11 17:35:45 [userService,/] INFO  o.s.b.w.s.c.ServletWebServerApplicationContext
                - Root WebApplicationContext: initialization completed in 116 ms
2026-02-11 17:35:45 [userService,/] INFO  o.s.b.a.e.web.EndpointLinksResolver
                - Exposing 16 endpoints beneath base path '/actuator'
2026-02-11 17:35:45 [userService,/] INFO  o.s.b.w.e.tomcat.TomcatWebServer
                - Tomcat started on port 8090 (http) with context path '/'
2026-02-11 17:35:45 [userService,/] INFO  o.g.u.UserManagementServiceApplication
                - Started UserManagementServiceApplication in 6.215 seconds (process running for 6.891)
2026-02-11 17:35:45 [userService,/] INFO  o.g.u.UserManagementServiceApplication
                - UserManagementServiceApplication booted up and running
2026-02-11 17:35:58 [userService,/] INFO  o.a.c.c.C.[Tomcat].[localhost].[/]
                - Initializing Spring DispatcherServlet 'dispatcherServlet'
2026-02-11 17:35:58 [userService,/] INFO  o.s.web.servlet.DispatcherServlet
                - Initializing Servlet 'dispatcherServlet'
2026-02-11 17:35:58 [userService,/] INFO  o.s.web.servlet.DispatcherServlet
                - Completed initialization in 1 ms
2026-02-11 17:35:58 [userService,/] INFO  o.g.u.s.i.CustomUserDetailsService
                - User   found username kapil123 , role s ize 1
2026-02-11 17:35:58 [userService,/] INFO  o.g.u.s.i.CustomUserDetailsService
                - User   found username kapil123 , role s ize 1
2026-02-11 17:35:58 [userService,/] INFO  o.g.usermgmt.resource.AuthController
                - Access from userService on port 8086 (instance: userService:dd445954a4188bf6f4b00132e823a44c)
2026-02-11 17:35:58 [userService,/] ERROR o.g.u.filter.JwtAuthenticationFilter
                - Error extracting username from token: Invalid compact JWT string: Compact JWSs must contain exactly 2 period characters, and compact JWEs must contain exactly 4.  Found: 0
2026-02-11 17:35:58 [userService,/] ERROR o.g.u.filter.JwtAuthenticationFilter
                - Error extracting username from token: Invalid compact JWT string: Compact JWSs must contain exactly 2 period characters, and compact JWEs must contain exactly 4.  Found: 0
2026-02-11 17:35:58 [userService,/] ERROR o.g.u.filter.JwtAuthenticationFilter
                - Error extracting username from token: Invalid compact JWT string: Compact JWSs must contain exactly 2 period characters, and compact JWEs must contain exactly 4.  Found: 0
2026-02-11 17:35:58 [userService,/] ERROR o.g.u.s.CustomAuthenticationEntryPoint
                - Authentication failure: Full authentication is required to access this resource 
2026-02-11 17:35:58 [userService,/] ERROR o.g.u.s.CustomAuthenticationEntryPoint
                - Authentication failure: Full authentication is required to access this resource 
2026-02-11 17:35:58 [userService,/] ERROR o.g.u.s.CustomAuthenticationEntryPoint
                - Authentication failure: Full authentication is required to access this resource 
2026-02-11 17:35:58 [userService,/] ERROR o.g.u.filter.JwtAuthenticationFilter
                - Error extracting username from token: Invalid compact JWT string: Compact JWSs must contain exactly 2 period characters, and compact JWEs must contain exactly 4.  Found: 0
2026-02-11 17:35:58 [userService,/] ERROR o.g.u.filter.JwtAuthenticationFilter
                - Error extracting username from token: Invalid compact JWT string: Compact JWSs must contain exactly 2 period characters, and compact JWEs must contain exactly 4.  Found: 0
2026-02-11 17:35:58 [userService,/] ERROR o.g.u.filter.JwtAuthenticationFilter
                - Error extracting username from token: Invalid compact JWT string: Compact JWSs must contain exactly 2 period characters, and compact JWEs must contain exactly 4.  Found: 0
2026-02-11 17:35:58 [userService,/] ERROR o.g.u.s.CustomAuthenticationEntryPoint
                - Authentication failure: Full authentication is required to access this resource 
2026-02-11 17:35:58 [userService,/] ERROR o.g.u.s.CustomAuthenticationEntryPoint
                - Authentication failure: Full authentication is required to access this resource 
2026-02-11 17:35:58 [userService,/] ERROR o.g.u.s.CustomAuthenticationEntryPoint
                - Authentication failure: Full authentication is required to access this resource 
2026-02-11 18:00:42 [userService,/] INFO  o.s.b.w.e.tomcat.GracefulShutdown
                - Commencing graceful shutdown. Waiting for active requests to complete
2026-02-11 18:00:42 [userService,/] INFO  o.s.b.w.e.tomcat.GracefulShutdown
                - Graceful shutdown complete
2026-02-11 18:00:42 [userService,/] INFO  o.s.b.w.e.tomcat.GracefulShutdown
                - Commencing graceful shutdown. Waiting for active requests to complete
2026-02-11 18:00:42 [userService,/] INFO  o.s.b.w.e.tomcat.GracefulShutdown
                - Graceful shutdown complete
2026-02-11 18:00:42 [userService,/] INFO  o.s.o.j.LocalContainerEntityManagerFactoryBean
                - Closing JPA EntityManagerFactory for persistence unit 'default'
2026-02-11 18:00:42 [userService,/] INFO  com.zaxxer.hikari.HikariDataSource
                - HikariPool-1 - Shutdown initiated...
2026-02-11 18:00:42 [userService,/] INFO  com.zaxxer.hikari.HikariDataSource
                - HikariPool-1 - Shutdown completed.
2026-02-11 18:00:46 [userService,/] INFO  o.g.u.UserManagementServiceApplication
                - Starting UserManagementServiceApplication using Java 25 with PID 22428 (C:\Users\2464280\gencWorkspaces\practiceWorkspace\cruisemate-registration\target\classes started by 2464280 in C:\Users\2464280\gencWorkspaces\practiceWorkspace\cruisemate-registration)
2026-02-11 18:00:46 [userService,/] DEBUG o.g.u.UserManagementServiceApplication
                - Running with Spring Boot v3.5.6, Spring v6.2.11
2026-02-11 18:00:46 [userService,/] INFO  o.g.u.UserManagementServiceApplication
                - The following 1 profile is active: "genc"
2026-02-11 18:00:47 [userService,/] INFO  o.s.d.r.c.RepositoryConfigurationDelegate
                - Bootstrapping Spring Data JPA repositories in DEFAULT mode.
2026-02-11 18:00:47 [userService,/] INFO  o.s.d.r.c.RepositoryConfigurationDelegate
                - Finished Spring Data repository scanning in 142 ms. Found 2 JPA repository interfaces.
2026-02-11 18:00:47 [userService,/] INFO  o.s.cloud.context.scope.GenericScope
                - BeanFactory id=9bee316d-2ab0-3fef-9ae8-11485ce981d2
2026-02-11 18:00:48 [userService,/] INFO  o.s.b.w.e.tomcat.TomcatWebServer
                - Tomcat initialized with port 8086 (http)
2026-02-11 18:00:48 [userService,/] INFO  o.a.catalina.core.StandardService
                - Starting service [Tomcat]
2026-02-11 18:00:48 [userService,/] INFO  o.a.catalina.core.StandardEngine
                - Starting Servlet engine: [Apache Tomcat/10.1.46]
2026-02-11 18:00:48 [userService,/] INFO  o.a.c.c.C.[Tomcat].[localhost].[/]
                - Initializing Spring embedded WebApplicationContext
2026-02-11 18:00:48 [userService,/] INFO  o.s.b.w.s.c.ServletWebServerApplicationContext
                - Root WebApplicationContext: initialization completed in 2000 ms
2026-02-11 18:00:48 [userService,/] INFO  o.h.jpa.internal.util.LogHelper
                - HHH000204: Processing PersistenceUnitInfo [name: default]
2026-02-11 18:00:48 [userService,/] INFO  org.hibernate.Version
                - HHH000412: Hibernate ORM core version 6.6.29.Final
2026-02-11 18:00:48 [userService,/] INFO  o.h.c.i.RegionFactoryInitiator
                - HHH000026: Second-level cache disabled
2026-02-11 18:00:49 [userService,/] INFO  o.s.o.j.p.SpringPersistenceUnitInfo
                - No LoadTimeWeaver setup: ignoring JPA class transformer
2026-02-11 18:00:49 [userService,/] INFO  com.zaxxer.hikari.HikariDataSource
                - HikariPool-1 - Starting...
2026-02-11 18:00:49 [userService,/] INFO  com.zaxxer.hikari.pool.HikariPool
                - HikariPool-1 - Added connection com.mysql.cj.jdbc.ConnectionImpl@2f2f92f
2026-02-11 18:00:49 [userService,/] INFO  com.zaxxer.hikari.HikariDataSource
                - HikariPool-1 - Start completed.
2026-02-11 18:00:49 [userService,/] WARN  org.hibernate.orm.deprecation
                - HHH90000025: MySQLDialect does not need to be specified explicitly using 'hibernate.dialect' (remove the property setting and it will be selected by default)
2026-02-11 18:00:49 [userService,/] INFO  o.hibernate.orm.connections.pooling
                - HHH10001005: Database info:
	Database JDBC URL [Connecting through datasource 'HikariDataSource (HikariPool-1)']
	Database driver: undefined/unknown
	Database version: 8.0.44
	Autocommit mode: undefined/unknown
	Isolation level: undefined/unknown
	Minimum pool size: undefined/unknown
	Maximum pool size: undefined/unknown
2026-02-11 18:00:49 [userService,/] INFO  o.h.e.t.j.p.i.JtaPlatformInitiator
                - HHH000489: No JTA platform available (set 'hibernate.transaction.jta.platform' to enable JTA platform integration)
2026-02-11 18:00:50 [userService,/] WARN  o.h.t.s.i.ExceptionHandlerLoggedImpl
                - GenerationTarget encountered exception accepting command : Error executing DDL "alter table roles modify column name enum ('ADMIN','PASSENGER','ROLE_DEV','ROLE_USER') not null" via JDBC [Data truncated for column 'name' at row 1]
org.hibernate.tool.schema.spi.CommandAcceptanceException: Error executing DDL "alter table roles modify column name enum ('ADMIN','PASSENGER','ROLE_DEV','ROLE_USER') not null" via JDBC [Data truncated for column 'name' at row 1]
	at org.hibernate.tool.schema.internal.exec.GenerationTargetToDatabase.accept(GenerationTargetToDatabase.java:94)
	at org.hibernate.tool.schema.internal.AbstractSchemaMigrator.applySqlString(AbstractSchemaMigrator.java:576)
	at org.hibernate.tool.schema.internal.AbstractSchemaMigrator.applySqlStrings(AbstractSchemaMigrator.java:516)
	at org.hibernate.tool.schema.internal.AbstractSchemaMigrator.migrateTable(AbstractSchemaMigrator.java:334)
	at org.hibernate.tool.schema.internal.GroupedSchemaMigratorImpl.performTablesMigration(GroupedSchemaMigratorImpl.java:84)
	at org.hibernate.tool.schema.internal.AbstractSchemaMigrator.performMigration(AbstractSchemaMigrator.java:233)
	at org.hibernate.tool.schema.internal.AbstractSchemaMigrator.doMigration(AbstractSchemaMigrator.java:112)
	at org.hibernate.tool.schema.spi.SchemaManagementToolCoordinator.performDatabaseAction(SchemaManagementToolCoordinator.java:280)
	at org.hibernate.tool.schema.spi.SchemaManagementToolCoordinator.lambda$process$5(SchemaManagementToolCoordinator.java:144)
	at java.base/java.util.HashMap.forEach(HashMap.java:1430)
	at org.hibernate.tool.schema.spi.SchemaManagementToolCoordinator.process(SchemaManagementToolCoordinator.java:141)
	at org.hibernate.boot.internal.SessionFactoryObserverForSchemaExport.sessionFactoryCreated(SessionFactoryObserverForSchemaExport.java:37)
	at org.hibernate.internal.SessionFactoryObserverChain.sessionFactoryCreated(SessionFactoryObserverChain.java:35)
	at org.hibernate.internal.SessionFactoryImpl.<init>(SessionFactoryImpl.java:324)
	at org.hibernate.boot.internal.SessionFactoryBuilderImpl.build(SessionFactoryBuilderImpl.java:463)
	at org.hibernate.jpa.boot.internal.EntityManagerFactoryBuilderImpl.build(EntityManagerFactoryBuilderImpl.java:1517)
	at org.springframework.orm.jpa.vendor.SpringHibernateJpaPersistenceProvider.createContainerEntityManagerFactory(SpringHibernateJpaPersistenceProvider.java:66)
	at org.springframework.orm.jpa.LocalContainerEntityManagerFactoryBean.createNativeEntityManagerFactory(LocalContainerEntityManagerFactoryBean.java:390)
	at org.springframework.orm.jpa.AbstractEntityManagerFactoryBean.buildNativeEntityManagerFactory(AbstractEntityManagerFactoryBean.java:419)
	at org.springframework.orm.jpa.AbstractEntityManagerFactoryBean.afterPropertiesSet(AbstractEntityManagerFactoryBean.java:400)
	at org.springframework.orm.jpa.LocalContainerEntityManagerFactoryBean.afterPropertiesSet(LocalContainerEntityManagerFactoryBean.java:366)
	at org.springframework.beans.factory.support.AbstractAutowireCapableBeanFactory.invokeInitMethods(AbstractAutowireCapableBeanFactory.java:1873)
	at org.springframework.beans.factory.support.AbstractAutowireCapableBeanFactory.initializeBean(AbstractAutowireCapableBeanFactory.java:1822)
	at org.springframework.beans.factory.support.AbstractAutowireCapableBeanFactory.doCreateBean(AbstractAutowireCapableBeanFactory.java:607)
	at org.springframework.beans.factory.support.AbstractAutowireCapableBeanFactory.createBean(AbstractAutowireCapableBeanFactory.java:529)
	at org.springframework.beans.factory.support.AbstractBeanFactory.lambda$doGetBean$0(AbstractBeanFactory.java:339)
	at org.springframework.beans.factory.support.DefaultSingletonBeanRegistry.getSingleton(DefaultSingletonBeanRegistry.java:373)
	at org.springframework.beans.factory.support.AbstractBeanFactory.doGetBean(AbstractBeanFactory.java:337)
	at org.springframework.beans.factory.support.AbstractBeanFactory.getBean(AbstractBeanFactory.java:202)
	at org.springframework.beans.factory.support.BeanDefinitionValueResolver.resolveReference(BeanDefinitionValueResolver.java:365)
	at org.springframework.beans.factory.support.BeanDefinitionValueResolver.resolveValueIfNecessary(BeanDefinitionValueResolver.java:135)
	at org.springframework.beans.factory.support.ConstructorResolver.resolveConstructorArguments(ConstructorResolver.java:691)
	at org.springframework.beans.factory.support.ConstructorResolver.instantiateUsingFactoryMethod(ConstructorResolver.java:513)
	at org.springframework.beans.factory.support.AbstractAutowireCapableBeanFactory.instantiateUsingFactoryMethod(AbstractAutowireCapableBeanFactory.java:1375)
	at org.springframework.beans.factory.support.AbstractAutowireCapableBeanFactory.createBeanInstance(AbstractAutowireCapableBeanFactory.java:1205)
	at org.springframework.beans.factory.support.AbstractAutowireCapableBeanFactory.doCreateBean(AbstractAutowireCapableBeanFactory.java:569)
	at org.springframework.beans.factory.support.AbstractAutowireCapableBeanFactory.createBean(AbstractAutowireCapableBeanFactory.java:529)
	at org.springframework.beans.factory.support.AbstractBeanFactory.lambda$doGetBean$0(AbstractBeanFactory.java:339)
	at org.springframework.beans.factory.support.DefaultSingletonBeanRegistry.getSingleton(DefaultSingletonBeanRegistry.java:373)
	at org.springframework.beans.factory.support.AbstractBeanFactory.doGetBean(AbstractBeanFactory.java:337)
	at org.springframework.beans.factory.support.AbstractBeanFactory.getBean(AbstractBeanFactory.java:202)
	at org.springframework.beans.factory.support.BeanDefinitionValueResolver.resolveReference(BeanDefinitionValueResolver.java:365)
	at org.springframework.beans.factory.support.BeanDefinitionValueResolver.resolveValueIfNecessary(BeanDefinitionValueResolver.java:135)
	at org.springframework.beans.factory.support.AbstractAutowireCapableBeanFactory.applyPropertyValues(AbstractAutowireCapableBeanFactory.java:1725)
	at org.springframework.beans.factory.support.AbstractAutowireCapableBeanFactory.populateBean(AbstractAutowireCapableBeanFactory.java:1474)
	at org.springframework.beans.factory.support.AbstractAutowireCapableBeanFactory.doCreateBean(AbstractAutowireCapableBeanFactory.java:606)
	at org.springframework.beans.factory.support.AbstractAutowireCapableBeanFactory.createBean(AbstractAutowireCapableBeanFactory.java:529)
	at org.springframework.beans.factory.support.AbstractBeanFactory.lambda$doGetBean$0(AbstractBeanFactory.java:339)
	at org.springframework.beans.factory.support.DefaultSingletonBeanRegistry.getSingleton(DefaultSingletonBeanRegistry.java:373)
	at org.springframework.beans.factory.support.AbstractBeanFactory.doGetBean(AbstractBeanFactory.java:337)
	at org.springframework.beans.factory.support.AbstractBeanFactory.getBean(AbstractBeanFactory.java:202)
	at org.springframework.beans.factory.support.DefaultListableBeanFactory.doResolveDependency(DefaultListableBeanFactory.java:1698)
	at org.springframework.beans.factory.support.DefaultListableBeanFactory.resolveDependency(DefaultListableBeanFactory.java:1643)
	at org.springframework.beans.factory.support.ConstructorResolver.resolveAutowiredArgument(ConstructorResolver.java:913)
	at org.springframework.beans.factory.support.ConstructorResolver.createArgumentArray(ConstructorResolver.java:791)
	at org.springframework.beans.factory.support.ConstructorResolver.autowireConstructor(ConstructorResolver.java:240)
	at org.springframework.beans.factory.support.AbstractAutowireCapableBeanFactory.autowireConstructor(AbstractAutowireCapableBeanFactory.java:1395)
	at org.springframework.beans.factory.support.AbstractAutowireCapableBeanFactory.createBeanInstance(AbstractAutowireCapableBeanFactory.java:1232)
	at org.springframework.beans.factory.support.AbstractAutowireCapableBeanFactory.doCreateBean(AbstractAutowireCapableBeanFactory.java:569)
	at org.springframework.beans.factory.support.AbstractAutowireCapableBeanFactory.createBean(AbstractAutowireCapableBeanFactory.java:529)
	at org.springframework.beans.factory.support.AbstractBeanFactory.lambda$doGetBean$0(AbstractBeanFactory.java:339)
	at org.springframework.beans.factory.support.DefaultSingletonBeanRegistry.getSingleton(DefaultSingletonBeanRegistry.java:373)
	at org.springframework.beans.factory.support.AbstractBeanFactory.doGetBean(AbstractBeanFactory.java:337)
	at org.springframework.beans.factory.support.AbstractBeanFactory.getBean(AbstractBeanFactory.java:202)
	at org.springframework.beans.factory.config.DependencyDescriptor.resolveCandidate(DependencyDescriptor.java:254)
	at org.springframework.beans.factory.support.DefaultListableBeanFactory.doResolveDependency(DefaultListableBeanFactory.java:1760)
	at org.springframework.beans.factory.support.DefaultListableBeanFactory.resolveDependency(DefaultListableBeanFactory.java:1643)
	at org.springframework.beans.factory.support.ConstructorResolver.resolveAutowiredArgument(ConstructorResolver.java:913)
	at org.springframework.beans.factory.support.ConstructorResolver.createArgumentArray(ConstructorResolver.java:791)
	at org.springframework.beans.factory.support.ConstructorResolver.autowireConstructor(ConstructorResolver.java:240)
	at org.springframework.beans.factory.support.AbstractAutowireCapableBeanFactory.autowireConstructor(AbstractAutowireCapableBeanFactory.java:1395)
	at org.springframework.beans.factory.support.AbstractAutowireCapableBeanFactory.createBeanInstance(AbstractAutowireCapableBeanFactory.java:1232)
	at org.springframework.beans.factory.support.AbstractAutowireCapableBeanFactory.doCreateBean(AbstractAutowireCapableBeanFactory.java:569)
	at org.springframework.beans.factory.support.AbstractAutowireCapableBeanFactory.createBean(AbstractAutowireCapableBeanFactory.java:529)
	at org.springframework.beans.factory.support.AbstractBeanFactory.lambda$doGetBean$0(AbstractBeanFactory.java:339)
	at org.springframework.beans.factory.support.DefaultSingletonBeanRegistry.getSingleton(DefaultSingletonBeanRegistry.java:373)
	at org.springframework.beans.factory.support.AbstractBeanFactory.doGetBean(AbstractBeanFactory.java:337)
	at org.springframework.beans.factory.support.AbstractBeanFactory.getBean(AbstractBeanFactory.java:207)
	at org.springframework.boot.web.servlet.ServletContextInitializerBeans.getOrderedBeansOfType(ServletContextInitializerBeans.java:230)
	at org.springframework.boot.web.servlet.ServletContextInitializerBeans.addAsRegistrationBean(ServletContextInitializerBeans.java:184)
	at org.springframework.boot.web.servlet.ServletContextInitializerBeans.addAsRegistrationBean(ServletContextInitializerBeans.java:179)
	at org.springframework.boot.web.servlet.ServletContextInitializerBeans.addAdaptableBeans(ServletContextInitializerBeans.java:164)
	at org.springframework.boot.web.servlet.ServletContextInitializerBeans.<init>(ServletContextInitializerBeans.java:96)
	at org.springframework.boot.web.servlet.context.ServletWebServerApplicationContext.getServletContextInitializerBeans(ServletWebServerApplicationContext.java:271)
	at org.springframework.boot.web.servlet.context.ServletWebServerApplicationContext.selfInitialize(ServletWebServerApplicationContext.java:245)
	at org.springframework.boot.web.embedded.tomcat.TomcatStarter.onStartup(TomcatStarter.java:52)
	at org.apache.catalina.core.StandardContext.startInternal(StandardContext.java:4464)
	at org.apache.catalina.util.LifecycleBase.start(LifecycleBase.java:164)
	at org.apache.catalina.core.ContainerBase$StartChild.call(ContainerBase.java:1203)
	at org.apache.catalina.core.ContainerBase$StartChild.call(ContainerBase.java:1193)
	at java.base/java.util.concurrent.FutureTask.run(FutureTask.java:328)
	at org.apache.tomcat.util.threads.InlineExecutorService.execute(InlineExecutorService.java:81)
	at java.base/java.util.concurrent.AbstractExecutorService.submit(AbstractExecutorService.java:149)
	at org.apache.catalina.core.ContainerBase.startInternal(ContainerBase.java:749)
	at org.apache.catalina.core.StandardHost.startInternal(StandardHost.java:773)
	at org.apache.catalina.util.LifecycleBase.start(LifecycleBase.java:164)
	at org.apache.catalina.core.ContainerBase$StartChild.call(ContainerBase.java:1203)
	at org.apache.catalina.core.ContainerBase$StartChild.call(ContainerBase.java:1193)
	at java.base/java.util.concurrent.FutureTask.run(FutureTask.java:328)
	at org.apache.tomcat.util.threads.InlineExecutorService.execute(InlineExecutorService.java:81)
	at java.base/java.util.concurrent.AbstractExecutorService.submit(AbstractExecutorService.java:149)
	at org.apache.catalina.core.ContainerBase.startInternal(ContainerBase.java:749)
	at org.apache.catalina.core.StandardEngine.startInternal(StandardEngine.java:203)
	at org.apache.catalina.util.LifecycleBase.start(LifecycleBase.java:164)
	at org.apache.catalina.core.StandardService.startInternal(StandardService.java:412)
	at org.apache.catalina.util.LifecycleBase.start(LifecycleBase.java:164)
	at org.apache.catalina.core.StandardServer.startInternal(StandardServer.java:870)
	at org.apache.catalina.util.LifecycleBase.start(LifecycleBase.java:164)
	at org.apache.catalina.startup.Tomcat.start(Tomcat.java:438)
	at org.springframework.boot.web.embedded.tomcat.TomcatWebServer.initialize(TomcatWebServer.java:128)
	at org.springframework.boot.web.embedded.tomcat.TomcatWebServer.<init>(TomcatWebServer.java:107)
	at org.springframework.boot.web.embedded.tomcat.TomcatServletWebServerFactory.getTomcatWebServer(TomcatServletWebServerFactory.java:517)
	at org.springframework.boot.web.embedded.tomcat.TomcatServletWebServerFactory.getWebServer(TomcatServletWebServerFactory.java:219)
	at org.springframework.boot.web.servlet.context.ServletWebServerApplicationContext.createWebServer(ServletWebServerApplicationContext.java:193)
	at org.springframework.boot.web.servlet.context.ServletWebServerApplicationContext.onRefresh(ServletWebServerApplicationContext.java:167)
	at org.springframework.context.support.AbstractApplicationContext.refresh(AbstractApplicationContext.java:621)
	at org.springframework.boot.web.servlet.context.ServletWebServerApplicationContext.refresh(ServletWebServerApplicationContext.java:146)
	at org.springframework.boot.SpringApplication.refresh(SpringApplication.java:752)
	at org.springframework.boot.SpringApplication.refreshContext(SpringApplication.java:439)
	at org.springframework.boot.SpringApplication.run(SpringApplication.java:318)
	at org.springframework.boot.SpringApplication.run(SpringApplication.java:1361)
	at org.springframework.boot.SpringApplication.run(SpringApplication.java:1350)
	at org.genc.usermgmt.UserManagementServiceApplication.main(UserManagementServiceApplication.java:12)
Caused by: java.sql.SQLException: Data truncated for column 'name' at row 1
	at com.mysql.cj.jdbc.exceptions.SQLError.createSQLException(SQLError.java:121)
	at com.mysql.cj.jdbc.exceptions.SQLExceptionsMapping.translateException(SQLExceptionsMapping.java:114)
	at com.mysql.cj.jdbc.StatementImpl.executeInternal(StatementImpl.java:837)
	at com.mysql.cj.jdbc.StatementImpl.execute(StatementImpl.java:685)
	at com.zaxxer.hikari.pool.ProxyStatement.execute(ProxyStatement.java:95)
	at com.zaxxer.hikari.pool.HikariProxyStatement.execute(HikariProxyStatement.java)
	at org.hibernate.tool.schema.internal.exec.GenerationTargetToDatabase.accept(GenerationTargetToDatabase.java:80)
	... 122 common frames omitted
2026-02-11 18:00:50 [userService,/] INFO  o.s.o.j.LocalContainerEntityManagerFactoryBean
                - Initialized JPA EntityManagerFactory for persistence unit 'default'
2026-02-11 18:00:50 [userService,/] DEBUG o.g.u.filter.JwtAuthenticationFilter
                - Filter 'jwtAuthenticationFilter' configured for use
2026-02-11 18:00:50 [userService,/] INFO  o.s.s.c.a.a.c.InitializeUserDetailsBeanManagerConfigurer$InitializeUserDetailsManagerConfigurer
                - Global AuthenticationManager configured with UserDetailsService bean with name customUserDetailsService
2026-02-11 18:00:50 [userService,/] WARN  o.s.b.a.o.j.JpaBaseConfiguration$JpaWebConfiguration
                - spring.jpa.open-in-view is enabled by default. Therefore, database queries may be performed during view rendering. Explicitly configure spring.jpa.open-in-view to disable this warning
2026-02-11 18:00:51 [userService,/] INFO  o.s.c.n.e.c.DiscoveryClientOptionalArgsConfiguration
                - Eureka HTTP Client uses RestTemplate.
2026-02-11 18:00:51 [userService,/] WARN  o.s.c.l.c.LoadBalancerCacheAutoConfiguration$LoadBalancerCaffeineWarnLogger
                - Spring Cloud LoadBalancer is currently working with the default cache. While this cache implementation is useful for development and tests, it's recommended to use Caffeine cache in production.You can switch to using Caffeine cache, by adding it and org.springframework.cache.caffeine.CaffeineCacheManager to the classpath.
2026-02-11 18:00:51 [userService,/] INFO  o.s.b.w.e.tomcat.TomcatWebServer
                - Tomcat started on port 8086 (http) with context path '/'
2026-02-11 18:00:51 [userService,/] INFO  o.s.b.w.e.tomcat.TomcatWebServer
                - Tomcat initialized with port 8090 (http)
2026-02-11 18:00:51 [userService,/] INFO  o.a.catalina.core.StandardService
                - Starting service [Tomcat]
2026-02-11 18:00:51 [userService,/] INFO  o.a.catalina.core.StandardEngine
                - Starting Servlet engine: [Apache Tomcat/10.1.46]
2026-02-11 18:00:51 [userService,/] INFO  o.a.c.c.C.[Tomcat-1].[localhost].[/]
                - Initializing Spring embedded WebApplicationContext
2026-02-11 18:00:51 [userService,/] INFO  o.s.b.w.s.c.ServletWebServerApplicationContext
                - Root WebApplicationContext: initialization completed in 96 ms
2026-02-11 18:00:51 [userService,/] INFO  o.s.b.a.e.web.EndpointLinksResolver
                - Exposing 16 endpoints beneath base path '/actuator'
2026-02-11 18:00:51 [userService,/] INFO  o.s.b.w.e.tomcat.TomcatWebServer
                - Tomcat started on port 8090 (http) with context path '/'
2026-02-11 18:00:51 [userService,/] INFO  o.g.u.UserManagementServiceApplication
                - Started UserManagementServiceApplication in 5.567 seconds (process running for 6.132)
2026-02-11 18:00:51 [userService,/] WARN  o.h.e.jdbc.spi.SqlExceptionHelper
                - SQL Error: 1265, SQLState: 01000
2026-02-11 18:00:51 [userService,/] ERROR o.h.e.jdbc.spi.SqlExceptionHelper
                - Data truncated for column 'name' at row 1
2026-02-11 18:00:51 [userService,/] INFO  o.s.b.a.l.ConditionEvaluationReportLogger
                - 

Error starting ApplicationContext. To display the condition evaluation report re-run your application with 'debug' enabled.
2026-02-11 18:00:51 [userService,/] INFO  o.s.b.w.e.tomcat.GracefulShutdown
                - Commencing graceful shutdown. Waiting for active requests to complete
2026-02-11 18:00:51 [userService,/] INFO  o.s.b.w.e.tomcat.GracefulShutdown
                - Graceful shutdown complete
2026-02-11 18:00:51 [userService,/] ERROR o.s.boot.SpringApplication
                - Application run failed
org.springframework.orm.jpa.JpaSystemException: could not execute statement [Data truncated for column 'name' at row 1] [insert into roles (description,name) values (?,?)]
	at org.springframework.orm.jpa.vendor.HibernateJpaDialect.convertHibernateAccessException(HibernateJpaDialect.java:348)
	at org.springframework.orm.jpa.vendor.HibernateJpaDialect.convertHibernateAccessException(HibernateJpaDialect.java:256)
	at org.springframework.orm.jpa.vendor.HibernateJpaDialect.translateExceptionIfPossible(HibernateJpaDialect.java:241)
	at org.springframework.orm.jpa.AbstractEntityManagerFactoryBean.translateExceptionIfPossible(AbstractEntityManagerFactoryBean.java:560)
	at org.springframework.dao.support.ChainedPersistenceExceptionTranslator.translateExceptionIfPossible(ChainedPersistenceExceptionTranslator.java:61)
	at org.springframework.dao.support.DataAccessUtils.translateIfNecessary(DataAccessUtils.java:343)
	at org.springframework.dao.support.PersistenceExceptionTranslationInterceptor.invoke(PersistenceExceptionTranslationInterceptor.java:160)
	at org.springframework.aop.framework.ReflectiveMethodInvocation.proceed(ReflectiveMethodInvocation.java:184)
	at org.springframework.data.jpa.repository.support.CrudMethodMetadataPostProcessor$CrudMethodMetadataPopulatingMethodInterceptor.invoke(CrudMethodMetadataPostProcessor.java:165)
	at org.springframework.aop.framework.ReflectiveMethodInvocation.proceed(ReflectiveMethodInvocation.java:184)
	at org.springframework.aop.framework.JdkDynamicAopProxy.invoke(JdkDynamicAopProxy.java:223)
	at jdk.proxy2/jdk.proxy2.$Proxy164.save(Unknown Source)
	at org.genc.usermgmt.service.impl.RoleServiceImpl.seedRoleData(RoleServiceImpl.java:51)
	at org.genc.usermgmt.config.SeedDataLoader.run(SeedDataLoader.java:25)
	at org.springframework.boot.SpringApplication.lambda$callRunner$5(SpringApplication.java:788)
	at org.springframework.util.function.ThrowingConsumer$1.acceptWithException(ThrowingConsumer.java:82)
	at org.springframework.util.function.ThrowingConsumer.accept(ThrowingConsumer.java:60)
	at org.springframework.util.function.ThrowingConsumer$1.accept(ThrowingConsumer.java:86)
	at org.springframework.boot.SpringApplication.callRunner(SpringApplication.java:796)
	at org.springframework.boot.SpringApplication.callRunner(SpringApplication.java:787)
	at org.springframework.boot.SpringApplication.lambda$callRunners$3(SpringApplication.java:772)
	at java.base/java.util.stream.ForEachOps$ForEachOp$OfRef.accept(ForEachOps.java:186)
	at java.base/java.util.stream.SortedOps$SizedRefSortingSink.end(SortedOps.java:357)
	at java.base/java.util.stream.AbstractPipeline.copyInto(AbstractPipeline.java:571)
	at java.base/java.util.stream.AbstractPipeline.wrapAndCopyInto(AbstractPipeline.java:560)
	at java.base/java.util.stream.ForEachOps$ForEachOp.evaluateSequential(ForEachOps.java:153)
	at java.base/java.util.stream.ForEachOps$ForEachOp$OfRef.evaluateSequential(ForEachOps.java:176)
	at java.base/java.util.stream.AbstractPipeline.evaluate(AbstractPipeline.java:265)
	at java.base/java.util.stream.ReferencePipeline.forEach(ReferencePipeline.java:632)
	at org.springframework.boot.SpringApplication.callRunners(SpringApplication.java:772)
	at org.springframework.boot.SpringApplication.run(SpringApplication.java:325)
	at org.springframework.boot.SpringApplication.run(SpringApplication.java:1361)
	at org.springframework.boot.SpringApplication.run(SpringApplication.java:1350)
	at org.genc.usermgmt.UserManagementServiceApplication.main(UserManagementServiceApplication.java:12)
Caused by: org.hibernate.exception.GenericJDBCException: could not execute statement [Data truncated for column 'name' at row 1] [insert into roles (description,name) values (?,?)]
	at org.hibernate.exception.internal.StandardSQLExceptionConverter.convert(StandardSQLExceptionConverter.java:63)
	at org.hibernate.engine.jdbc.spi.SqlExceptionHelper.convert(SqlExceptionHelper.java:108)
	at org.hibernate.engine.jdbc.internal.ResultSetReturnImpl.executeUpdate(ResultSetReturnImpl.java:197)
	at org.hibernate.id.insert.GetGeneratedKeysDelegate.performMutation(GetGeneratedKeysDelegate.java:116)
	at org.hibernate.engine.jdbc.mutation.internal.MutationExecutorSingleNonBatched.performNonBatchedOperations(MutationExecutorSingleNonBatched.java:47)
	at org.hibernate.engine.jdbc.mutation.internal.AbstractMutationExecutor.execute(AbstractMutationExecutor.java:55)
	at org.hibernate.persister.entity.mutation.InsertCoordinatorStandard.doStaticInserts(InsertCoordinatorStandard.java:194)
	at org.hibernate.persister.entity.mutation.InsertCoordinatorStandard.coordinateInsert(InsertCoordinatorStandard.java:132)
	at org.hibernate.persister.entity.mutation.InsertCoordinatorStandard.insert(InsertCoordinatorStandard.java:95)
	at org.hibernate.action.internal.EntityIdentityInsertAction.execute(EntityIdentityInsertAction.java:85)
	at org.hibernate.engine.spi.ActionQueue.execute(ActionQueue.java:682)
	at org.hibernate.engine.spi.ActionQueue.addResolvedEntityInsertAction(ActionQueue.java:293)
	at org.hibernate.engine.spi.ActionQueue.addInsertAction(ActionQueue.java:274)
	at org.hibernate.engine.spi.ActionQueue.addAction(ActionQueue.java:324)
	at org.hibernate.event.internal.AbstractSaveEventListener.addInsertAction(AbstractSaveEventListener.java:394)
	at org.hibernate.event.internal.AbstractSaveEventListener.performSaveOrReplicate(AbstractSaveEventListener.java:308)
	at org.hibernate.event.internal.AbstractSaveEventListener.performSave(AbstractSaveEventListener.java:224)
	at org.hibernate.event.internal.AbstractSaveEventListener.saveWithGeneratedId(AbstractSaveEventListener.java:136)
	at org.hibernate.event.internal.DefaultPersistEventListener.entityIsTransient(DefaultPersistEventListener.java:177)
	at org.hibernate.event.internal.DefaultPersistEventListener.persist(DefaultPersistEventListener.java:95)
	at org.hibernate.event.internal.DefaultPersistEventListener.onPersist(DefaultPersistEventListener.java:79)
	at org.hibernate.event.internal.DefaultPersistEventListener.onPersist(DefaultPersistEventListener.java:55)
	at org.hibernate.event.service.internal.EventListenerGroupImpl.fireEventOnEachListener(EventListenerGroupImpl.java:127)
	at org.hibernate.internal.SessionImpl.firePersist(SessionImpl.java:761)
	at org.hibernate.internal.SessionImpl.persist(SessionImpl.java:745)
	at java.base/jdk.internal.reflect.DirectMethodHandleAccessor.invoke(DirectMethodHandleAccessor.java:104)
	at java.base/java.lang.reflect.Method.invoke(Method.java:565)
	at org.springframework.orm.jpa.SharedEntityManagerCreator$SharedEntityManagerInvocationHandler.invoke(SharedEntityManagerCreator.java:320)
	at jdk.proxy2/jdk.proxy2.$Proxy157.persist(Unknown Source)
	at org.springframework.data.jpa.repository.support.SimpleJpaRepository.save(SimpleJpaRepository.java:654)
	at java.base/jdk.internal.reflect.DirectMethodHandleAccessor.invoke(DirectMethodHandleAccessor.java:104)
	at java.base/java.lang.reflect.Method.invoke(Method.java:565)
	at org.springframework.aop.support.AopUtils.invokeJoinpointUsingReflection(AopUtils.java:360)
	at org.springframework.data.repository.core.support.RepositoryMethodInvoker$RepositoryFragmentMethodInvoker.lambda$new$0(RepositoryMethodInvoker.java:277)
	at org.springframework.data.repository.core.support.RepositoryMethodInvoker.doInvoke(RepositoryMethodInvoker.java:170)
	at org.springframework.data.repository.core.support.RepositoryMethodInvoker.invoke(RepositoryMethodInvoker.java:158)
	at org.springframework.data.repository.core.support.RepositoryComposition$RepositoryFragments.invoke(RepositoryComposition.java:515)
	at org.springframework.data.repository.core.support.RepositoryComposition.invoke(RepositoryComposition.java:284)
	at org.springframework.data.repository.core.support.RepositoryFactorySupport$ImplementationMethodExecutionInterceptor.invoke(RepositoryFactorySupport.java:734)
	at org.springframework.aop.framework.ReflectiveMethodInvocation.proceed(ReflectiveMethodInvocation.java:184)
	at org.springframework.data.repository.core.support.QueryExecutorMethodInterceptor.doInvoke(QueryExecutorMethodInterceptor.java:174)
	at org.springframework.data.repository.core.support.QueryExecutorMethodInterceptor.invoke(QueryExecutorMethodInterceptor.java:149)
	at org.springframework.aop.framework.ReflectiveMethodInvocation.proceed(ReflectiveMethodInvocation.java:184)
	at org.springframework.data.projection.DefaultMethodInvokingMethodInterceptor.invoke(DefaultMethodInvokingMethodInterceptor.java:69)
	at org.springframework.aop.framework.ReflectiveMethodInvocation.proceed(ReflectiveMethodInvocation.java:184)
	at org.springframework.transaction.interceptor.TransactionAspectSupport.invokeWithinTransaction(TransactionAspectSupport.java:380)
	at org.springframework.transaction.interceptor.TransactionInterceptor.invoke(TransactionInterceptor.java:119)
	at org.springframework.aop.framework.ReflectiveMethodInvocation.proceed(ReflectiveMethodInvocation.java:184)
	at org.springframework.dao.support.PersistenceExceptionTranslationInterceptor.invoke(PersistenceExceptionTranslationInterceptor.java:138)
	... 27 common frames omitted
Caused by: java.sql.SQLException: Data truncated for column 'name' at row 1
	at com.mysql.cj.jdbc.exceptions.SQLError.createSQLException(SQLError.java:121)
	at com.mysql.cj.jdbc.exceptions.SQLExceptionsMapping.translateException(SQLExceptionsMapping.java:114)
	at com.mysql.cj.jdbc.ClientPreparedStatement.executeInternal(ClientPreparedStatement.java:988)
	at com.mysql.cj.jdbc.ClientPreparedStatement.executeUpdateInternal(ClientPreparedStatement.java:1166)
	at com.mysql.cj.jdbc.ClientPreparedStatement.executeUpdateInternal(ClientPreparedStatement.java:1101)
	at com.mysql.cj.jdbc.ClientPreparedStatement.executeLargeUpdate(ClientPreparedStatement.java:1448)
	at com.mysql.cj.jdbc.ClientPreparedStatement.executeUpdate(ClientPreparedStatement.java:1084)
	at com.zaxxer.hikari.pool.ProxyPreparedStatement.executeUpdate(ProxyPreparedStatement.java:61)
	at com.zaxxer.hikari.pool.HikariProxyPreparedStatement.executeUpdate(HikariProxyPreparedStatement.java)
	at org.hibernate.engine.jdbc.internal.ResultSetReturnImpl.executeUpdate(ResultSetReturnImpl.java:194)
	... 73 common frames omitted
2026-02-11 18:00:51 [userService,/] INFO  o.s.b.w.e.tomcat.GracefulShutdown
                - Commencing graceful shutdown. Waiting for active requests to complete
2026-02-11 18:00:51 [userService,/] INFO  o.s.b.w.e.tomcat.GracefulShutdown
                - Graceful shutdown complete
2026-02-11 18:00:51 [userService,/] INFO  o.s.o.j.LocalContainerEntityManagerFactoryBean
                - Closing JPA EntityManagerFactory for persistence unit 'default'
2026-02-11 18:00:51 [userService,/] INFO  com.zaxxer.hikari.HikariDataSource
                - HikariPool-1 - Shutdown initiated...
2026-02-11 18:00:51 [userService,/] INFO  com.zaxxer.hikari.HikariDataSource
                - HikariPool-1 - Shutdown completed.
2026-02-11 18:01:15 [userService,/] INFO  o.g.u.UserManagementServiceApplication
                - Starting UserManagementServiceApplication using Java 25 with PID 7144 (C:\Users\2464280\gencWorkspaces\practiceWorkspace\cruisemate-registration\target\classes started by 2464280 in C:\Users\2464280\gencWorkspaces\practiceWorkspace\cruisemate-registration)
2026-02-11 18:01:15 [userService,/] DEBUG o.g.u.UserManagementServiceApplication
                - Running with Spring Boot v3.5.6, Spring v6.2.11
2026-02-11 18:01:15 [userService,/] INFO  o.g.u.UserManagementServiceApplication
                - The following 1 profile is active: "genc"
2026-02-11 18:01:16 [userService,/] INFO  o.s.d.r.c.RepositoryConfigurationDelegate
                - Bootstrapping Spring Data JPA repositories in DEFAULT mode.
2026-02-11 18:01:17 [userService,/] INFO  o.s.d.r.c.RepositoryConfigurationDelegate
                - Finished Spring Data repository scanning in 123 ms. Found 2 JPA repository interfaces.
2026-02-11 18:01:17 [userService,/] INFO  o.s.cloud.context.scope.GenericScope
                - BeanFactory id=9bee316d-2ab0-3fef-9ae8-11485ce981d2
2026-02-11 18:01:17 [userService,/] INFO  o.s.b.w.e.tomcat.TomcatWebServer
                - Tomcat initialized with port 8086 (http)
2026-02-11 18:01:17 [userService,/] INFO  o.a.catalina.core.StandardService
                - Starting service [Tomcat]
2026-02-11 18:01:17 [userService,/] INFO  o.a.catalina.core.StandardEngine
                - Starting Servlet engine: [Apache Tomcat/10.1.46]
2026-02-11 18:01:17 [userService,/] INFO  o.a.c.c.C.[Tomcat].[localhost].[/]
                - Initializing Spring embedded WebApplicationContext
2026-02-11 18:01:17 [userService,/] INFO  o.s.b.w.s.c.ServletWebServerApplicationContext
                - Root WebApplicationContext: initialization completed in 1882 ms
2026-02-11 18:01:17 [userService,/] INFO  o.h.jpa.internal.util.LogHelper
                - HHH000204: Processing PersistenceUnitInfo [name: default]
2026-02-11 18:01:18 [userService,/] INFO  org.hibernate.Version
                - HHH000412: Hibernate ORM core version 6.6.29.Final
2026-02-11 18:01:18 [userService,/] INFO  o.h.c.i.RegionFactoryInitiator
                - HHH000026: Second-level cache disabled
2026-02-11 18:01:18 [userService,/] INFO  o.s.o.j.p.SpringPersistenceUnitInfo
                - No LoadTimeWeaver setup: ignoring JPA class transformer
2026-02-11 18:01:18 [userService,/] INFO  com.zaxxer.hikari.HikariDataSource
                - HikariPool-1 - Starting...
2026-02-11 18:01:18 [userService,/] INFO  com.zaxxer.hikari.pool.HikariPool
                - HikariPool-1 - Added connection com.mysql.cj.jdbc.ConnectionImpl@8f374de
2026-02-11 18:01:18 [userService,/] INFO  com.zaxxer.hikari.HikariDataSource
                - HikariPool-1 - Start completed.
2026-02-11 18:01:18 [userService,/] WARN  org.hibernate.orm.deprecation
                - HHH90000025: MySQLDialect does not need to be specified explicitly using 'hibernate.dialect' (remove the property setting and it will be selected by default)
2026-02-11 18:01:18 [userService,/] INFO  o.hibernate.orm.connections.pooling
                - HHH10001005: Database info:
	Database JDBC URL [Connecting through datasource 'HikariDataSource (HikariPool-1)']
	Database driver: undefined/unknown
	Database version: 8.0.44
	Autocommit mode: undefined/unknown
	Isolation level: undefined/unknown
	Minimum pool size: undefined/unknown
	Maximum pool size: undefined/unknown
2026-02-11 18:01:19 [userService,/] INFO  o.h.e.t.j.p.i.JtaPlatformInitiator
                - HHH000489: No JTA platform available (set 'hibernate.transaction.jta.platform' to enable JTA platform integration)
2026-02-11 18:01:19 [userService,/] INFO  o.s.o.j.LocalContainerEntityManagerFactoryBean
                - Initialized JPA EntityManagerFactory for persistence unit 'default'
2026-02-11 18:01:19 [userService,/] DEBUG o.g.u.filter.JwtAuthenticationFilter
                - Filter 'jwtAuthenticationFilter' configured for use
2026-02-11 18:01:19 [userService,/] INFO  o.s.s.c.a.a.c.InitializeUserDetailsBeanManagerConfigurer$InitializeUserDetailsManagerConfigurer
                - Global AuthenticationManager configured with UserDetailsService bean with name customUserDetailsService
2026-02-11 18:01:19 [userService,/] WARN  o.s.b.a.o.j.JpaBaseConfiguration$JpaWebConfiguration
                - spring.jpa.open-in-view is enabled by default. Therefore, database queries may be performed during view rendering. Explicitly configure spring.jpa.open-in-view to disable this warning
2026-02-11 18:01:20 [userService,/] INFO  o.s.c.n.e.c.DiscoveryClientOptionalArgsConfiguration
                - Eureka HTTP Client uses RestTemplate.
2026-02-11 18:01:20 [userService,/] WARN  o.s.c.l.c.LoadBalancerCacheAutoConfiguration$LoadBalancerCaffeineWarnLogger
                - Spring Cloud LoadBalancer is currently working with the default cache. While this cache implementation is useful for development and tests, it's recommended to use Caffeine cache in production.You can switch to using Caffeine cache, by adding it and org.springframework.cache.caffeine.CaffeineCacheManager to the classpath.
2026-02-11 18:01:20 [userService,/] INFO  o.s.b.w.e.tomcat.TomcatWebServer
                - Tomcat started on port 8086 (http) with context path '/'
2026-02-11 18:01:20 [userService,/] INFO  o.s.b.w.e.tomcat.TomcatWebServer
                - Tomcat initialized with port 8090 (http)
2026-02-11 18:01:20 [userService,/] INFO  o.a.catalina.core.StandardService
                - Starting service [Tomcat]
2026-02-11 18:01:20 [userService,/] INFO  o.a.catalina.core.StandardEngine
                - Starting Servlet engine: [Apache Tomcat/10.1.46]
2026-02-11 18:01:20 [userService,/] INFO  o.a.c.c.C.[Tomcat-1].[localhost].[/]
                - Initializing Spring embedded WebApplicationContext
2026-02-11 18:01:20 [userService,/] INFO  o.s.b.w.s.c.ServletWebServerApplicationContext
                - Root WebApplicationContext: initialization completed in 128 ms
2026-02-11 18:01:20 [userService,/] INFO  o.s.b.a.e.web.EndpointLinksResolver
                - Exposing 16 endpoints beneath base path '/actuator'
2026-02-11 18:01:20 [userService,/] INFO  o.s.b.w.e.tomcat.TomcatWebServer
                - Tomcat started on port 8090 (http) with context path '/'
2026-02-11 18:01:20 [userService,/] INFO  o.g.u.UserManagementServiceApplication
                - Started UserManagementServiceApplication in 5.648 seconds (process running for 6.214)
2026-02-11 18:01:21 [userService,/] INFO  o.g.u.s.impl.UserMgmtServiceImpl
                - New CruiseMate account created: admin
2026-02-11 18:01:21 [userService,/] INFO  o.g.usermgmt.config.SeedDataLoader
                - Default CruiseMate Admin seeded successfully.
2026-02-11 18:01:21 [userService,/] INFO  o.g.u.UserManagementServiceApplication
                - UserManagementServiceApplication booted up and running
2026-02-11 18:01:53 [userService,/] INFO  o.a.c.c.C.[Tomcat].[localhost].[/]
                - Initializing Spring DispatcherServlet 'dispatcherServlet'
2026-02-11 18:01:53 [userService,/] INFO  o.s.web.servlet.DispatcherServlet
                - Initializing Servlet 'dispatcherServlet'
2026-02-11 18:01:53 [userService,/] INFO  o.s.web.servlet.DispatcherServlet
                - Completed initialization in 16 ms
2026-02-11 18:01:54 [userService,/] ERROR o.g.usermgmt.resource.AuthController
                - Invalid credentials: Bad credentials
2026-02-11 18:02:05 [userService,/] INFO  o.g.u.s.i.CustomUserDetailsService
                - User   found username admin , role s ize 1
2026-02-11 18:02:05 [userService,/] INFO  o.g.u.s.i.CustomUserDetailsService
                - User   found username admin , role s ize 1
2026-02-11 18:02:05 [userService,/] INFO  o.g.usermgmt.resource.AuthController
                - Access from userService on port 8086 (instance: userService:8b97deaec1e305d308564e50c8d9f04c)
2026-02-11 18:02:06 [userService,/] ERROR o.g.u.filter.JwtAuthenticationFilter
                - Error extracting username from token: Invalid compact JWT string: Compact JWSs must contain exactly 2 period characters, and compact JWEs must contain exactly 4.  Found: 0
2026-02-11 18:02:06 [userService,/] ERROR o.g.u.filter.JwtAuthenticationFilter
                - Error extracting username from token: Invalid compact JWT string: Compact JWSs must contain exactly 2 period characters, and compact JWEs must contain exactly 4.  Found: 0
2026-02-11 18:02:06 [userService,/] ERROR o.g.u.filter.JwtAuthenticationFilter
                - Error extracting username from token: Invalid compact JWT string: Compact JWSs must contain exactly 2 period characters, and compact JWEs must contain exactly 4.  Found: 0
2026-02-11 18:02:06 [userService,/] ERROR o.g.u.s.CustomAuthenticationEntryPoint
                - Authentication failure: Full authentication is required to access this resource 
2026-02-11 18:02:06 [userService,/] ERROR o.g.u.s.CustomAuthenticationEntryPoint
                - Authentication failure: Full authentication is required to access this resource 
2026-02-11 18:02:06 [userService,/] ERROR o.g.u.s.CustomAuthenticationEntryPoint
                - Authentication failure: Full authentication is required to access this resource 
2026-02-11 18:02:06 [userService,/] ERROR o.g.u.filter.JwtAuthenticationFilter
                - Error extracting username from token: Invalid compact JWT string: Compact JWSs must contain exactly 2 period characters, and compact JWEs must contain exactly 4.  Found: 0
2026-02-11 18:02:06 [userService,/] ERROR o.g.u.filter.JwtAuthenticationFilter
                - Error extracting username from token: Invalid compact JWT string: Compact JWSs must contain exactly 2 period characters, and compact JWEs must contain exactly 4.  Found: 0
2026-02-11 18:02:06 [userService,/] ERROR o.g.u.filter.JwtAuthenticationFilter
                - Error extracting username from token: Invalid compact JWT string: Compact JWSs must contain exactly 2 period characters, and compact JWEs must contain exactly 4.  Found: 0
2026-02-11 18:02:06 [userService,/] ERROR o.g.u.s.CustomAuthenticationEntryPoint
                - Authentication failure: Full authentication is required to access this resource 
2026-02-11 18:02:06 [userService,/] ERROR o.g.u.s.CustomAuthenticationEntryPoint
                - Authentication failure: Full authentication is required to access this resource 
2026-02-11 18:02:06 [userService,/] ERROR o.g.u.s.CustomAuthenticationEntryPoint
                - Authentication failure: Full authentication is required to access this resource 
2026-02-11 18:02:48 [userService,/] INFO  o.g.u.s.i.CustomUserDetailsService
                - User   found username admin , role s ize 1
2026-02-11 18:02:48 [userService,/] INFO  o.g.u.s.i.CustomUserDetailsService
                - User   found username admin , role s ize 1
2026-02-11 18:02:48 [userService,/] INFO  o.g.usermgmt.resource.AuthController
                - Access from userService on port 8086 (instance: userService:8b97deaec1e305d308564e50c8d9f04c)
2026-02-11 18:02:48 [userService,/] ERROR o.g.u.filter.JwtAuthenticationFilter
                - Error extracting username from token: Invalid compact JWT string: Compact JWSs must contain exactly 2 period characters, and compact JWEs must contain exactly 4.  Found: 0
2026-02-11 18:02:48 [userService,/] ERROR o.g.u.s.CustomAuthenticationEntryPoint
                - Authentication failure: Full authentication is required to access this resource 
2026-02-11 18:02:48 [userService,/] ERROR o.g.u.filter.JwtAuthenticationFilter
                - Error extracting username from token: Invalid compact JWT string: Compact JWSs must contain exactly 2 period characters, and compact JWEs must contain exactly 4.  Found: 0
2026-02-11 18:02:48 [userService,/] ERROR o.g.u.s.CustomAuthenticationEntryPoint
                - Authentication failure: Full authentication is required to access this resource 
2026-02-11 18:02:48 [userService,/] ERROR o.g.u.filter.JwtAuthenticationFilter
                - Error extracting username from token: Invalid compact JWT string: Compact JWSs must contain exactly 2 period characters, and compact JWEs must contain exactly 4.  Found: 0
2026-02-11 18:02:48 [userService,/] ERROR o.g.u.filter.JwtAuthenticationFilter
                - Error extracting username from token: Invalid compact JWT string: Compact JWSs must contain exactly 2 period characters, and compact JWEs must contain exactly 4.  Found: 0
2026-02-11 18:02:48 [userService,/] ERROR o.g.u.s.CustomAuthenticationEntryPoint
                - Authentication failure: Full authentication is required to access this resource 
2026-02-11 18:02:48 [userService,/] ERROR o.g.u.s.CustomAuthenticationEntryPoint
                - Authentication failure: Full authentication is required to access this resource 
2026-02-11 18:02:48 [userService,/] ERROR o.g.u.filter.JwtAuthenticationFilter
                - Error extracting username from token: Invalid compact JWT string: Compact JWSs must contain exactly 2 period characters, and compact JWEs must contain exactly 4.  Found: 0
2026-02-11 18:02:48 [userService,/] ERROR o.g.u.filter.JwtAuthenticationFilter
                - Error extracting username from token: Invalid compact JWT string: Compact JWSs must contain exactly 2 period characters, and compact JWEs must contain exactly 4.  Found: 0
2026-02-11 18:02:48 [userService,/] ERROR o.g.u.s.CustomAuthenticationEntryPoint
                - Authentication failure: Full authentication is required to access this resource 
2026-02-11 18:02:48 [userService,/] ERROR o.g.u.s.CustomAuthenticationEntryPoint
                - Authentication failure: Full authentication is required to access this resource 
2026-02-11 18:09:27 [userService,/] ERROR o.g.usermgmt.resource.AuthController
                - Invalid credentials: Bad credentials
2026-02-11 18:09:38 [userService,/] INFO  o.g.u.s.i.CustomUserDetailsService
                - User   found username admin , role s ize 1
2026-02-11 18:09:38 [userService,/] INFO  o.g.u.s.i.CustomUserDetailsService
                - User   found username admin , role s ize 1
2026-02-11 18:09:38 [userService,/] INFO  o.g.usermgmt.resource.AuthController
                - Access from userService on port 8086 (instance: userService:8b97deaec1e305d308564e50c8d9f04c)
2026-02-11 18:09:38 [userService,/] ERROR o.g.u.filter.JwtAuthenticationFilter
                - Error extracting username from token: Invalid compact JWT string: Compact JWSs must contain exactly 2 period characters, and compact JWEs must contain exactly 4.  Found: 0
2026-02-11 18:09:38 [userService,/] ERROR o.g.u.s.CustomAuthenticationEntryPoint
                - Authentication failure: Full authentication is required to access this resource 
2026-02-11 18:09:38 [userService,/] ERROR o.g.u.filter.JwtAuthenticationFilter
                - Error extracting username from token: Invalid compact JWT string: Compact JWSs must contain exactly 2 period characters, and compact JWEs must contain exactly 4.  Found: 0
2026-02-11 18:09:38 [userService,/] ERROR o.g.u.filter.JwtAuthenticationFilter
                - Error extracting username from token: Invalid compact JWT string: Compact JWSs must contain exactly 2 period characters, and compact JWEs must contain exactly 4.  Found: 0
2026-02-11 18:09:38 [userService,/] ERROR o.g.u.s.CustomAuthenticationEntryPoint
                - Authentication failure: Full authentication is required to access this resource 
2026-02-11 18:09:38 [userService,/] ERROR o.g.u.s.CustomAuthenticationEntryPoint
                - Authentication failure: Full authentication is required to access this resource 
2026-02-11 18:09:38 [userService,/] ERROR o.g.u.filter.JwtAuthenticationFilter
                - Error extracting username from token: Invalid compact JWT string: Compact JWSs must contain exactly 2 period characters, and compact JWEs must contain exactly 4.  Found: 0
2026-02-11 18:09:38 [userService,/] ERROR o.g.u.filter.JwtAuthenticationFilter
                - Error extracting username from token: Invalid compact JWT string: Compact JWSs must contain exactly 2 period characters, and compact JWEs must contain exactly 4.  Found: 0
2026-02-11 18:09:38 [userService,/] ERROR o.g.u.filter.JwtAuthenticationFilter
                - Error extracting username from token: Invalid compact JWT string: Compact JWSs must contain exactly 2 period characters, and compact JWEs must contain exactly 4.  Found: 0
2026-02-11 18:09:38 [userService,/] ERROR o.g.u.s.CustomAuthenticationEntryPoint
                - Authentication failure: Full authentication is required to access this resource 
2026-02-11 18:09:38 [userService,/] ERROR o.g.u.s.CustomAuthenticationEntryPoint
                - Authentication failure: Full authentication is required to access this resource 
2026-02-11 18:09:38 [userService,/] ERROR o.g.u.s.CustomAuthenticationEntryPoint
                - Authentication failure: Full authentication is required to access this resource 
2026-02-11 18:11:03 [userService,/] ERROR o.g.usermgmt.resource.AuthController
                - Invalid credentials: Bad credentials
2026-02-11 18:11:22 [userService,/] INFO  o.g.u.s.i.CustomUserDetailsService
                - User   found username admin , role s ize 1
2026-02-11 18:11:22 [userService,/] INFO  o.g.u.s.i.CustomUserDetailsService
                - User   found username admin , role s ize 1
2026-02-11 18:11:22 [userService,/] INFO  o.g.usermgmt.resource.AuthController
                - Access from userService on port 8086 (instance: userService:8b97deaec1e305d308564e50c8d9f04c)
2026-02-11 18:11:22 [userService,/] ERROR o.g.u.filter.JwtAuthenticationFilter
                - Error extracting username from token: Invalid compact JWT string: Compact JWSs must contain exactly 2 period characters, and compact JWEs must contain exactly 4.  Found: 0
2026-02-11 18:11:22 [userService,/] ERROR o.g.u.s.CustomAuthenticationEntryPoint
                - Authentication failure: Full authentication is required to access this resource 
2026-02-11 18:11:22 [userService,/] ERROR o.g.u.filter.JwtAuthenticationFilter
                - Error extracting username from token: Invalid compact JWT string: Compact JWSs must contain exactly 2 period characters, and compact JWEs must contain exactly 4.  Found: 0
2026-02-11 18:11:22 [userService,/] ERROR o.g.u.filter.JwtAuthenticationFilter
                - Error extracting username from token: Invalid compact JWT string: Compact JWSs must contain exactly 2 period characters, and compact JWEs must contain exactly 4.  Found: 0
2026-02-11 18:11:22 [userService,/] ERROR o.g.u.filter.JwtAuthenticationFilter
                - Error extracting username from token: Invalid compact JWT string: Compact JWSs must contain exactly 2 period characters, and compact JWEs must contain exactly 4.  Found: 0
2026-02-11 18:11:22 [userService,/] ERROR o.g.u.s.CustomAuthenticationEntryPoint
                - Authentication failure: Full authentication is required to access this resource 
2026-02-11 18:11:22 [userService,/] ERROR o.g.u.s.CustomAuthenticationEntryPoint
                - Authentication failure: Full authentication is required to access this resource 
2026-02-11 18:11:22 [userService,/] ERROR o.g.u.s.CustomAuthenticationEntryPoint
                - Authentication failure: Full authentication is required to access this resource 
2026-02-11 18:11:22 [userService,/] ERROR o.g.u.filter.JwtAuthenticationFilter
                - Error extracting username from token: Invalid compact JWT string: Compact JWSs must contain exactly 2 period characters, and compact JWEs must contain exactly 4.  Found: 0
2026-02-11 18:11:22 [userService,/] ERROR o.g.u.filter.JwtAuthenticationFilter
                - Error extracting username from token: Invalid compact JWT string: Compact JWSs must contain exactly 2 period characters, and compact JWEs must contain exactly 4.  Found: 0
2026-02-11 18:11:22 [userService,/] ERROR o.g.u.s.CustomAuthenticationEntryPoint
                - Authentication failure: Full authentication is required to access this resource 
2026-02-11 18:11:22 [userService,/] ERROR o.g.u.s.CustomAuthenticationEntryPoint
                - Authentication failure: Full authentication is required to access this resource 
2026-02-11 18:17:49 [userService,/] INFO  o.g.u.s.i.CustomUserDetailsService
                - User   found username admin , role s ize 1
2026-02-11 18:17:49 [userService,/] INFO  o.g.u.s.i.CustomUserDetailsService
                - User   found username admin , role s ize 1
2026-02-11 18:17:49 [userService,/] INFO  o.g.usermgmt.resource.AuthController
                - Access from userService on port 8086 (instance: userService:8b97deaec1e305d308564e50c8d9f04c)
2026-02-11 18:17:49 [userService,/] ERROR o.g.u.filter.JwtAuthenticationFilter
                - Error extracting username from token: Invalid compact JWT string: Compact JWSs must contain exactly 2 period characters, and compact JWEs must contain exactly 4.  Found: 0
2026-02-11 18:17:49 [userService,/] ERROR o.g.u.filter.JwtAuthenticationFilter
                - Error extracting username from token: Invalid compact JWT string: Compact JWSs must contain exactly 2 period characters, and compact JWEs must contain exactly 4.  Found: 0
2026-02-11 18:17:49 [userService,/] ERROR o.g.u.filter.JwtAuthenticationFilter
                - Error extracting username from token: Invalid compact JWT string: Compact JWSs must contain exactly 2 period characters, and compact JWEs must contain exactly 4.  Found: 0
2026-02-11 18:17:49 [userService,/] ERROR o.g.u.s.CustomAuthenticationEntryPoint
                - Authentication failure: Full authentication is required to access this resource 
2026-02-11 18:17:49 [userService,/] ERROR o.g.u.s.CustomAuthenticationEntryPoint
                - Authentication failure: Full authentication is required to access this resource 
2026-02-11 18:17:49 [userService,/] ERROR o.g.u.s.CustomAuthenticationEntryPoint
                - Authentication failure: Full authentication is required to access this resource 
2026-02-11 18:17:49 [userService,/] ERROR o.g.u.filter.JwtAuthenticationFilter
                - Error extracting username from token: Invalid compact JWT string: Compact JWSs must contain exactly 2 period characters, and compact JWEs must contain exactly 4.  Found: 0
2026-02-11 18:17:49 [userService,/] ERROR o.g.u.filter.JwtAuthenticationFilter
                - Error extracting username from token: Invalid compact JWT string: Compact JWSs must contain exactly 2 period characters, and compact JWEs must contain exactly 4.  Found: 0
2026-02-11 18:17:49 [userService,/] ERROR o.g.u.filter.JwtAuthenticationFilter
                - Error extracting username from token: Invalid compact JWT string: Compact JWSs must contain exactly 2 period characters, and compact JWEs must contain exactly 4.  Found: 0
2026-02-11 18:17:49 [userService,/] ERROR o.g.u.s.CustomAuthenticationEntryPoint
                - Authentication failure: Full authentication is required to access this resource 
2026-02-11 18:17:49 [userService,/] ERROR o.g.u.s.CustomAuthenticationEntryPoint
                - Authentication failure: Full authentication is required to access this resource 
2026-02-11 18:17:49 [userService,/] ERROR o.g.u.s.CustomAuthenticationEntryPoint
                - Authentication failure: Full authentication is required to access this resource 
2026-02-11 18:20:06 [userService,/] INFO  o.g.u.s.i.CustomUserDetailsService
                - User   found username admin , role s ize 1
2026-02-11 18:20:06 [userService,/] INFO  o.g.u.s.i.CustomUserDetailsService
                - User   found username admin , role s ize 1
2026-02-11 18:20:06 [userService,/] INFO  o.g.usermgmt.resource.AuthController
                - Access from userService on port 8086 (instance: userService:8b97deaec1e305d308564e50c8d9f04c)
2026-02-11 18:20:06 [userService,/] ERROR o.g.u.filter.JwtAuthenticationFilter
                - Error extracting username from token: Invalid compact JWT string: Compact JWSs must contain exactly 2 period characters, and compact JWEs must contain exactly 4.  Found: 0
2026-02-11 18:20:06 [userService,/] ERROR o.g.u.filter.JwtAuthenticationFilter
                - Error extracting username from token: Invalid compact JWT string: Compact JWSs must contain exactly 2 period characters, and compact JWEs must contain exactly 4.  Found: 0
2026-02-11 18:20:06 [userService,/] ERROR o.g.u.filter.JwtAuthenticationFilter
                - Error extracting username from token: Invalid compact JWT string: Compact JWSs must contain exactly 2 period characters, and compact JWEs must contain exactly 4.  Found: 0
2026-02-11 18:20:06 [userService,/] ERROR o.g.u.s.CustomAuthenticationEntryPoint
                - Authentication failure: Full authentication is required to access this resource 
2026-02-11 18:20:06 [userService,/] ERROR o.g.u.s.CustomAuthenticationEntryPoint
                - Authentication failure: Full authentication is required to access this resource 
2026-02-11 18:20:06 [userService,/] ERROR o.g.u.s.CustomAuthenticationEntryPoint
                - Authentication failure: Full authentication is required to access this resource 
2026-02-11 18:20:06 [userService,/] ERROR o.g.u.filter.JwtAuthenticationFilter
                - Error extracting username from token: Invalid compact JWT string: Compact JWSs must contain exactly 2 period characters, and compact JWEs must contain exactly 4.  Found: 0
2026-02-11 18:20:06 [userService,/] ERROR o.g.u.filter.JwtAuthenticationFilter
                - Error extracting username from token: Invalid compact JWT string: Compact JWSs must contain exactly 2 period characters, and compact JWEs must contain exactly 4.  Found: 0
2026-02-11 18:20:06 [userService,/] ERROR o.g.u.filter.JwtAuthenticationFilter
                - Error extracting username from token: Invalid compact JWT string: Compact JWSs must contain exactly 2 period characters, and compact JWEs must contain exactly 4.  Found: 0
2026-02-11 18:20:06 [userService,/] ERROR o.g.u.s.CustomAuthenticationEntryPoint
                - Authentication failure: Full authentication is required to access this resource 
2026-02-11 18:20:06 [userService,/] ERROR o.g.u.s.CustomAuthenticationEntryPoint
                - Authentication failure: Full authentication is required to access this resource 
2026-02-11 18:20:06 [userService,/] ERROR o.g.u.s.CustomAuthenticationEntryPoint
                - Authentication failure: Full authentication is required to access this resource 
2026-02-11 18:20:57 [userService,/] INFO  o.g.u.s.i.CustomUserDetailsService
                - User   found username admin , role s ize 1
2026-02-11 18:20:57 [userService,/] INFO  o.g.u.s.i.CustomUserDetailsService
                - User   found username admin , role s ize 1
2026-02-11 18:20:57 [userService,/] INFO  o.g.usermgmt.resource.AuthController
                - Access from userService on port 8086 (instance: userService:8b97deaec1e305d308564e50c8d9f04c)
2026-02-11 18:20:57 [userService,/] ERROR o.g.u.filter.JwtAuthenticationFilter
                - Error extracting username from token: Invalid compact JWT string: Compact JWSs must contain exactly 2 period characters, and compact JWEs must contain exactly 4.  Found: 0
2026-02-11 18:20:57 [userService,/] ERROR o.g.u.filter.JwtAuthenticationFilter
                - Error extracting username from token: Invalid compact JWT string: Compact JWSs must contain exactly 2 period characters, and compact JWEs must contain exactly 4.  Found: 0
2026-02-11 18:20:57 [userService,/] ERROR o.g.u.s.CustomAuthenticationEntryPoint
                - Authentication failure: Full authentication is required to access this resource 
2026-02-11 18:20:57 [userService,/] ERROR o.g.u.s.CustomAuthenticationEntryPoint
                - Authentication failure: Full authentication is required to access this resource 
2026-02-11 18:20:57 [userService,/] ERROR o.g.u.filter.JwtAuthenticationFilter
                - Error extracting username from token: Invalid compact JWT string: Compact JWSs must contain exactly 2 period characters, and compact JWEs must contain exactly 4.  Found: 0
2026-02-11 18:20:57 [userService,/] ERROR o.g.u.s.CustomAuthenticationEntryPoint
                - Authentication failure: Full authentication is required to access this resource 
2026-02-11 18:20:57 [userService,/] ERROR o.g.u.filter.JwtAuthenticationFilter
                - Error extracting username from token: Invalid compact JWT string: Compact JWSs must contain exactly 2 period characters, and compact JWEs must contain exactly 4.  Found: 0
2026-02-11 18:20:57 [userService,/] ERROR o.g.u.filter.JwtAuthenticationFilter
                - Error extracting username from token: Invalid compact JWT string: Compact JWSs must contain exactly 2 period characters, and compact JWEs must contain exactly 4.  Found: 0
2026-02-11 18:20:57 [userService,/] ERROR o.g.u.filter.JwtAuthenticationFilter
                - Error extracting username from token: Invalid compact JWT string: Compact JWSs must contain exactly 2 period characters, and compact JWEs must contain exactly 4.  Found: 0
2026-02-11 18:20:57 [userService,/] ERROR o.g.u.s.CustomAuthenticationEntryPoint
                - Authentication failure: Full authentication is required to access this resource 
2026-02-11 18:20:57 [userService,/] ERROR o.g.u.s.CustomAuthenticationEntryPoint
                - Authentication failure: Full authentication is required to access this resource 
2026-02-11 18:20:57 [userService,/] ERROR o.g.u.s.CustomAuthenticationEntryPoint
                - Authentication failure: Full authentication is required to access this resource 
2026-02-11 18:21:18 [userService,/] INFO  o.g.u.s.i.CustomUserDetailsService
                - User   found username admin , role s ize 1
2026-02-11 18:21:18 [userService,/] INFO  o.g.u.s.i.CustomUserDetailsService
                - User   found username admin , role s ize 1
2026-02-11 18:21:18 [userService,/] INFO  o.g.usermgmt.resource.AuthController
                - Access from userService on port 8086 (instance: userService:8b97deaec1e305d308564e50c8d9f04c)
2026-02-11 18:21:18 [userService,/] ERROR o.g.u.filter.JwtAuthenticationFilter
                - Error extracting username from token: Invalid compact JWT string: Compact JWSs must contain exactly 2 period characters, and compact JWEs must contain exactly 4.  Found: 0
2026-02-11 18:21:18 [userService,/] ERROR o.g.u.filter.JwtAuthenticationFilter
                - Error extracting username from token: Invalid compact JWT string: Compact JWSs must contain exactly 2 period characters, and compact JWEs must contain exactly 4.  Found: 0
2026-02-11 18:21:18 [userService,/] ERROR o.g.u.filter.JwtAuthenticationFilter
                - Error extracting username from token: Invalid compact JWT string: Compact JWSs must contain exactly 2 period characters, and compact JWEs must contain exactly 4.  Found: 0
2026-02-11 18:21:18 [userService,/] ERROR o.g.u.s.CustomAuthenticationEntryPoint
                - Authentication failure: Full authentication is required to access this resource 
2026-02-11 18:21:18 [userService,/] ERROR o.g.u.s.CustomAuthenticationEntryPoint
                - Authentication failure: Full authentication is required to access this resource 
2026-02-11 18:21:18 [userService,/] ERROR o.g.u.s.CustomAuthenticationEntryPoint
                - Authentication failure: Full authentication is required to access this resource 
2026-02-11 18:21:18 [userService,/] ERROR o.g.u.filter.JwtAuthenticationFilter
                - Error extracting username from token: Invalid compact JWT string: Compact JWSs must contain exactly 2 period characters, and compact JWEs must contain exactly 4.  Found: 0
2026-02-11 18:21:18 [userService,/] ERROR o.g.u.filter.JwtAuthenticationFilter
                - Error extracting username from token: Invalid compact JWT string: Compact JWSs must contain exactly 2 period characters, and compact JWEs must contain exactly 4.  Found: 0
2026-02-11 18:21:18 [userService,/] ERROR o.g.u.filter.JwtAuthenticationFilter
                - Error extracting username from token: Invalid compact JWT string: Compact JWSs must contain exactly 2 period characters, and compact JWEs must contain exactly 4.  Found: 0
2026-02-11 18:21:18 [userService,/] ERROR o.g.u.s.CustomAuthenticationEntryPoint
                - Authentication failure: Full authentication is required to access this resource 
2026-02-11 18:21:18 [userService,/] ERROR o.g.u.s.CustomAuthenticationEntryPoint
                - Authentication failure: Full authentication is required to access this resource 
2026-02-11 18:21:18 [userService,/] ERROR o.g.u.s.CustomAuthenticationEntryPoint
                - Authentication failure: Full authentication is required to access this resource 
2026-02-11 18:22:27 [userService,/] INFO  o.g.u.s.i.CustomUserDetailsService
                - User   found username admin , role s ize 1
2026-02-11 18:22:27 [userService,/] INFO  o.g.u.s.i.CustomUserDetailsService
                - User   found username admin , role s ize 1
2026-02-11 18:22:27 [userService,/] INFO  o.g.usermgmt.resource.AuthController
                - Access from userService on port 8086 (instance: userService:8b97deaec1e305d308564e50c8d9f04c)
2026-02-11 18:22:27 [userService,/] ERROR o.g.u.filter.JwtAuthenticationFilter
                - Error extracting username from token: Invalid compact JWT string: Compact JWSs must contain exactly 2 period characters, and compact JWEs must contain exactly 4.  Found: 0
2026-02-11 18:22:27 [userService,/] ERROR o.g.u.filter.JwtAuthenticationFilter
                - Error extracting username from token: Invalid compact JWT string: Compact JWSs must contain exactly 2 period characters, and compact JWEs must contain exactly 4.  Found: 0
2026-02-11 18:22:27 [userService,/] ERROR o.g.u.filter.JwtAuthenticationFilter
                - Error extracting username from token: Invalid compact JWT string: Compact JWSs must contain exactly 2 period characters, and compact JWEs must contain exactly 4.  Found: 0
2026-02-11 18:22:27 [userService,/] ERROR o.g.u.s.CustomAuthenticationEntryPoint
                - Authentication failure: Full authentication is required to access this resource 
2026-02-11 18:22:27 [userService,/] ERROR o.g.u.s.CustomAuthenticationEntryPoint
                - Authentication failure: Full authentication is required to access this resource 
2026-02-11 18:22:27 [userService,/] ERROR o.g.u.s.CustomAuthenticationEntryPoint
                - Authentication failure: Full authentication is required to access this resource 
2026-02-11 18:22:27 [userService,/] ERROR o.g.u.filter.JwtAuthenticationFilter
                - Error extracting username from token: Invalid compact JWT string: Compact JWSs must contain exactly 2 period characters, and compact JWEs must contain exactly 4.  Found: 0
2026-02-11 18:22:27 [userService,/] ERROR o.g.u.filter.JwtAuthenticationFilter
                - Error extracting username from token: Invalid compact JWT string: Compact JWSs must contain exactly 2 period characters, and compact JWEs must contain exactly 4.  Found: 0
2026-02-11 18:22:27 [userService,/] ERROR o.g.u.filter.JwtAuthenticationFilter
                - Error extracting username from token: Invalid compact JWT string: Compact JWSs must contain exactly 2 period characters, and compact JWEs must contain exactly 4.  Found: 0
2026-02-11 18:22:27 [userService,/] ERROR o.g.u.s.CustomAuthenticationEntryPoint
                - Authentication failure: Full authentication is required to access this resource 
2026-02-11 18:22:27 [userService,/] ERROR o.g.u.s.CustomAuthenticationEntryPoint
                - Authentication failure: Full authentication is required to access this resource 
2026-02-11 18:22:27 [userService,/] ERROR o.g.u.s.CustomAuthenticationEntryPoint
                - Authentication failure: Full authentication is required to access this resource 
2026-02-11 18:23:12 [userService,/] ERROR o.g.u.filter.JwtAuthenticationFilter
                - Error extracting username from token: Invalid compact JWT string: Compact JWSs must contain exactly 2 period characters, and compact JWEs must contain exactly 4.  Found: 0
2026-02-11 18:23:12 [userService,/] ERROR o.g.u.s.CustomAuthenticationEntryPoint
                - Authentication failure: Full authentication is required to access this resource 
2026-02-11 18:23:12 [userService,/] ERROR o.g.u.filter.JwtAuthenticationFilter
                - Error extracting username from token: Invalid compact JWT string: Compact JWSs must contain exactly 2 period characters, and compact JWEs must contain exactly 4.  Found: 0
2026-02-11 18:23:12 [userService,/] ERROR o.g.u.s.CustomAuthenticationEntryPoint
                - Authentication failure: Full authentication is required to access this resource 
2026-02-11 18:23:16 [userService,/] ERROR o.g.u.filter.JwtAuthenticationFilter
                - Error extracting username from token: Invalid compact JWT string: Compact JWSs must contain exactly 2 period characters, and compact JWEs must contain exactly 4.  Found: 0
2026-02-11 18:23:16 [userService,/] ERROR o.g.u.filter.JwtAuthenticationFilter
                - Error extracting username from token: Invalid compact JWT string: Compact JWSs must contain exactly 2 period characters, and compact JWEs must contain exactly 4.  Found: 0
2026-02-11 18:23:16 [userService,/] ERROR o.g.u.s.CustomAuthenticationEntryPoint
                - Authentication failure: Full authentication is required to access this resource 
2026-02-11 18:23:16 [userService,/] ERROR o.g.u.s.CustomAuthenticationEntryPoint
                - Authentication failure: Full authentication is required to access this resource 
2026-02-11 18:23:16 [userService,/] ERROR o.g.u.filter.JwtAuthenticationFilter
                - Error extracting username from token: Invalid compact JWT string: Compact JWSs must contain exactly 2 period characters, and compact JWEs must contain exactly 4.  Found: 0
2026-02-11 18:23:16 [userService,/] ERROR o.g.u.filter.JwtAuthenticationFilter
                - Error extracting username from token: Invalid compact JWT string: Compact JWSs must contain exactly 2 period characters, and compact JWEs must contain exactly 4.  Found: 0
2026-02-11 18:23:16 [userService,/] ERROR o.g.u.s.CustomAuthenticationEntryPoint
                - Authentication failure: Full authentication is required to access this resource 
2026-02-11 18:23:16 [userService,/] ERROR o.g.u.s.CustomAuthenticationEntryPoint
                - Authentication failure: Full authentication is required to access this resource 
2026-02-11 18:23:19 [userService,/] ERROR o.g.u.filter.JwtAuthenticationFilter
                - Error extracting username from token: Invalid compact JWT string: Compact JWSs must contain exactly 2 period characters, and compact JWEs must contain exactly 4.  Found: 0
2026-02-11 18:23:19 [userService,/] ERROR o.g.u.filter.JwtAuthenticationFilter
                - Error extracting username from token: Invalid compact JWT string: Compact JWSs must contain exactly 2 period characters, and compact JWEs must contain exactly 4.  Found: 0
2026-02-11 18:23:19 [userService,/] ERROR o.g.u.s.CustomAuthenticationEntryPoint
                - Authentication failure: Full authentication is required to access this resource 
2026-02-11 18:23:19 [userService,/] ERROR o.g.u.s.CustomAuthenticationEntryPoint
                - Authentication failure: Full authentication is required to access this resource 
2026-02-11 18:23:19 [userService,/] ERROR o.g.u.filter.JwtAuthenticationFilter
                - Error extracting username from token: Invalid compact JWT string: Compact JWSs must contain exactly 2 period characters, and compact JWEs must contain exactly 4.  Found: 0
2026-02-11 18:23:19 [userService,/] ERROR o.g.u.filter.JwtAuthenticationFilter
                - Error extracting username from token: Invalid compact JWT string: Compact JWSs must contain exactly 2 period characters, and compact JWEs must contain exactly 4.  Found: 0
2026-02-11 18:23:19 [userService,/] ERROR o.g.u.s.CustomAuthenticationEntryPoint
                - Authentication failure: Full authentication is required to access this resource 
2026-02-11 18:23:19 [userService,/] ERROR o.g.u.s.CustomAuthenticationEntryPoint
                - Authentication failure: Full authentication is required to access this resource 
2026-02-11 18:23:19 [userService,/] ERROR o.g.u.filter.JwtAuthenticationFilter
                - Error extracting username from token: Invalid compact JWT string: Compact JWSs must contain exactly 2 period characters, and compact JWEs must contain exactly 4.  Found: 0
2026-02-11 18:23:19 [userService,/] ERROR o.g.u.s.CustomAuthenticationEntryPoint
                - Authentication failure: Full authentication is required to access this resource 
2026-02-11 18:23:19 [userService,/] ERROR o.g.u.filter.JwtAuthenticationFilter
                - Error extracting username from token: Invalid compact JWT string: Compact JWSs must contain exactly 2 period characters, and compact JWEs must contain exactly 4.  Found: 0
2026-02-11 18:23:19 [userService,/] ERROR o.g.u.s.CustomAuthenticationEntryPoint
                - Authentication failure: Full authentication is required to access this resource 
2026-02-11 18:24:11 [userService,/] ERROR o.g.u.filter.JwtAuthenticationFilter
                - Error extracting username from token: Invalid compact JWT string: Compact JWSs must contain exactly 2 period characters, and compact JWEs must contain exactly 4.  Found: 0
2026-02-11 18:24:11 [userService,/] ERROR o.g.u.filter.JwtAuthenticationFilter
                - Error extracting username from token: Invalid compact JWT string: Compact JWSs must contain exactly 2 period characters, and compact JWEs must contain exactly 4.  Found: 0
2026-02-11 18:24:11 [userService,/] ERROR o.g.u.filter.JwtAuthenticationFilter
                - Error extracting username from token: Invalid compact JWT string: Compact JWSs must contain exactly 2 period characters, and compact JWEs must contain exactly 4.  Found: 0
2026-02-11 18:24:11 [userService,/] ERROR o.g.u.s.CustomAuthenticationEntryPoint
                - Authentication failure: Full authentication is required to access this resource 
2026-02-11 18:24:11 [userService,/] ERROR o.g.u.s.CustomAuthenticationEntryPoint
                - Authentication failure: Full authentication is required to access this resource 
2026-02-11 18:24:11 [userService,/] ERROR o.g.u.s.CustomAuthenticationEntryPoint
                - Authentication failure: Full authentication is required to access this resource 
2026-02-11 18:24:11 [userService,/] ERROR o.g.u.filter.JwtAuthenticationFilter
                - Error extracting username from token: Invalid compact JWT string: Compact JWSs must contain exactly 2 period characters, and compact JWEs must contain exactly 4.  Found: 0
2026-02-11 18:24:11 [userService,/] ERROR o.g.u.s.CustomAuthenticationEntryPoint
                - Authentication failure: Full authentication is required to access this resource 
2026-02-11 18:24:11 [userService,/] ERROR o.g.u.filter.JwtAuthenticationFilter
                - Error extracting username from token: Invalid compact JWT string: Compact JWSs must contain exactly 2 period characters, and compact JWEs must contain exactly 4.  Found: 0
2026-02-11 18:24:11 [userService,/] ERROR o.g.u.s.CustomAuthenticationEntryPoint
                - Authentication failure: Full authentication is required to access this resource 
2026-02-11 18:24:11 [userService,/] ERROR o.g.u.filter.JwtAuthenticationFilter
                - Error extracting username from token: Invalid compact JWT string: Compact JWSs must contain exactly 2 period characters, and compact JWEs must contain exactly 4.  Found: 0
2026-02-11 18:24:11 [userService,/] ERROR o.g.u.s.CustomAuthenticationEntryPoint
                - Authentication failure: Full authentication is required to access this resource 
2026-02-11 18:25:47 [userService,/] INFO  o.s.b.w.e.tomcat.GracefulShutdown
                - Commencing graceful shutdown. Waiting for active requests to complete
2026-02-11 18:25:47 [userService,/] INFO  o.s.b.w.e.tomcat.GracefulShutdown
                - Graceful shutdown complete
2026-02-11 18:25:47 [userService,/] INFO  o.s.b.w.e.tomcat.GracefulShutdown
                - Commencing graceful shutdown. Waiting for active requests to complete
2026-02-11 18:25:47 [userService,/] INFO  o.s.b.w.e.tomcat.GracefulShutdown
                - Graceful shutdown complete
2026-02-11 18:25:47 [userService,/] INFO  o.s.o.j.LocalContainerEntityManagerFactoryBean
                - Closing JPA EntityManagerFactory for persistence unit 'default'
2026-02-11 18:25:47 [userService,/] INFO  com.zaxxer.hikari.HikariDataSource
                - HikariPool-1 - Shutdown initiated...
2026-02-11 18:25:47 [userService,/] INFO  com.zaxxer.hikari.HikariDataSource
                - HikariPool-1 - Shutdown completed.
2026-02-11 18:25:53 [userService,/] INFO  o.g.u.UserManagementServiceApplication
                - Starting UserManagementServiceApplication using Java 25 with PID 13784 (C:\Users\2464280\gencWorkspaces\practiceWorkspace\cruisemate-registration\target\classes started by 2464280 in C:\Users\2464280\gencWorkspaces\practiceWorkspace\cruisemate-registration)
2026-02-11 18:25:53 [userService,/] DEBUG o.g.u.UserManagementServiceApplication
                - Running with Spring Boot v3.5.6, Spring v6.2.11
2026-02-11 18:25:53 [userService,/] INFO  o.g.u.UserManagementServiceApplication
                - The following 1 profile is active: "genc"
2026-02-11 18:25:55 [userService,/] INFO  o.s.d.r.c.RepositoryConfigurationDelegate
                - Bootstrapping Spring Data JPA repositories in DEFAULT mode.
2026-02-11 18:25:55 [userService,/] INFO  o.s.d.r.c.RepositoryConfigurationDelegate
                - Finished Spring Data repository scanning in 210 ms. Found 2 JPA repository interfaces.
2026-02-11 18:25:55 [userService,/] INFO  o.s.cloud.context.scope.GenericScope
                - BeanFactory id=9bee316d-2ab0-3fef-9ae8-11485ce981d2
2026-02-11 18:25:56 [userService,/] INFO  o.s.b.w.e.tomcat.TomcatWebServer
                - Tomcat initialized with port 8086 (http)
2026-02-11 18:25:56 [userService,/] INFO  o.a.catalina.core.StandardService
                - Starting service [Tomcat]
2026-02-11 18:25:56 [userService,/] INFO  o.a.catalina.core.StandardEngine
                - Starting Servlet engine: [Apache Tomcat/10.1.46]
2026-02-11 18:25:56 [userService,/] INFO  o.a.c.c.C.[Tomcat].[localhost].[/]
                - Initializing Spring embedded WebApplicationContext
2026-02-11 18:25:56 [userService,/] INFO  o.s.b.w.s.c.ServletWebServerApplicationContext
                - Root WebApplicationContext: initialization completed in 2923 ms
2026-02-11 18:25:56 [userService,/] INFO  o.h.jpa.internal.util.LogHelper
                - HHH000204: Processing PersistenceUnitInfo [name: default]
2026-02-11 18:25:56 [userService,/] INFO  org.hibernate.Version
                - HHH000412: Hibernate ORM core version 6.6.29.Final
2026-02-11 18:25:56 [userService,/] INFO  o.h.c.i.RegionFactoryInitiator
                - HHH000026: Second-level cache disabled
2026-02-11 18:25:57 [userService,/] INFO  o.s.o.j.p.SpringPersistenceUnitInfo
                - No LoadTimeWeaver setup: ignoring JPA class transformer
2026-02-11 18:25:57 [userService,/] INFO  com.zaxxer.hikari.HikariDataSource
                - HikariPool-1 - Starting...
2026-02-11 18:25:57 [userService,/] INFO  com.zaxxer.hikari.pool.HikariPool
                - HikariPool-1 - Added connection com.mysql.cj.jdbc.ConnectionImpl@46bdc55e
2026-02-11 18:25:57 [userService,/] INFO  com.zaxxer.hikari.HikariDataSource
                - HikariPool-1 - Start completed.
2026-02-11 18:25:57 [userService,/] WARN  org.hibernate.orm.deprecation
                - HHH90000025: MySQLDialect does not need to be specified explicitly using 'hibernate.dialect' (remove the property setting and it will be selected by default)
2026-02-11 18:25:57 [userService,/] INFO  o.hibernate.orm.connections.pooling
                - HHH10001005: Database info:
	Database JDBC URL [Connecting through datasource 'HikariDataSource (HikariPool-1)']
	Database driver: undefined/unknown
	Database version: 8.0.44
	Autocommit mode: undefined/unknown
	Isolation level: undefined/unknown
	Minimum pool size: undefined/unknown
	Maximum pool size: undefined/unknown
2026-02-11 18:25:58 [userService,/] INFO  o.h.e.t.j.p.i.JtaPlatformInitiator
                - HHH000489: No JTA platform available (set 'hibernate.transaction.jta.platform' to enable JTA platform integration)
2026-02-11 18:25:59 [userService,/] INFO  o.s.o.j.LocalContainerEntityManagerFactoryBean
                - Initialized JPA EntityManagerFactory for persistence unit 'default'
2026-02-11 18:25:59 [userService,/] DEBUG o.g.u.filter.JwtAuthenticationFilter
                - Filter 'jwtAuthenticationFilter' configured for use
2026-02-11 18:25:59 [userService,/] INFO  o.s.s.c.a.a.c.InitializeUserDetailsBeanManagerConfigurer$InitializeUserDetailsManagerConfigurer
                - Global AuthenticationManager configured with UserDetailsService bean with name customUserDetailsService
2026-02-11 18:25:59 [userService,/] WARN  o.s.b.a.o.j.JpaBaseConfiguration$JpaWebConfiguration
                - spring.jpa.open-in-view is enabled by default. Therefore, database queries may be performed during view rendering. Explicitly configure spring.jpa.open-in-view to disable this warning
2026-02-11 18:26:00 [userService,/] INFO  o.s.c.n.e.c.DiscoveryClientOptionalArgsConfiguration
                - Eureka HTTP Client uses RestTemplate.
2026-02-11 18:26:00 [userService,/] WARN  o.s.c.l.c.LoadBalancerCacheAutoConfiguration$LoadBalancerCaffeineWarnLogger
                - Spring Cloud LoadBalancer is currently working with the default cache. While this cache implementation is useful for development and tests, it's recommended to use Caffeine cache in production.You can switch to using Caffeine cache, by adding it and org.springframework.cache.caffeine.CaffeineCacheManager to the classpath.
2026-02-11 18:26:00 [userService,/] INFO  o.s.b.w.e.tomcat.TomcatWebServer
                - Tomcat started on port 8086 (http) with context path '/'
2026-02-11 18:26:00 [userService,/] INFO  o.s.b.w.e.tomcat.TomcatWebServer
                - Tomcat initialized with port 8090 (http)
2026-02-11 18:26:00 [userService,/] INFO  o.a.catalina.core.StandardService
                - Starting service [Tomcat]
2026-02-11 18:26:00 [userService,/] INFO  o.a.catalina.core.StandardEngine
                - Starting Servlet engine: [Apache Tomcat/10.1.46]
2026-02-11 18:26:01 [userService,/] INFO  o.a.c.c.C.[Tomcat-1].[localhost].[/]
                - Initializing Spring embedded WebApplicationContext
2026-02-11 18:26:01 [userService,/] INFO  o.s.b.w.s.c.ServletWebServerApplicationContext
                - Root WebApplicationContext: initialization completed in 127 ms
2026-02-11 18:26:01 [userService,/] INFO  o.s.b.a.e.web.EndpointLinksResolver
                - Exposing 16 endpoints beneath base path '/actuator'
2026-02-11 18:26:01 [userService,/] INFO  o.s.b.w.e.tomcat.TomcatWebServer
                - Tomcat started on port 8090 (http) with context path '/'
2026-02-11 18:26:01 [userService,/] INFO  o.g.u.UserManagementServiceApplication
                - Started UserManagementServiceApplication in 8.445 seconds (process running for 9.289)
2026-02-11 18:26:01 [userService,/] INFO  o.g.u.UserManagementServiceApplication
                - UserManagementServiceApplication booted up and running
2026-02-11 18:26:22 [userService,/] INFO  o.a.c.c.C.[Tomcat].[localhost].[/]
                - Initializing Spring DispatcherServlet 'dispatcherServlet'
2026-02-11 18:26:22 [userService,/] INFO  o.s.web.servlet.DispatcherServlet
                - Initializing Servlet 'dispatcherServlet'
2026-02-11 18:26:22 [userService,/] INFO  o.s.web.servlet.DispatcherServlet
                - Completed initialization in 3 ms
2026-02-11 18:26:22 [userService,/] ERROR o.g.u.filter.JwtAuthenticationFilter
                - Error extracting username from token: Invalid compact JWT string: Compact JWSs must contain exactly 2 period characters, and compact JWEs must contain exactly 4.  Found: 0
2026-02-11 18:26:22 [userService,/] ERROR o.g.u.filter.JwtAuthenticationFilter
                - Error extracting username from token: Invalid compact JWT string: Compact JWSs must contain exactly 2 period characters, and compact JWEs must contain exactly 4.  Found: 0
2026-02-11 18:26:34 [userService,/] DEBUG o.g.u.filter.JwtAuthenticationFilter
                - No Authorization header or invalid format for request: /cruises
2026-02-11 18:26:34 [userService,/] DEBUG o.g.u.filter.JwtAuthenticationFilter
                - No Authorization header or invalid format for request: /cruises
2026-02-11 18:26:49 [userService,/] INFO  o.g.u.s.i.CustomUserDetailsService
                - User   found username admin , role s ize 1
2026-02-11 18:26:49 [userService,/] INFO  o.g.u.s.i.CustomUserDetailsService
                - User   found username admin , role s ize 1
2026-02-11 18:26:49 [userService,/] INFO  o.g.usermgmt.resource.AuthController
                - Access from userService on port 8086 (instance: userService:c6dd3da6e9f4cfd8c0ab6d3e33128809)
2026-02-11 18:26:49 [userService,/] ERROR o.g.u.filter.JwtAuthenticationFilter
                - Error extracting username from token: Invalid compact JWT string: Compact JWSs must contain exactly 2 period characters, and compact JWEs must contain exactly 4.  Found: 0
2026-02-11 18:26:49 [userService,/] ERROR o.g.u.filter.JwtAuthenticationFilter
                - Error extracting username from token: Invalid compact JWT string: Compact JWSs must contain exactly 2 period characters, and compact JWEs must contain exactly 4.  Found: 0
2026-02-11 18:26:49 [userService,/] ERROR o.g.u.filter.JwtAuthenticationFilter
                - Error extracting username from token: Invalid compact JWT string: Compact JWSs must contain exactly 2 period characters, and compact JWEs must contain exactly 4.  Found: 0
2026-02-11 18:26:49 [userService,/] ERROR o.g.u.s.CustomAuthenticationEntryPoint
                - Authentication failure: Full authentication is required to access this resource 
2026-02-11 18:26:49 [userService,/] ERROR o.g.u.s.CustomAuthenticationEntryPoint
                - Authentication failure: Full authentication is required to access this resource 
2026-02-11 18:26:49 [userService,/] ERROR o.g.u.s.CustomAuthenticationEntryPoint
                - Authentication failure: Full authentication is required to access this resource 
2026-02-11 18:26:49 [userService,/] ERROR o.g.u.filter.JwtAuthenticationFilter
                - Error extracting username from token: Invalid compact JWT string: Compact JWSs must contain exactly 2 period characters, and compact JWEs must contain exactly 4.  Found: 0
2026-02-11 18:26:49 [userService,/] ERROR o.g.u.filter.JwtAuthenticationFilter
                - Error extracting username from token: Invalid compact JWT string: Compact JWSs must contain exactly 2 period characters, and compact JWEs must contain exactly 4.  Found: 0
2026-02-11 18:26:49 [userService,/] ERROR o.g.u.filter.JwtAuthenticationFilter
                - Error extracting username from token: Invalid compact JWT string: Compact JWSs must contain exactly 2 period characters, and compact JWEs must contain exactly 4.  Found: 0
2026-02-11 18:26:49 [userService,/] ERROR o.g.u.s.CustomAuthenticationEntryPoint
                - Authentication failure: Full authentication is required to access this resource 
2026-02-11 18:26:49 [userService,/] ERROR o.g.u.s.CustomAuthenticationEntryPoint
                - Authentication failure: Full authentication is required to access this resource 
2026-02-11 18:26:49 [userService,/] ERROR o.g.u.s.CustomAuthenticationEntryPoint
                - Authentication failure: Full authentication is required to access this resource 
2026-02-11 18:27:25 [userService,/] DEBUG o.g.u.filter.JwtAuthenticationFilter
                - No Authorization header or invalid format for request: /register
2026-02-11 18:27:25 [userService,/] ERROR o.g.u.s.CustomAuthenticationEntryPoint
                - Authentication failure: Full authentication is required to access this resource 
2026-02-11 18:27:41 [userService,/] DEBUG o.g.u.filter.JwtAuthenticationFilter
                - No Authorization header or invalid format for request: /register
2026-02-11 18:27:41 [userService,/] ERROR o.g.u.s.CustomAuthenticationEntryPoint
                - Authentication failure: Full authentication is required to access this resource 
2026-02-11 18:28:06 [userService,/] INFO  o.s.b.w.e.tomcat.GracefulShutdown
                - Commencing graceful shutdown. Waiting for active requests to complete
2026-02-11 18:28:06 [userService,/] INFO  o.s.b.w.e.tomcat.GracefulShutdown
                - Graceful shutdown complete
2026-02-11 18:28:06 [userService,/] INFO  o.s.b.w.e.tomcat.GracefulShutdown
                - Commencing graceful shutdown. Waiting for active requests to complete
2026-02-11 18:28:06 [userService,/] INFO  o.s.b.w.e.tomcat.GracefulShutdown
                - Graceful shutdown complete
2026-02-11 18:28:06 [userService,/] INFO  o.s.o.j.LocalContainerEntityManagerFactoryBean
                - Closing JPA EntityManagerFactory for persistence unit 'default'
2026-02-11 18:28:06 [userService,/] INFO  com.zaxxer.hikari.HikariDataSource
                - HikariPool-1 - Shutdown initiated...
2026-02-11 18:28:06 [userService,/] INFO  com.zaxxer.hikari.HikariDataSource
                - HikariPool-1 - Shutdown completed.
2026-02-11 18:28:10 [userService,/] INFO  o.g.u.UserManagementServiceApplication
                - Starting UserManagementServiceApplication using Java 25 with PID 2828 (C:\Users\2464280\gencWorkspaces\practiceWorkspace\cruisemate-registration\target\classes started by 2464280 in C:\Users\2464280\gencWorkspaces\practiceWorkspace\cruisemate-registration)
2026-02-11 18:28:10 [userService,/] DEBUG o.g.u.UserManagementServiceApplication
                - Running with Spring Boot v3.5.6, Spring v6.2.11
2026-02-11 18:28:10 [userService,/] INFO  o.g.u.UserManagementServiceApplication
                - The following 1 profile is active: "genc"
2026-02-11 18:28:11 [userService,/] INFO  o.s.d.r.c.RepositoryConfigurationDelegate
                - Bootstrapping Spring Data JPA repositories in DEFAULT mode.
2026-02-11 18:28:12 [userService,/] INFO  o.s.d.r.c.RepositoryConfigurationDelegate
                - Finished Spring Data repository scanning in 157 ms. Found 2 JPA repository interfaces.
2026-02-11 18:28:12 [userService,/] INFO  o.s.cloud.context.scope.GenericScope
                - BeanFactory id=9bee316d-2ab0-3fef-9ae8-11485ce981d2
2026-02-11 18:28:12 [userService,/] INFO  o.s.b.w.e.tomcat.TomcatWebServer
                - Tomcat initialized with port 8086 (http)
2026-02-11 18:28:12 [userService,/] INFO  o.a.catalina.core.StandardService
                - Starting service [Tomcat]
2026-02-11 18:28:12 [userService,/] INFO  o.a.catalina.core.StandardEngine
                - Starting Servlet engine: [Apache Tomcat/10.1.46]
2026-02-11 18:28:13 [userService,/] INFO  o.a.c.c.C.[Tomcat].[localhost].[/]
                - Initializing Spring embedded WebApplicationContext
2026-02-11 18:28:13 [userService,/] INFO  o.s.b.w.s.c.ServletWebServerApplicationContext
                - Root WebApplicationContext: initialization completed in 2260 ms
2026-02-11 18:28:13 [userService,/] INFO  o.h.jpa.internal.util.LogHelper
                - HHH000204: Processing PersistenceUnitInfo [name: default]
2026-02-11 18:28:13 [userService,/] INFO  org.hibernate.Version
                - HHH000412: Hibernate ORM core version 6.6.29.Final
2026-02-11 18:28:13 [userService,/] INFO  o.h.c.i.RegionFactoryInitiator
                - HHH000026: Second-level cache disabled
2026-02-11 18:28:13 [userService,/] INFO  o.s.o.j.p.SpringPersistenceUnitInfo
                - No LoadTimeWeaver setup: ignoring JPA class transformer
2026-02-11 18:28:13 [userService,/] INFO  com.zaxxer.hikari.HikariDataSource
                - HikariPool-1 - Starting...
2026-02-11 18:28:13 [userService,/] INFO  com.zaxxer.hikari.pool.HikariPool
                - HikariPool-1 - Added connection com.mysql.cj.jdbc.ConnectionImpl@3e0327dd
2026-02-11 18:28:13 [userService,/] INFO  com.zaxxer.hikari.HikariDataSource
                - HikariPool-1 - Start completed.
2026-02-11 18:28:13 [userService,/] WARN  org.hibernate.orm.deprecation
                - HHH90000025: MySQLDialect does not need to be specified explicitly using 'hibernate.dialect' (remove the property setting and it will be selected by default)
2026-02-11 18:28:13 [userService,/] INFO  o.hibernate.orm.connections.pooling
                - HHH10001005: Database info:
	Database JDBC URL [Connecting through datasource 'HikariDataSource (HikariPool-1)']
	Database driver: undefined/unknown
	Database version: 8.0.44
	Autocommit mode: undefined/unknown
	Isolation level: undefined/unknown
	Minimum pool size: undefined/unknown
	Maximum pool size: undefined/unknown
2026-02-11 18:28:14 [userService,/] INFO  o.h.e.t.j.p.i.JtaPlatformInitiator
                - HHH000489: No JTA platform available (set 'hibernate.transaction.jta.platform' to enable JTA platform integration)
2026-02-11 18:28:14 [userService,/] INFO  o.s.o.j.LocalContainerEntityManagerFactoryBean
                - Initialized JPA EntityManagerFactory for persistence unit 'default'
2026-02-11 18:28:15 [userService,/] DEBUG o.g.u.filter.JwtAuthenticationFilter
                - Filter 'jwtAuthenticationFilter' configured for use
2026-02-11 18:28:15 [userService,/] INFO  o.s.s.c.a.a.c.InitializeUserDetailsBeanManagerConfigurer$InitializeUserDetailsManagerConfigurer
                - Global AuthenticationManager configured with UserDetailsService bean with name customUserDetailsService
2026-02-11 18:28:15 [userService,/] WARN  o.s.b.a.o.j.JpaBaseConfiguration$JpaWebConfiguration
                - spring.jpa.open-in-view is enabled by default. Therefore, database queries may be performed during view rendering. Explicitly configure spring.jpa.open-in-view to disable this warning
2026-02-11 18:28:16 [userService,/] INFO  o.s.c.n.e.c.DiscoveryClientOptionalArgsConfiguration
                - Eureka HTTP Client uses RestTemplate.
2026-02-11 18:28:16 [userService,/] WARN  o.s.c.l.c.LoadBalancerCacheAutoConfiguration$LoadBalancerCaffeineWarnLogger
                - Spring Cloud LoadBalancer is currently working with the default cache. While this cache implementation is useful for development and tests, it's recommended to use Caffeine cache in production.You can switch to using Caffeine cache, by adding it and org.springframework.cache.caffeine.CaffeineCacheManager to the classpath.
2026-02-11 18:28:16 [userService,/] INFO  o.s.b.w.e.tomcat.TomcatWebServer
                - Tomcat started on port 8086 (http) with context path '/'
2026-02-11 18:28:16 [userService,/] INFO  o.s.b.w.e.tomcat.TomcatWebServer
                - Tomcat initialized with port 8090 (http)
2026-02-11 18:28:16 [userService,/] INFO  o.a.catalina.core.StandardService
                - Starting service [Tomcat]
2026-02-11 18:28:16 [userService,/] INFO  o.a.catalina.core.StandardEngine
                - Starting Servlet engine: [Apache Tomcat/10.1.46]
2026-02-11 18:28:16 [userService,/] INFO  o.a.c.c.C.[Tomcat-1].[localhost].[/]
                - Initializing Spring embedded WebApplicationContext
2026-02-11 18:28:16 [userService,/] INFO  o.s.b.w.s.c.ServletWebServerApplicationContext
                - Root WebApplicationContext: initialization completed in 132 ms
2026-02-11 18:28:16 [userService,/] INFO  o.s.b.a.e.web.EndpointLinksResolver
                - Exposing 16 endpoints beneath base path '/actuator'
2026-02-11 18:28:16 [userService,/] INFO  o.s.b.w.e.tomcat.TomcatWebServer
                - Tomcat started on port 8090 (http) with context path '/'
2026-02-11 18:28:16 [userService,/] INFO  o.g.u.UserManagementServiceApplication
                - Started UserManagementServiceApplication in 6.837 seconds (process running for 7.48)
2026-02-11 18:28:17 [userService,/] INFO  o.g.u.UserManagementServiceApplication
                - UserManagementServiceApplication booted up and running
2026-02-11 18:28:25 [userService,/] INFO  o.a.c.c.C.[Tomcat].[localhost].[/]
                - Initializing Spring DispatcherServlet 'dispatcherServlet'
2026-02-11 18:28:25 [userService,/] INFO  o.s.web.servlet.DispatcherServlet
                - Initializing Servlet 'dispatcherServlet'
2026-02-11 18:28:25 [userService,/] INFO  o.s.web.servlet.DispatcherServlet
                - Completed initialization in 0 ms
2026-02-11 18:28:25 [userService,/] DEBUG o.g.u.filter.JwtAuthenticationFilter
                - No Authorization header or invalid format for request: /register
2026-02-11 18:28:25 [userService,/] ERROR o.g.u.s.CustomAuthenticationEntryPoint
                - Authentication failure: Full authentication is required to access this resource 
2026-02-11 18:28:29 [userService,/] DEBUG o.g.u.filter.JwtAuthenticationFilter
                - No Authorization header or invalid format for request: /register
2026-02-11 18:28:29 [userService,/] ERROR o.g.u.s.CustomAuthenticationEntryPoint
                - Authentication failure: Full authentication is required to access this resource 
2026-02-11 18:28:37 [userService,/] DEBUG o.g.u.filter.JwtAuthenticationFilter
                - No Authorization header or invalid format for request: /register
2026-02-11 18:28:37 [userService,/] ERROR o.g.u.s.CustomAuthenticationEntryPoint
                - Authentication failure: Full authentication is required to access this resource 
2026-02-11 18:29:12 [userService,/] DEBUG o.g.u.filter.JwtAuthenticationFilter
                - No Authorization header or invalid format for request: /register
2026-02-11 18:29:12 [userService,/] ERROR o.g.u.s.CustomAuthenticationEntryPoint
                - Authentication failure: Full authentication is required to access this resource 
2026-02-11 18:29:15 [userService,/] DEBUG o.g.u.filter.JwtAuthenticationFilter
                - No Authorization header or invalid format for request: /register
2026-02-11 18:29:15 [userService,/] ERROR o.g.u.s.CustomAuthenticationEntryPoint
                - Authentication failure: Full authentication is required to access this resource 
2026-02-11 18:30:18 [userService,/] DEBUG o.g.u.filter.JwtAuthenticationFilter
                - No Authorization header or invalid format for request: /register
2026-02-11 18:30:18 [userService,/] ERROR o.g.u.s.CustomAuthenticationEntryPoint
                - Authentication failure: Full authentication is required to access this resource 
2026-02-11 18:31:26 [userService,/] DEBUG o.g.u.filter.JwtAuthenticationFilter
                - No Authorization header or invalid format for request: /register
2026-02-11 18:31:26 [userService,/] ERROR o.g.u.s.CustomAuthenticationEntryPoint
                - Authentication failure: Full authentication is required to access this resource 
2026-02-11 22:49:25 [userService,/] INFO  o.g.u.UserManagementServiceApplication
                - Starting UserManagementServiceApplication using Java 25 with PID 16692 (C:\Users\2464280\gencWorkspaces\practiceWorkspace\cruisemate-registration\target\classes started by 2464280 in C:\Users\2464280\gencWorkspaces\practiceWorkspace\cruisemate-registration)
2026-02-11 22:49:25 [userService,/] DEBUG o.g.u.UserManagementServiceApplication
                - Running with Spring Boot v3.5.6, Spring v6.2.11
2026-02-11 22:49:25 [userService,/] INFO  o.g.u.UserManagementServiceApplication
                - The following 1 profile is active: "genc"
2026-02-11 22:49:27 [userService,/] INFO  o.s.d.r.c.RepositoryConfigurationDelegate
                - Bootstrapping Spring Data JPA repositories in DEFAULT mode.
2026-02-11 22:49:27 [userService,/] INFO  o.s.d.r.c.RepositoryConfigurationDelegate
                - Finished Spring Data repository scanning in 264 ms. Found 2 JPA repository interfaces.
2026-02-11 22:49:28 [userService,/] INFO  o.s.cloud.context.scope.GenericScope
                - BeanFactory id=9bee316d-2ab0-3fef-9ae8-11485ce981d2
2026-02-11 22:49:28 [userService,/] INFO  o.s.b.w.e.tomcat.TomcatWebServer
                - Tomcat initialized with port 8086 (http)
2026-02-11 22:49:28 [userService,/] INFO  o.a.catalina.core.StandardService
                - Starting service [Tomcat]
2026-02-11 22:49:28 [userService,/] INFO  o.a.catalina.core.StandardEngine
                - Starting Servlet engine: [Apache Tomcat/10.1.46]
2026-02-11 22:49:29 [userService,/] INFO  o.a.c.c.C.[Tomcat].[localhost].[/]
                - Initializing Spring embedded WebApplicationContext
2026-02-11 22:49:29 [userService,/] INFO  o.s.b.w.s.c.ServletWebServerApplicationContext
                - Root WebApplicationContext: initialization completed in 3312 ms
2026-02-11 22:49:29 [userService,/] INFO  o.h.jpa.internal.util.LogHelper
                - HHH000204: Processing PersistenceUnitInfo [name: default]
2026-02-11 22:49:29 [userService,/] INFO  org.hibernate.Version
                - HHH000412: Hibernate ORM core version 6.6.29.Final
2026-02-11 22:49:29 [userService,/] INFO  o.h.c.i.RegionFactoryInitiator
                - HHH000026: Second-level cache disabled
2026-02-11 22:49:30 [userService,/] INFO  o.s.o.j.p.SpringPersistenceUnitInfo
                - No LoadTimeWeaver setup: ignoring JPA class transformer
2026-02-11 22:49:30 [userService,/] INFO  com.zaxxer.hikari.HikariDataSource
                - HikariPool-1 - Starting...
2026-02-11 22:49:30 [userService,/] INFO  com.zaxxer.hikari.pool.HikariPool
                - HikariPool-1 - Added connection com.mysql.cj.jdbc.ConnectionImpl@291028d7
2026-02-11 22:49:30 [userService,/] INFO  com.zaxxer.hikari.HikariDataSource
                - HikariPool-1 - Start completed.
2026-02-11 22:49:30 [userService,/] WARN  org.hibernate.orm.deprecation
                - HHH90000025: MySQLDialect does not need to be specified explicitly using 'hibernate.dialect' (remove the property setting and it will be selected by default)
2026-02-11 22:49:30 [userService,/] INFO  o.hibernate.orm.connections.pooling
                - HHH10001005: Database info:
	Database JDBC URL [Connecting through datasource 'HikariDataSource (HikariPool-1)']
	Database driver: undefined/unknown
	Database version: 8.0.44
	Autocommit mode: undefined/unknown
	Isolation level: undefined/unknown
	Minimum pool size: undefined/unknown
	Maximum pool size: undefined/unknown
2026-02-11 22:49:31 [userService,/] INFO  o.h.e.t.j.p.i.JtaPlatformInitiator
                - HHH000489: No JTA platform available (set 'hibernate.transaction.jta.platform' to enable JTA platform integration)
2026-02-11 22:49:31 [userService,/] INFO  o.s.o.j.LocalContainerEntityManagerFactoryBean
                - Initialized JPA EntityManagerFactory for persistence unit 'default'
2026-02-11 22:49:32 [userService,/] DEBUG o.g.u.filter.JwtAuthenticationFilter
                - Filter 'jwtAuthenticationFilter' configured for use
2026-02-11 22:49:32 [userService,/] INFO  o.s.s.c.a.a.c.InitializeUserDetailsBeanManagerConfigurer$InitializeUserDetailsManagerConfigurer
                - Global AuthenticationManager configured with UserDetailsService bean with name customUserDetailsService
2026-02-11 22:49:32 [userService,/] WARN  o.s.b.a.o.j.JpaBaseConfiguration$JpaWebConfiguration
                - spring.jpa.open-in-view is enabled by default. Therefore, database queries may be performed during view rendering. Explicitly configure spring.jpa.open-in-view to disable this warning
2026-02-11 22:49:33 [userService,/] INFO  o.s.c.n.e.c.DiscoveryClientOptionalArgsConfiguration
                - Eureka HTTP Client uses RestTemplate.
2026-02-11 22:49:33 [userService,/] WARN  o.s.c.l.c.LoadBalancerCacheAutoConfiguration$LoadBalancerCaffeineWarnLogger
                - Spring Cloud LoadBalancer is currently working with the default cache. While this cache implementation is useful for development and tests, it's recommended to use Caffeine cache in production.You can switch to using Caffeine cache, by adding it and org.springframework.cache.caffeine.CaffeineCacheManager to the classpath.
2026-02-11 22:49:33 [userService,/] INFO  o.s.b.w.e.tomcat.TomcatWebServer
                - Tomcat started on port 8086 (http) with context path '/'
2026-02-11 22:49:33 [userService,/] INFO  o.s.b.w.e.tomcat.TomcatWebServer
                - Tomcat initialized with port 8090 (http)
2026-02-11 22:49:33 [userService,/] INFO  o.a.catalina.core.StandardService
                - Starting service [Tomcat]
2026-02-11 22:49:33 [userService,/] INFO  o.a.catalina.core.StandardEngine
                - Starting Servlet engine: [Apache Tomcat/10.1.46]
2026-02-11 22:49:34 [userService,/] INFO  o.a.c.c.C.[Tomcat-1].[localhost].[/]
                - Initializing Spring embedded WebApplicationContext
2026-02-11 22:49:34 [userService,/] INFO  o.s.b.w.s.c.ServletWebServerApplicationContext
                - Root WebApplicationContext: initialization completed in 213 ms
2026-02-11 22:49:34 [userService,/] INFO  o.s.b.a.e.web.EndpointLinksResolver
                - Exposing 16 endpoints beneath base path '/actuator'
2026-02-11 22:49:34 [userService,/] INFO  o.s.b.w.e.tomcat.TomcatWebServer
                - Tomcat started on port 8090 (http) with context path '/'
2026-02-11 22:49:34 [userService,/] INFO  o.g.u.UserManagementServiceApplication
                - Started UserManagementServiceApplication in 9.298 seconds (process running for 10.392)
2026-02-11 22:49:34 [userService,/] INFO  o.g.u.UserManagementServiceApplication
                - UserManagementServiceApplication booted up and running
2026-02-11 22:51:25 [userService,/] INFO  o.a.c.c.C.[Tomcat].[localhost].[/]
                - Initializing Spring DispatcherServlet 'dispatcherServlet'
2026-02-11 22:51:25 [userService,/] INFO  o.s.web.servlet.DispatcherServlet
                - Initializing Servlet 'dispatcherServlet'
2026-02-11 22:51:25 [userService,/] INFO  o.s.web.servlet.DispatcherServlet
                - Completed initialization in 0 ms
2026-02-11 22:51:25 [userService,/] DEBUG o.g.u.filter.JwtAuthenticationFilter
                - No Authorization header or invalid format for request: /cruises
2026-02-11 22:51:25 [userService,/] DEBUG o.g.u.filter.JwtAuthenticationFilter
                - No Authorization header or invalid format for request: /cruises
2026-02-11 22:53:14 [userService,/] INFO  o.s.b.w.e.tomcat.GracefulShutdown
                - Commencing graceful shutdown. Waiting for active requests to complete
2026-02-11 22:53:14 [userService,/] INFO  o.s.b.w.e.tomcat.GracefulShutdown
                - Graceful shutdown complete
2026-02-11 22:53:14 [userService,/] INFO  o.s.b.w.e.tomcat.GracefulShutdown
                - Commencing graceful shutdown. Waiting for active requests to complete
2026-02-11 22:53:14 [userService,/] INFO  o.s.b.w.e.tomcat.GracefulShutdown
                - Graceful shutdown complete
2026-02-11 22:53:15 [userService,/] INFO  o.s.o.j.LocalContainerEntityManagerFactoryBean
                - Closing JPA EntityManagerFactory for persistence unit 'default'
2026-02-11 22:53:15 [userService,/] INFO  com.zaxxer.hikari.HikariDataSource
                - HikariPool-1 - Shutdown initiated...
2026-02-11 22:53:15 [userService,/] INFO  com.zaxxer.hikari.HikariDataSource
                - HikariPool-1 - Shutdown completed.
2026-02-11 22:53:17 [userService,/] INFO  o.g.u.UserManagementServiceApplication
                - Starting UserManagementServiceApplication using Java 25 with PID 27432 (C:\Users\2464280\gencWorkspaces\practiceWorkspace\cruisemate-registration\target\classes started by 2464280 in C:\Users\2464280\gencWorkspaces\practiceWorkspace\cruisemate-registration)
2026-02-11 22:53:17 [userService,/] DEBUG o.g.u.UserManagementServiceApplication
                - Running with Spring Boot v3.5.6, Spring v6.2.11
2026-02-11 22:53:17 [userService,/] INFO  o.g.u.UserManagementServiceApplication
                - The following 1 profile is active: "genc"
2026-02-11 22:53:18 [userService,/] INFO  o.s.d.r.c.RepositoryConfigurationDelegate
                - Bootstrapping Spring Data JPA repositories in DEFAULT mode.
2026-02-11 22:53:19 [userService,/] INFO  o.s.d.r.c.RepositoryConfigurationDelegate
                - Finished Spring Data repository scanning in 154 ms. Found 2 JPA repository interfaces.
2026-02-11 22:53:19 [userService,/] INFO  o.s.cloud.context.scope.GenericScope
                - BeanFactory id=9bee316d-2ab0-3fef-9ae8-11485ce981d2
2026-02-11 22:53:19 [userService,/] INFO  o.s.b.w.e.tomcat.TomcatWebServer
                - Tomcat initialized with port 8086 (http)
2026-02-11 22:53:19 [userService,/] INFO  o.a.catalina.core.StandardService
                - Starting service [Tomcat]
2026-02-11 22:53:19 [userService,/] INFO  o.a.catalina.core.StandardEngine
                - Starting Servlet engine: [Apache Tomcat/10.1.46]
2026-02-11 22:53:20 [userService,/] INFO  o.a.c.c.C.[Tomcat].[localhost].[/]
                - Initializing Spring embedded WebApplicationContext
2026-02-11 22:53:20 [userService,/] INFO  o.s.b.w.s.c.ServletWebServerApplicationContext
                - Root WebApplicationContext: initialization completed in 2279 ms
2026-02-11 22:53:20 [userService,/] INFO  o.h.jpa.internal.util.LogHelper
                - HHH000204: Processing PersistenceUnitInfo [name: default]
2026-02-11 22:53:20 [userService,/] INFO  org.hibernate.Version
                - HHH000412: Hibernate ORM core version 6.6.29.Final
2026-02-11 22:53:20 [userService,/] INFO  o.h.c.i.RegionFactoryInitiator
                - HHH000026: Second-level cache disabled
2026-02-11 22:53:20 [userService,/] INFO  o.s.o.j.p.SpringPersistenceUnitInfo
                - No LoadTimeWeaver setup: ignoring JPA class transformer
2026-02-11 22:53:20 [userService,/] INFO  com.zaxxer.hikari.HikariDataSource
                - HikariPool-1 - Starting...
2026-02-11 22:53:20 [userService,/] INFO  com.zaxxer.hikari.pool.HikariPool
                - HikariPool-1 - Added connection com.mysql.cj.jdbc.ConnectionImpl@6a97517
2026-02-11 22:53:20 [userService,/] INFO  com.zaxxer.hikari.HikariDataSource
                - HikariPool-1 - Start completed.
2026-02-11 22:53:20 [userService,/] WARN  org.hibernate.orm.deprecation
                - HHH90000025: MySQLDialect does not need to be specified explicitly using 'hibernate.dialect' (remove the property setting and it will be selected by default)
2026-02-11 22:53:20 [userService,/] INFO  o.hibernate.orm.connections.pooling
                - HHH10001005: Database info:
	Database JDBC URL [Connecting through datasource 'HikariDataSource (HikariPool-1)']
	Database driver: undefined/unknown
	Database version: 8.0.44
	Autocommit mode: undefined/unknown
	Isolation level: undefined/unknown
	Minimum pool size: undefined/unknown
	Maximum pool size: undefined/unknown
2026-02-11 22:53:21 [userService,/] INFO  o.h.e.t.j.p.i.JtaPlatformInitiator
                - HHH000489: No JTA platform available (set 'hibernate.transaction.jta.platform' to enable JTA platform integration)
2026-02-11 22:53:22 [userService,/] INFO  o.s.o.j.LocalContainerEntityManagerFactoryBean
                - Initialized JPA EntityManagerFactory for persistence unit 'default'
2026-02-11 22:53:22 [userService,/] DEBUG o.g.u.filter.JwtAuthenticationFilter
                - Filter 'jwtAuthenticationFilter' configured for use
2026-02-11 22:53:23 [userService,/] INFO  o.s.s.c.a.a.c.InitializeUserDetailsBeanManagerConfigurer$InitializeUserDetailsManagerConfigurer
                - Global AuthenticationManager configured with UserDetailsService bean with name customUserDetailsService
2026-02-11 22:53:23 [userService,/] WARN  o.s.b.a.o.j.JpaBaseConfiguration$JpaWebConfiguration
                - spring.jpa.open-in-view is enabled by default. Therefore, database queries may be performed during view rendering. Explicitly configure spring.jpa.open-in-view to disable this warning
2026-02-11 22:53:23 [userService,/] INFO  o.s.c.n.e.c.DiscoveryClientOptionalArgsConfiguration
                - Eureka HTTP Client uses RestTemplate.
2026-02-11 22:53:24 [userService,/] WARN  o.s.c.l.c.LoadBalancerCacheAutoConfiguration$LoadBalancerCaffeineWarnLogger
                - Spring Cloud LoadBalancer is currently working with the default cache. While this cache implementation is useful for development and tests, it's recommended to use Caffeine cache in production.You can switch to using Caffeine cache, by adding it and org.springframework.cache.caffeine.CaffeineCacheManager to the classpath.
2026-02-11 22:53:24 [userService,/] INFO  o.s.b.w.e.tomcat.TomcatWebServer
                - Tomcat started on port 8086 (http) with context path '/'
2026-02-11 22:53:24 [userService,/] INFO  o.s.b.w.e.tomcat.TomcatWebServer
                - Tomcat initialized with port 8090 (http)
2026-02-11 22:53:24 [userService,/] INFO  o.a.catalina.core.StandardService
                - Starting service [Tomcat]
2026-02-11 22:53:24 [userService,/] INFO  o.a.catalina.core.StandardEngine
                - Starting Servlet engine: [Apache Tomcat/10.1.46]
2026-02-11 22:53:24 [userService,/] INFO  o.a.c.c.C.[Tomcat-1].[localhost].[/]
                - Initializing Spring embedded WebApplicationContext
2026-02-11 22:53:24 [userService,/] INFO  o.s.b.w.s.c.ServletWebServerApplicationContext
                - Root WebApplicationContext: initialization completed in 132 ms
2026-02-11 22:53:24 [userService,/] INFO  o.s.b.a.e.web.EndpointLinksResolver
                - Exposing 16 endpoints beneath base path '/actuator'
2026-02-11 22:53:24 [userService,/] INFO  o.s.b.w.e.tomcat.TomcatWebServer
                - Tomcat started on port 8090 (http) with context path '/'
2026-02-11 22:53:24 [userService,/] INFO  o.g.u.UserManagementServiceApplication
                - Started UserManagementServiceApplication in 7.257 seconds (process running for 8.023)
2026-02-11 22:53:24 [userService,/] INFO  o.g.u.s.impl.UserMgmtServiceImpl
                - New CruiseMate account created: admin
2026-02-11 22:53:24 [userService,/] INFO  o.g.usermgmt.config.SeedDataLoader
                - Default CruiseMate Admin seeded successfully.
2026-02-11 22:53:24 [userService,/] INFO  o.g.u.UserManagementServiceApplication
                - UserManagementServiceApplication booted up and running
2026-02-11 22:54:07 [userService,/] INFO  o.a.c.c.C.[Tomcat].[localhost].[/]
                - Initializing Spring DispatcherServlet 'dispatcherServlet'
2026-02-11 22:54:07 [userService,/] INFO  o.s.web.servlet.DispatcherServlet
                - Initializing Servlet 'dispatcherServlet'
2026-02-11 22:54:07 [userService,/] INFO  o.s.web.servlet.DispatcherServlet
                - Completed initialization in 0 ms
2026-02-11 22:54:07 [userService,/] DEBUG o.g.u.filter.JwtAuthenticationFilter
                - No Authorization header or invalid format for request: /cruises
2026-02-11 22:54:07 [userService,/] DEBUG o.g.u.filter.JwtAuthenticationFilter
                - No Authorization header or invalid format for request: /cruises
2026-02-11 22:54:12 [userService,/] DEBUG o.g.u.filter.JwtAuthenticationFilter
                - No Authorization header or invalid format for request: /cruises
2026-02-11 22:54:12 [userService,/] DEBUG o.g.u.filter.JwtAuthenticationFilter
                - No Authorization header or invalid format for request: /cruises
2026-02-11 23:03:06 [userService,/] WARN  com.zaxxer.hikari.pool.HikariPool
                - HikariPool-1 - Thread starvation or clock leap detected (housekeeper delta=5m15s288ms289µs700ns).
2026-02-11 23:03:07 [userService,/] DEBUG o.g.u.filter.JwtAuthenticationFilter
                - No Authorization header or invalid format for request: /cruises
2026-02-11 23:03:07 [userService,/] DEBUG o.g.u.filter.JwtAuthenticationFilter
                - No Authorization header or invalid format for request: /cruises
2026-02-11 23:03:59 [userService,/] DEBUG o.g.u.filter.JwtAuthenticationFilter
                - No Authorization header or invalid format for request: /cruises
2026-02-11 23:03:59 [userService,/] DEBUG o.g.u.filter.JwtAuthenticationFilter
                - No Authorization header or invalid format for request: /cruises
2026-02-11 23:25:25 [userService,/] INFO  o.s.b.w.e.tomcat.GracefulShutdown
                - Commencing graceful shutdown. Waiting for active requests to complete
2026-02-11 23:25:25 [userService,/] INFO  o.s.b.w.e.tomcat.GracefulShutdown
                - Graceful shutdown complete
2026-02-11 23:25:25 [userService,/] INFO  o.s.b.w.e.tomcat.GracefulShutdown
                - Commencing graceful shutdown. Waiting for active requests to complete
2026-02-11 23:25:25 [userService,/] INFO  o.s.b.w.e.tomcat.GracefulShutdown
                - Graceful shutdown complete
2026-02-11 23:25:25 [userService,/] INFO  o.s.o.j.LocalContainerEntityManagerFactoryBean
                - Closing JPA EntityManagerFactory for persistence unit 'default'
2026-02-11 23:25:25 [userService,/] INFO  com.zaxxer.hikari.HikariDataSource
                - HikariPool-1 - Shutdown initiated...
2026-02-11 23:25:25 [userService,/] INFO  com.zaxxer.hikari.HikariDataSource
                - HikariPool-1 - Shutdown completed.
2026-02-11 23:25:31 [userService,/] INFO  o.g.u.UserManagementServiceApplication
                - Starting UserManagementServiceApplication using Java 25 with PID 3304 (C:\Users\2464280\gencWorkspaces\practiceWorkspace\cruisemate-registration\target\classes started by 2464280 in C:\Users\2464280\gencWorkspaces\practiceWorkspace\cruisemate-registration)
2026-02-11 23:25:31 [userService,/] DEBUG o.g.u.UserManagementServiceApplication
                - Running with Spring Boot v3.5.6, Spring v6.2.11
2026-02-11 23:25:31 [userService,/] INFO  o.g.u.UserManagementServiceApplication
                - The following 1 profile is active: "genc"
2026-02-11 23:25:32 [userService,/] INFO  o.s.d.r.c.RepositoryConfigurationDelegate
                - Bootstrapping Spring Data JPA repositories in DEFAULT mode.
2026-02-11 23:25:32 [userService,/] INFO  o.s.d.r.c.RepositoryConfigurationDelegate
                - Finished Spring Data repository scanning in 164 ms. Found 3 JPA repository interfaces.
2026-02-11 23:25:33 [userService,/] INFO  o.s.cloud.context.scope.GenericScope
                - BeanFactory id=fca1d418-28ba-3478-961f-dd80a73c8d70
2026-02-11 23:25:33 [userService,/] INFO  o.s.b.w.e.tomcat.TomcatWebServer
                - Tomcat initialized with port 8086 (http)
2026-02-11 23:25:33 [userService,/] INFO  o.a.catalina.core.StandardService
                - Starting service [Tomcat]
2026-02-11 23:25:33 [userService,/] INFO  o.a.catalina.core.StandardEngine
                - Starting Servlet engine: [Apache Tomcat/10.1.46]
2026-02-11 23:25:33 [userService,/] INFO  o.a.c.c.C.[Tomcat].[localhost].[/]
                - Initializing Spring embedded WebApplicationContext
2026-02-11 23:25:33 [userService,/] INFO  o.s.b.w.s.c.ServletWebServerApplicationContext
                - Root WebApplicationContext: initialization completed in 2322 ms
2026-02-11 23:25:34 [userService,/] INFO  o.h.jpa.internal.util.LogHelper
                - HHH000204: Processing PersistenceUnitInfo [name: default]
2026-02-11 23:25:34 [userService,/] INFO  org.hibernate.Version
                - HHH000412: Hibernate ORM core version 6.6.29.Final
2026-02-11 23:25:34 [userService,/] INFO  o.h.c.i.RegionFactoryInitiator
                - HHH000026: Second-level cache disabled
2026-02-11 23:25:34 [userService,/] INFO  o.s.o.j.p.SpringPersistenceUnitInfo
                - No LoadTimeWeaver setup: ignoring JPA class transformer
2026-02-11 23:25:34 [userService,/] INFO  com.zaxxer.hikari.HikariDataSource
                - HikariPool-1 - Starting...
2026-02-11 23:25:34 [userService,/] INFO  com.zaxxer.hikari.pool.HikariPool
                - HikariPool-1 - Added connection com.mysql.cj.jdbc.ConnectionImpl@cfc4601
2026-02-11 23:25:34 [userService,/] INFO  com.zaxxer.hikari.HikariDataSource
                - HikariPool-1 - Start completed.
2026-02-11 23:25:34 [userService,/] WARN  org.hibernate.orm.deprecation
                - HHH90000025: MySQLDialect does not need to be specified explicitly using 'hibernate.dialect' (remove the property setting and it will be selected by default)
2026-02-11 23:25:34 [userService,/] INFO  o.hibernate.orm.connections.pooling
                - HHH10001005: Database info:
	Database JDBC URL [Connecting through datasource 'HikariDataSource (HikariPool-1)']
	Database driver: undefined/unknown
	Database version: 8.0.44
	Autocommit mode: undefined/unknown
	Isolation level: undefined/unknown
	Minimum pool size: undefined/unknown
	Maximum pool size: undefined/unknown
2026-02-11 23:25:35 [userService,/] INFO  o.h.e.t.j.p.i.JtaPlatformInitiator
                - HHH000489: No JTA platform available (set 'hibernate.transaction.jta.platform' to enable JTA platform integration)
2026-02-11 23:25:35 [userService,/] INFO  o.s.o.j.LocalContainerEntityManagerFactoryBean
                - Initialized JPA EntityManagerFactory for persistence unit 'default'
2026-02-11 23:25:35 [userService,/] DEBUG o.g.u.filter.JwtAuthenticationFilter
                - Filter 'jwtAuthenticationFilter' configured for use
2026-02-11 23:25:36 [userService,/] INFO  o.s.s.c.a.a.c.InitializeUserDetailsBeanManagerConfigurer$InitializeUserDetailsManagerConfigurer
                - Global AuthenticationManager configured with UserDetailsService bean with name customUserDetailsService
2026-02-11 23:25:36 [userService,/] WARN  o.s.b.w.s.c.AnnotationConfigServletWebServerApplicationContext
                - Exception encountered during context initialization - cancelling refresh attempt: org.springframework.beans.factory.UnsatisfiedDependencyException: Error creating bean with name 'cruiseController' defined in file [C:\Users\2464280\gencWorkspaces\practiceWorkspace\cruisemate-registration\target\classes\org\genc\usermgmt\resource\CruiseController.class]: Unsatisfied dependency expressed through constructor parameter 0: No qualifying bean of type 'org.genc.usermgmt.service.api.CruiseService' available: expected at least 1 bean which qualifies as autowire candidate. Dependency annotations: {}
2026-02-11 23:25:36 [userService,/] INFO  o.s.o.j.LocalContainerEntityManagerFactoryBean
                - Closing JPA EntityManagerFactory for persistence unit 'default'
2026-02-11 23:25:36 [userService,/] INFO  com.zaxxer.hikari.HikariDataSource
                - HikariPool-1 - Shutdown initiated...
2026-02-11 23:25:36 [userService,/] INFO  com.zaxxer.hikari.HikariDataSource
                - HikariPool-1 - Shutdown completed.
2026-02-11 23:25:36 [userService,/] INFO  o.a.catalina.core.StandardService
                - Stopping service [Tomcat]
2026-02-11 23:25:36 [userService,/] INFO  o.s.b.a.l.ConditionEvaluationReportLogger
                - 

Error starting ApplicationContext. To display the condition evaluation report re-run your application with 'debug' enabled.
2026-02-11 23:25:36 [userService,/] ERROR o.s.b.d.LoggingFailureAnalysisReporter
                - 

***************************
APPLICATION FAILED TO START
***************************

Description:

Parameter 0 of constructor in org.genc.usermgmt.resource.CruiseController required a bean of type 'org.genc.usermgmt.service.api.CruiseService' that could not be found.


Action:

Consider defining a bean of type 'org.genc.usermgmt.service.api.CruiseService' in your configuration.

2026-02-11 23:27:04 [userService,/] INFO  o.g.u.UserManagementServiceApplication
                - Starting UserManagementServiceApplication using Java 25 with PID 30964 (C:\Users\2464280\gencWorkspaces\practiceWorkspace\cruisemate-registration\target\classes started by 2464280 in C:\Users\2464280\gencWorkspaces\practiceWorkspace\cruisemate-registration)
2026-02-11 23:27:04 [userService,/] DEBUG o.g.u.UserManagementServiceApplication
                - Running with Spring Boot v3.5.6, Spring v6.2.11
2026-02-11 23:27:04 [userService,/] INFO  o.g.u.UserManagementServiceApplication
                - The following 1 profile is active: "genc"
2026-02-11 23:27:05 [userService,/] INFO  o.s.d.r.c.RepositoryConfigurationDelegate
                - Bootstrapping Spring Data JPA repositories in DEFAULT mode.
2026-02-11 23:27:06 [userService,/] INFO  o.s.d.r.c.RepositoryConfigurationDelegate
                - Finished Spring Data repository scanning in 174 ms. Found 3 JPA repository interfaces.
2026-02-11 23:27:06 [userService,/] INFO  o.s.cloud.context.scope.GenericScope
                - BeanFactory id=487a5d5c-8985-303b-999d-7bf9e5754232
2026-02-11 23:27:06 [userService,/] INFO  o.s.b.w.e.tomcat.TomcatWebServer
                - Tomcat initialized with port 8086 (http)
2026-02-11 23:27:06 [userService,/] INFO  o.a.catalina.core.StandardService
                - Starting service [Tomcat]
2026-02-11 23:27:06 [userService,/] INFO  o.a.catalina.core.StandardEngine
                - Starting Servlet engine: [Apache Tomcat/10.1.46]
2026-02-11 23:27:07 [userService,/] INFO  o.a.c.c.C.[Tomcat].[localhost].[/]
                - Initializing Spring embedded WebApplicationContext
2026-02-11 23:27:07 [userService,/] INFO  o.s.b.w.s.c.ServletWebServerApplicationContext
                - Root WebApplicationContext: initialization completed in 2475 ms
2026-02-11 23:27:07 [userService,/] INFO  o.h.jpa.internal.util.LogHelper
                - HHH000204: Processing PersistenceUnitInfo [name: default]
2026-02-11 23:27:07 [userService,/] INFO  org.hibernate.Version
                - HHH000412: Hibernate ORM core version 6.6.29.Final
2026-02-11 23:27:07 [userService,/] INFO  o.h.c.i.RegionFactoryInitiator
                - HHH000026: Second-level cache disabled
2026-02-11 23:27:07 [userService,/] INFO  o.s.o.j.p.SpringPersistenceUnitInfo
                - No LoadTimeWeaver setup: ignoring JPA class transformer
2026-02-11 23:27:07 [userService,/] INFO  com.zaxxer.hikari.HikariDataSource
                - HikariPool-1 - Starting...
2026-02-11 23:27:07 [userService,/] INFO  com.zaxxer.hikari.pool.HikariPool
                - HikariPool-1 - Added connection com.mysql.cj.jdbc.ConnectionImpl@49fb693d
2026-02-11 23:27:07 [userService,/] INFO  com.zaxxer.hikari.HikariDataSource
                - HikariPool-1 - Start completed.
2026-02-11 23:27:07 [userService,/] WARN  org.hibernate.orm.deprecation
                - HHH90000025: MySQLDialect does not need to be specified explicitly using 'hibernate.dialect' (remove the property setting and it will be selected by default)
2026-02-11 23:27:07 [userService,/] INFO  o.hibernate.orm.connections.pooling
                - HHH10001005: Database info:
	Database JDBC URL [Connecting through datasource 'HikariDataSource (HikariPool-1)']
	Database driver: undefined/unknown
	Database version: 8.0.44
	Autocommit mode: undefined/unknown
	Isolation level: undefined/unknown
	Minimum pool size: undefined/unknown
	Maximum pool size: undefined/unknown
2026-02-11 23:27:08 [userService,/] INFO  o.h.e.t.j.p.i.JtaPlatformInitiator
                - HHH000489: No JTA platform available (set 'hibernate.transaction.jta.platform' to enable JTA platform integration)
2026-02-11 23:27:08 [userService,/] INFO  o.s.o.j.LocalContainerEntityManagerFactoryBean
                - Initialized JPA EntityManagerFactory for persistence unit 'default'
2026-02-11 23:27:09 [userService,/] DEBUG o.g.u.filter.JwtAuthenticationFilter
                - Filter 'jwtAuthenticationFilter' configured for use
2026-02-11 23:27:09 [userService,/] INFO  o.s.s.c.a.a.c.InitializeUserDetailsBeanManagerConfigurer$InitializeUserDetailsManagerConfigurer
                - Global AuthenticationManager configured with UserDetailsService bean with name customUserDetailsService
2026-02-11 23:27:09 [userService,/] WARN  o.s.b.a.o.j.JpaBaseConfiguration$JpaWebConfiguration
                - spring.jpa.open-in-view is enabled by default. Therefore, database queries may be performed during view rendering. Explicitly configure spring.jpa.open-in-view to disable this warning
2026-02-11 23:27:10 [userService,/] INFO  o.s.c.n.e.c.DiscoveryClientOptionalArgsConfiguration
                - Eureka HTTP Client uses RestTemplate.
2026-02-11 23:27:10 [userService,/] WARN  o.s.c.l.c.LoadBalancerCacheAutoConfiguration$LoadBalancerCaffeineWarnLogger
                - Spring Cloud LoadBalancer is currently working with the default cache. While this cache implementation is useful for development and tests, it's recommended to use Caffeine cache in production.You can switch to using Caffeine cache, by adding it and org.springframework.cache.caffeine.CaffeineCacheManager to the classpath.
2026-02-11 23:27:10 [userService,/] INFO  o.s.b.w.e.tomcat.TomcatWebServer
                - Tomcat started on port 8086 (http) with context path '/'
2026-02-11 23:27:10 [userService,/] INFO  o.s.b.w.e.tomcat.TomcatWebServer
                - Tomcat initialized with port 8090 (http)
2026-02-11 23:27:10 [userService,/] INFO  o.a.catalina.core.StandardService
                - Starting service [Tomcat]
2026-02-11 23:27:10 [userService,/] INFO  o.a.catalina.core.StandardEngine
                - Starting Servlet engine: [Apache Tomcat/10.1.46]
2026-02-11 23:27:10 [userService,/] INFO  o.a.c.c.C.[Tomcat-1].[localhost].[/]
                - Initializing Spring embedded WebApplicationContext
2026-02-11 23:27:10 [userService,/] INFO  o.s.b.w.s.c.ServletWebServerApplicationContext
                - Root WebApplicationContext: initialization completed in 127 ms
2026-02-11 23:27:10 [userService,/] INFO  o.s.b.a.e.web.EndpointLinksResolver
                - Exposing 16 endpoints beneath base path '/actuator'
2026-02-11 23:27:10 [userService,/] INFO  o.s.b.w.e.tomcat.TomcatWebServer
                - Tomcat started on port 8090 (http) with context path '/'
2026-02-11 23:27:10 [userService,/] INFO  o.g.u.UserManagementServiceApplication
                - Started UserManagementServiceApplication in 7.023 seconds (process running for 7.76)
2026-02-11 23:27:11 [userService,/] INFO  o.g.u.UserManagementServiceApplication
                - UserManagementServiceApplication booted up and running
2026-02-11 23:27:23 [userService,/] INFO  o.a.c.c.C.[Tomcat].[localhost].[/]
                - Initializing Spring DispatcherServlet 'dispatcherServlet'
2026-02-11 23:27:23 [userService,/] INFO  o.s.web.servlet.DispatcherServlet
                - Initializing Servlet 'dispatcherServlet'
2026-02-11 23:27:23 [userService,/] INFO  o.s.web.servlet.DispatcherServlet
                - Completed initialization in 4 ms
2026-02-11 23:27:23 [userService,/] DEBUG o.g.u.filter.JwtAuthenticationFilter
                - No Authorization header or invalid format for request: /cruises
2026-02-11 23:27:23 [userService,/] DEBUG o.g.u.filter.JwtAuthenticationFilter
                - No Authorization header or invalid format for request: /cruises
2026-02-11 23:27:33 [userService,/] DEBUG o.g.u.filter.JwtAuthenticationFilter
                - No Authorization header or invalid format for request: /cruises
2026-02-11 23:27:33 [userService,/] DEBUG o.g.u.filter.JwtAuthenticationFilter
                - No Authorization header or invalid format for request: /cruises
2026-02-11 23:28:05 [userService,/] INFO  o.s.b.w.e.tomcat.GracefulShutdown
                - Commencing graceful shutdown. Waiting for active requests to complete
2026-02-11 23:28:06 [userService,/] INFO  o.s.b.w.e.tomcat.GracefulShutdown
                - Graceful shutdown complete
2026-02-11 23:28:06 [userService,/] INFO  o.s.b.w.e.tomcat.GracefulShutdown
                - Commencing graceful shutdown. Waiting for active requests to complete
2026-02-11 23:28:06 [userService,/] INFO  o.s.b.w.e.tomcat.GracefulShutdown
                - Graceful shutdown complete
2026-02-11 23:28:06 [userService,/] INFO  o.s.o.j.LocalContainerEntityManagerFactoryBean
                - Closing JPA EntityManagerFactory for persistence unit 'default'
2026-02-11 23:28:06 [userService,/] INFO  com.zaxxer.hikari.HikariDataSource
                - HikariPool-1 - Shutdown initiated...
2026-02-11 23:28:06 [userService,/] INFO  com.zaxxer.hikari.HikariDataSource
                - HikariPool-1 - Shutdown completed.
2026-02-11 23:28:10 [userService,/] INFO  o.g.u.UserManagementServiceApplication
                - Starting UserManagementServiceApplication using Java 25 with PID 30524 (C:\Users\2464280\gencWorkspaces\practiceWorkspace\cruisemate-registration\target\classes started by 2464280 in C:\Users\2464280\gencWorkspaces\practiceWorkspace\cruisemate-registration)
2026-02-11 23:28:10 [userService,/] DEBUG o.g.u.UserManagementServiceApplication
                - Running with Spring Boot v3.5.6, Spring v6.2.11
2026-02-11 23:28:10 [userService,/] INFO  o.g.u.UserManagementServiceApplication
                - The following 1 profile is active: "genc"
2026-02-11 23:28:11 [userService,/] INFO  o.s.d.r.c.RepositoryConfigurationDelegate
                - Bootstrapping Spring Data JPA repositories in DEFAULT mode.
2026-02-11 23:28:11 [userService,/] INFO  o.s.d.r.c.RepositoryConfigurationDelegate
                - Finished Spring Data repository scanning in 179 ms. Found 3 JPA repository interfaces.
2026-02-11 23:28:12 [userService,/] INFO  o.s.cloud.context.scope.GenericScope
                - BeanFactory id=487a5d5c-8985-303b-999d-7bf9e5754232
2026-02-11 23:28:12 [userService,/] INFO  o.s.b.w.e.tomcat.TomcatWebServer
                - Tomcat initialized with port 8086 (http)
2026-02-11 23:28:12 [userService,/] INFO  o.a.catalina.core.StandardService
                - Starting service [Tomcat]
2026-02-11 23:28:12 [userService,/] INFO  o.a.catalina.core.StandardEngine
                - Starting Servlet engine: [Apache Tomcat/10.1.46]
2026-02-11 23:28:12 [userService,/] INFO  o.a.c.c.C.[Tomcat].[localhost].[/]
                - Initializing Spring embedded WebApplicationContext
2026-02-11 23:28:12 [userService,/] INFO  o.s.b.w.s.c.ServletWebServerApplicationContext
                - Root WebApplicationContext: initialization completed in 2281 ms
2026-02-11 23:28:12 [userService,/] INFO  o.h.jpa.internal.util.LogHelper
                - HHH000204: Processing PersistenceUnitInfo [name: default]
2026-02-11 23:28:12 [userService,/] INFO  org.hibernate.Version
                - HHH000412: Hibernate ORM core version 6.6.29.Final
2026-02-11 23:28:13 [userService,/] INFO  o.h.c.i.RegionFactoryInitiator
                - HHH000026: Second-level cache disabled
2026-02-11 23:28:13 [userService,/] INFO  o.s.o.j.p.SpringPersistenceUnitInfo
                - No LoadTimeWeaver setup: ignoring JPA class transformer
2026-02-11 23:28:13 [userService,/] INFO  com.zaxxer.hikari.HikariDataSource
                - HikariPool-1 - Starting...
2026-02-11 23:28:13 [userService,/] INFO  com.zaxxer.hikari.pool.HikariPool
                - HikariPool-1 - Added connection com.mysql.cj.jdbc.ConnectionImpl@450f0d89
2026-02-11 23:28:13 [userService,/] INFO  com.zaxxer.hikari.HikariDataSource
                - HikariPool-1 - Start completed.
2026-02-11 23:28:13 [userService,/] WARN  org.hibernate.orm.deprecation
                - HHH90000025: MySQLDialect does not need to be specified explicitly using 'hibernate.dialect' (remove the property setting and it will be selected by default)
2026-02-11 23:28:13 [userService,/] INFO  o.hibernate.orm.connections.pooling
                - HHH10001005: Database info:
	Database JDBC URL [Connecting through datasource 'HikariDataSource (HikariPool-1)']
	Database driver: undefined/unknown
	Database version: 8.0.44
	Autocommit mode: undefined/unknown
	Isolation level: undefined/unknown
	Minimum pool size: undefined/unknown
	Maximum pool size: undefined/unknown
2026-02-11 23:28:14 [userService,/] INFO  o.h.e.t.j.p.i.JtaPlatformInitiator
                - HHH000489: No JTA platform available (set 'hibernate.transaction.jta.platform' to enable JTA platform integration)
2026-02-11 23:28:14 [userService,/] INFO  o.s.o.j.LocalContainerEntityManagerFactoryBean
                - Initialized JPA EntityManagerFactory for persistence unit 'default'
2026-02-11 23:28:14 [userService,/] DEBUG o.g.u.filter.JwtAuthenticationFilter
                - Filter 'jwtAuthenticationFilter' configured for use
2026-02-11 23:28:15 [userService,/] INFO  o.s.s.c.a.a.c.InitializeUserDetailsBeanManagerConfigurer$InitializeUserDetailsManagerConfigurer
                - Global AuthenticationManager configured with UserDetailsService bean with name customUserDetailsService
2026-02-11 23:28:15 [userService,/] WARN  o.s.b.a.o.j.JpaBaseConfiguration$JpaWebConfiguration
                - spring.jpa.open-in-view is enabled by default. Therefore, database queries may be performed during view rendering. Explicitly configure spring.jpa.open-in-view to disable this warning
2026-02-11 23:28:16 [userService,/] INFO  o.s.c.n.e.c.DiscoveryClientOptionalArgsConfiguration
                - Eureka HTTP Client uses RestTemplate.
2026-02-11 23:28:16 [userService,/] WARN  o.s.c.l.c.LoadBalancerCacheAutoConfiguration$LoadBalancerCaffeineWarnLogger
                - Spring Cloud LoadBalancer is currently working with the default cache. While this cache implementation is useful for development and tests, it's recommended to use Caffeine cache in production.You can switch to using Caffeine cache, by adding it and org.springframework.cache.caffeine.CaffeineCacheManager to the classpath.
2026-02-11 23:28:16 [userService,/] INFO  o.s.b.w.e.tomcat.TomcatWebServer
                - Tomcat started on port 8086 (http) with context path '/'
2026-02-11 23:28:16 [userService,/] INFO  o.s.b.w.e.tomcat.TomcatWebServer
                - Tomcat initialized with port 8090 (http)
2026-02-11 23:28:16 [userService,/] INFO  o.a.catalina.core.StandardService
                - Starting service [Tomcat]
2026-02-11 23:28:16 [userService,/] INFO  o.a.catalina.core.StandardEngine
                - Starting Servlet engine: [Apache Tomcat/10.1.46]
2026-02-11 23:28:16 [userService,/] INFO  o.a.c.c.C.[Tomcat-1].[localhost].[/]
                - Initializing Spring embedded WebApplicationContext
2026-02-11 23:28:16 [userService,/] INFO  o.s.b.w.s.c.ServletWebServerApplicationContext
                - Root WebApplicationContext: initialization completed in 143 ms
2026-02-11 23:28:16 [userService,/] INFO  o.s.b.a.e.web.EndpointLinksResolver
                - Exposing 16 endpoints beneath base path '/actuator'
2026-02-11 23:28:16 [userService,/] INFO  o.s.b.w.e.tomcat.TomcatWebServer
                - Tomcat started on port 8090 (http) with context path '/'
2026-02-11 23:28:16 [userService,/] INFO  o.g.u.UserManagementServiceApplication
                - Started UserManagementServiceApplication in 6.729 seconds (process running for 7.333)
2026-02-11 23:28:16 [userService,/] INFO  o.g.u.UserManagementServiceApplication
                - UserManagementServiceApplication booted up and running
2026-02-11 23:28:20 [userService,/] INFO  o.a.c.c.C.[Tomcat].[localhost].[/]
                - Initializing Spring DispatcherServlet 'dispatcherServlet'
2026-02-11 23:28:20 [userService,/] INFO  o.s.web.servlet.DispatcherServlet
                - Initializing Servlet 'dispatcherServlet'
2026-02-11 23:28:20 [userService,/] INFO  o.s.web.servlet.DispatcherServlet
                - Completed initialization in 5 ms
2026-02-11 23:28:20 [userService,/] DEBUG o.g.u.filter.JwtAuthenticationFilter
                - No Authorization header or invalid format for request: /cruises
2026-02-11 23:28:21 [userService,/] DEBUG o.g.u.filter.JwtAuthenticationFilter
                - No Authorization header or invalid format for request: /cruises
2026-02-11 23:28:27 [userService,/] DEBUG o.g.u.filter.JwtAuthenticationFilter
                - No Authorization header or invalid format for request: /cruises
2026-02-11 23:28:27 [userService,/] DEBUG o.g.u.filter.JwtAuthenticationFilter
                - No Authorization header or invalid format for request: /cruises
2026-02-11 23:31:13 [userService,/] INFO  o.s.b.w.e.tomcat.GracefulShutdown
                - Commencing graceful shutdown. Waiting for active requests to complete
2026-02-11 23:31:13 [userService,/] INFO  o.s.b.w.e.tomcat.GracefulShutdown
                - Graceful shutdown complete
2026-02-11 23:31:13 [userService,/] INFO  o.s.b.w.e.tomcat.GracefulShutdown
                - Commencing graceful shutdown. Waiting for active requests to complete
2026-02-11 23:31:13 [userService,/] INFO  o.s.b.w.e.tomcat.GracefulShutdown
                - Graceful shutdown complete
2026-02-11 23:31:13 [userService,/] INFO  o.s.o.j.LocalContainerEntityManagerFactoryBean
                - Closing JPA EntityManagerFactory for persistence unit 'default'
2026-02-11 23:31:13 [userService,/] INFO  com.zaxxer.hikari.HikariDataSource
                - HikariPool-1 - Shutdown initiated...
2026-02-11 23:31:13 [userService,/] INFO  com.zaxxer.hikari.HikariDataSource
                - HikariPool-1 - Shutdown completed.
2026-02-11 23:31:16 [userService,/] INFO  o.g.u.UserManagementServiceApplication
                - Starting UserManagementServiceApplication using Java 25 with PID 15580 (C:\Users\2464280\gencWorkspaces\practiceWorkspace\cruisemate-registration\target\classes started by 2464280 in C:\Users\2464280\gencWorkspaces\practiceWorkspace\cruisemate-registration)
2026-02-11 23:31:16 [userService,/] DEBUG o.g.u.UserManagementServiceApplication
                - Running with Spring Boot v3.5.6, Spring v6.2.11
2026-02-11 23:31:16 [userService,/] INFO  o.g.u.UserManagementServiceApplication
                - The following 1 profile is active: "genc"
2026-02-11 23:31:17 [userService,/] INFO  o.s.d.r.c.RepositoryConfigurationDelegate
                - Bootstrapping Spring Data JPA repositories in DEFAULT mode.
2026-02-11 23:31:18 [userService,/] INFO  o.s.d.r.c.RepositoryConfigurationDelegate
                - Finished Spring Data repository scanning in 185 ms. Found 3 JPA repository interfaces.
2026-02-11 23:31:18 [userService,/] INFO  o.s.cloud.context.scope.GenericScope
                - BeanFactory id=487a5d5c-8985-303b-999d-7bf9e5754232
2026-02-11 23:31:18 [userService,/] INFO  o.s.b.w.e.tomcat.TomcatWebServer
                - Tomcat initialized with port 8086 (http)
2026-02-11 23:31:18 [userService,/] INFO  o.a.catalina.core.StandardService
                - Starting service [Tomcat]
2026-02-11 23:31:18 [userService,/] INFO  o.a.catalina.core.StandardEngine
                - Starting Servlet engine: [Apache Tomcat/10.1.46]
2026-02-11 23:31:19 [userService,/] INFO  o.a.c.c.C.[Tomcat].[localhost].[/]
                - Initializing Spring embedded WebApplicationContext
2026-02-11 23:31:19 [userService,/] INFO  o.s.b.w.s.c.ServletWebServerApplicationContext
                - Root WebApplicationContext: initialization completed in 2459 ms
2026-02-11 23:31:19 [userService,/] INFO  o.h.jpa.internal.util.LogHelper
                - HHH000204: Processing PersistenceUnitInfo [name: default]
2026-02-11 23:31:19 [userService,/] INFO  org.hibernate.Version
                - HHH000412: Hibernate ORM core version 6.6.29.Final
2026-02-11 23:31:19 [userService,/] INFO  o.h.c.i.RegionFactoryInitiator
                - HHH000026: Second-level cache disabled
2026-02-11 23:31:19 [userService,/] INFO  o.s.o.j.p.SpringPersistenceUnitInfo
                - No LoadTimeWeaver setup: ignoring JPA class transformer
2026-02-11 23:31:19 [userService,/] INFO  com.zaxxer.hikari.HikariDataSource
                - HikariPool-1 - Starting...
2026-02-11 23:31:19 [userService,/] INFO  com.zaxxer.hikari.pool.HikariPool
                - HikariPool-1 - Added connection com.mysql.cj.jdbc.ConnectionImpl@4e26c308
2026-02-11 23:31:19 [userService,/] INFO  com.zaxxer.hikari.HikariDataSource
                - HikariPool-1 - Start completed.
2026-02-11 23:31:19 [userService,/] WARN  org.hibernate.orm.deprecation
                - HHH90000025: MySQLDialect does not need to be specified explicitly using 'hibernate.dialect' (remove the property setting and it will be selected by default)
2026-02-11 23:31:19 [userService,/] INFO  o.hibernate.orm.connections.pooling
                - HHH10001005: Database info:
	Database JDBC URL [Connecting through datasource 'HikariDataSource (HikariPool-1)']
	Database driver: undefined/unknown
	Database version: 8.0.44
	Autocommit mode: undefined/unknown
	Isolation level: undefined/unknown
	Minimum pool size: undefined/unknown
	Maximum pool size: undefined/unknown
2026-02-11 23:31:20 [userService,/] INFO  o.h.e.t.j.p.i.JtaPlatformInitiator
                - HHH000489: No JTA platform available (set 'hibernate.transaction.jta.platform' to enable JTA platform integration)
2026-02-11 23:31:20 [userService,/] INFO  o.s.o.j.LocalContainerEntityManagerFactoryBean
                - Initialized JPA EntityManagerFactory for persistence unit 'default'
2026-02-11 23:31:21 [userService,/] DEBUG o.g.u.filter.JwtAuthenticationFilter
                - Filter 'jwtAuthenticationFilter' configured for use
2026-02-11 23:31:21 [userService,/] INFO  o.s.s.c.a.a.c.InitializeUserDetailsBeanManagerConfigurer$InitializeUserDetailsManagerConfigurer
                - Global AuthenticationManager configured with UserDetailsService bean with name customUserDetailsService
2026-02-11 23:31:21 [userService,/] WARN  o.s.b.a.o.j.JpaBaseConfiguration$JpaWebConfiguration
                - spring.jpa.open-in-view is enabled by default. Therefore, database queries may be performed during view rendering. Explicitly configure spring.jpa.open-in-view to disable this warning
2026-02-11 23:31:22 [userService,/] INFO  o.s.c.n.e.c.DiscoveryClientOptionalArgsConfiguration
                - Eureka HTTP Client uses RestTemplate.
2026-02-11 23:31:22 [userService,/] WARN  o.s.c.l.c.LoadBalancerCacheAutoConfiguration$LoadBalancerCaffeineWarnLogger
                - Spring Cloud LoadBalancer is currently working with the default cache. While this cache implementation is useful for development and tests, it's recommended to use Caffeine cache in production.You can switch to using Caffeine cache, by adding it and org.springframework.cache.caffeine.CaffeineCacheManager to the classpath.
2026-02-11 23:31:22 [userService,/] INFO  o.s.b.w.e.tomcat.TomcatWebServer
                - Tomcat started on port 8086 (http) with context path '/'
2026-02-11 23:31:22 [userService,/] INFO  o.s.b.w.e.tomcat.TomcatWebServer
                - Tomcat initialized with port 8090 (http)
2026-02-11 23:31:22 [userService,/] INFO  o.a.catalina.core.StandardService
                - Starting service [Tomcat]
2026-02-11 23:31:22 [userService,/] INFO  o.a.catalina.core.StandardEngine
                - Starting Servlet engine: [Apache Tomcat/10.1.46]
2026-02-11 23:31:22 [userService,/] INFO  o.a.c.c.C.[Tomcat-1].[localhost].[/]
                - Initializing Spring embedded WebApplicationContext
2026-02-11 23:31:22 [userService,/] INFO  o.s.b.w.s.c.ServletWebServerApplicationContext
                - Root WebApplicationContext: initialization completed in 115 ms
2026-02-11 23:31:22 [userService,/] INFO  o.s.b.a.e.web.EndpointLinksResolver
                - Exposing 16 endpoints beneath base path '/actuator'
2026-02-11 23:31:22 [userService,/] INFO  o.s.b.w.e.tomcat.TomcatWebServer
                - Tomcat started on port 8090 (http) with context path '/'
2026-02-11 23:31:22 [userService,/] INFO  o.g.u.UserManagementServiceApplication
                - Started UserManagementServiceApplication in 6.863 seconds (process running for 7.617)
2026-02-11 23:31:23 [userService,/] INFO  o.g.u.UserManagementServiceApplication
                - UserManagementServiceApplication booted up and running
2026-02-11 23:31:31 [userService,/] INFO  o.a.c.c.C.[Tomcat].[localhost].[/]
                - Initializing Spring DispatcherServlet 'dispatcherServlet'
2026-02-11 23:31:31 [userService,/] INFO  o.s.web.servlet.DispatcherServlet
                - Initializing Servlet 'dispatcherServlet'
2026-02-11 23:31:31 [userService,/] INFO  o.s.web.servlet.DispatcherServlet
                - Completed initialization in 3 ms
2026-02-11 23:31:31 [userService,/] DEBUG o.g.u.filter.JwtAuthenticationFilter
                - No Authorization header or invalid format for request: /api/v1/userservice/cruises
2026-02-11 23:31:31 [userService,/] ERROR o.g.u.s.CustomAuthenticationEntryPoint
                - Authentication failure: Full authentication is required to access this resource 
2026-02-11 23:31:31 [userService,/] DEBUG o.g.u.filter.JwtAuthenticationFilter
                - No Authorization header or invalid format for request: /api/v1/userservice/cruises
2026-02-11 23:31:31 [userService,/] ERROR o.g.u.s.CustomAuthenticationEntryPoint
                - Authentication failure: Full authentication is required to access this resource 
2026-02-11 23:31:44 [userService,/] DEBUG o.g.u.filter.JwtAuthenticationFilter
                - No Authorization header or invalid format for request: /api/v1/userservice/cruises
2026-02-11 23:31:44 [userService,/] ERROR o.g.u.s.CustomAuthenticationEntryPoint
                - Authentication failure: Full authentication is required to access this resource 
2026-02-11 23:31:44 [userService,/] DEBUG o.g.u.filter.JwtAuthenticationFilter
                - No Authorization header or invalid format for request: /api/v1/userservice/cruises
2026-02-11 23:31:44 [userService,/] ERROR o.g.u.s.CustomAuthenticationEntryPoint
                - Authentication failure: Full authentication is required to access this resource 
2026-02-11 23:32:25 [userService,/] DEBUG o.g.u.filter.JwtAuthenticationFilter
                - No Authorization header or invalid format for request: /api/v1/userservice/cruises
2026-02-11 23:32:25 [userService,/] ERROR o.g.u.s.CustomAuthenticationEntryPoint
                - Authentication failure: Full authentication is required to access this resource 
2026-02-11 23:32:25 [userService,/] DEBUG o.g.u.filter.JwtAuthenticationFilter
                - No Authorization header or invalid format for request: /api/v1/userservice/cruises
2026-02-11 23:32:25 [userService,/] ERROR o.g.u.s.CustomAuthenticationEntryPoint
                - Authentication failure: Full authentication is required to access this resource 
2026-02-11 23:33:26 [userService,/] DEBUG o.g.u.filter.JwtAuthenticationFilter
                - No Authorization header or invalid format for request: /api/v1/userservice/cruises
2026-02-11 23:33:26 [userService,/] ERROR o.g.u.s.CustomAuthenticationEntryPoint
                - Authentication failure: Full authentication is required to access this resource 
2026-02-11 23:33:26 [userService,/] DEBUG o.g.u.filter.JwtAuthenticationFilter
                - No Authorization header or invalid format for request: /api/v1/userservice/cruises
2026-02-11 23:33:26 [userService,/] ERROR o.g.u.s.CustomAuthenticationEntryPoint
                - Authentication failure: Full authentication is required to access this resource 
2026-02-11 23:34:14 [userService,/] DEBUG o.g.u.filter.JwtAuthenticationFilter
                - No Authorization header or invalid format for request: /cruises
2026-02-11 23:34:14 [userService,/] DEBUG o.g.u.filter.JwtAuthenticationFilter
                - No Authorization header or invalid format for request: /cruises
2026-02-11 23:34:34 [userService,/] DEBUG o.g.u.filter.JwtAuthenticationFilter
                - No Authorization header or invalid format for request: /api/v1/userservice/cruises
2026-02-11 23:34:34 [userService,/] ERROR o.g.u.s.CustomAuthenticationEntryPoint
                - Authentication failure: Full authentication is required to access this resource 
2026-02-11 23:34:34 [userService,/] DEBUG o.g.u.filter.JwtAuthenticationFilter
                - No Authorization header or invalid format for request: /api/v1/userservice/cruises
2026-02-11 23:34:34 [userService,/] ERROR o.g.u.s.CustomAuthenticationEntryPoint
                - Authentication failure: Full authentication is required to access this resource 
2026-02-11 23:35:41 [userService,/] INFO  o.s.b.w.e.tomcat.GracefulShutdown
                - Commencing graceful shutdown. Waiting for active requests to complete
2026-02-11 23:35:41 [userService,/] INFO  o.s.b.w.e.tomcat.GracefulShutdown
                - Graceful shutdown complete
2026-02-11 23:35:41 [userService,/] INFO  o.s.b.w.e.tomcat.GracefulShutdown
                - Commencing graceful shutdown. Waiting for active requests to complete
2026-02-11 23:35:41 [userService,/] INFO  o.s.b.w.e.tomcat.GracefulShutdown
                - Graceful shutdown complete
2026-02-11 23:35:41 [userService,/] INFO  o.s.o.j.LocalContainerEntityManagerFactoryBean
                - Closing JPA EntityManagerFactory for persistence unit 'default'
2026-02-11 23:35:41 [userService,/] INFO  com.zaxxer.hikari.HikariDataSource
                - HikariPool-1 - Shutdown initiated...
2026-02-11 23:35:41 [userService,/] INFO  com.zaxxer.hikari.HikariDataSource
                - HikariPool-1 - Shutdown completed.
2026-02-11 23:35:45 [userService,/] INFO  o.g.u.UserManagementServiceApplication
                - Starting UserManagementServiceApplication using Java 25 with PID 7500 (C:\Users\2464280\gencWorkspaces\practiceWorkspace\cruisemate-registration\target\classes started by 2464280 in C:\Users\2464280\gencWorkspaces\practiceWorkspace\cruisemate-registration)
2026-02-11 23:35:45 [userService,/] DEBUG o.g.u.UserManagementServiceApplication
                - Running with Spring Boot v3.5.6, Spring v6.2.11
2026-02-11 23:35:45 [userService,/] INFO  o.g.u.UserManagementServiceApplication
                - The following 1 profile is active: "genc"
2026-02-11 23:35:47 [userService,/] INFO  o.s.d.r.c.RepositoryConfigurationDelegate
                - Bootstrapping Spring Data JPA repositories in DEFAULT mode.
2026-02-11 23:35:47 [userService,/] INFO  o.s.d.r.c.RepositoryConfigurationDelegate
                - Finished Spring Data repository scanning in 157 ms. Found 3 JPA repository interfaces.
2026-02-11 23:35:47 [userService,/] INFO  o.s.cloud.context.scope.GenericScope
                - BeanFactory id=487a5d5c-8985-303b-999d-7bf9e5754232
2026-02-11 23:35:48 [userService,/] INFO  o.s.b.w.e.tomcat.TomcatWebServer
                - Tomcat initialized with port 8086 (http)
2026-02-11 23:35:48 [userService,/] INFO  o.a.catalina.core.StandardService
                - Starting service [Tomcat]
2026-02-11 23:35:48 [userService,/] INFO  o.a.catalina.core.StandardEngine
                - Starting Servlet engine: [Apache Tomcat/10.1.46]
2026-02-11 23:35:48 [userService,/] INFO  o.a.c.c.C.[Tomcat].[localhost].[/]
                - Initializing Spring embedded WebApplicationContext
2026-02-11 23:35:48 [userService,/] INFO  o.s.b.w.s.c.ServletWebServerApplicationContext
                - Root WebApplicationContext: initialization completed in 2245 ms
2026-02-11 23:35:48 [userService,/] INFO  o.h.jpa.internal.util.LogHelper
                - HHH000204: Processing PersistenceUnitInfo [name: default]
2026-02-11 23:35:48 [userService,/] INFO  org.hibernate.Version
                - HHH000412: Hibernate ORM core version 6.6.29.Final
2026-02-11 23:35:48 [userService,/] INFO  o.h.c.i.RegionFactoryInitiator
                - HHH000026: Second-level cache disabled
2026-02-11 23:35:48 [userService,/] INFO  o.s.o.j.p.SpringPersistenceUnitInfo
                - No LoadTimeWeaver setup: ignoring JPA class transformer
2026-02-11 23:35:48 [userService,/] INFO  com.zaxxer.hikari.HikariDataSource
                - HikariPool-1 - Starting...
2026-02-11 23:35:48 [userService,/] INFO  com.zaxxer.hikari.pool.HikariPool
                - HikariPool-1 - Added connection com.mysql.cj.jdbc.ConnectionImpl@1bba9862
2026-02-11 23:35:48 [userService,/] INFO  com.zaxxer.hikari.HikariDataSource
                - HikariPool-1 - Start completed.
2026-02-11 23:35:48 [userService,/] WARN  org.hibernate.orm.deprecation
                - HHH90000025: MySQLDialect does not need to be specified explicitly using 'hibernate.dialect' (remove the property setting and it will be selected by default)
2026-02-11 23:35:49 [userService,/] INFO  o.hibernate.orm.connections.pooling
                - HHH10001005: Database info:
	Database JDBC URL [Connecting through datasource 'HikariDataSource (HikariPool-1)']
	Database driver: undefined/unknown
	Database version: 8.0.44
	Autocommit mode: undefined/unknown
	Isolation level: undefined/unknown
	Minimum pool size: undefined/unknown
	Maximum pool size: undefined/unknown
2026-02-11 23:35:49 [userService,/] INFO  o.h.e.t.j.p.i.JtaPlatformInitiator
                - HHH000489: No JTA platform available (set 'hibernate.transaction.jta.platform' to enable JTA platform integration)
2026-02-11 23:35:49 [userService,/] INFO  o.s.o.j.LocalContainerEntityManagerFactoryBean
                - Initialized JPA EntityManagerFactory for persistence unit 'default'
2026-02-11 23:35:50 [userService,/] DEBUG o.g.u.filter.JwtAuthenticationFilter
                - Filter 'jwtAuthenticationFilter' configured for use
2026-02-11 23:35:50 [userService,/] INFO  o.s.s.c.a.a.c.InitializeUserDetailsBeanManagerConfigurer$InitializeUserDetailsManagerConfigurer
                - Global AuthenticationManager configured with UserDetailsService bean with name customUserDetailsService
2026-02-11 23:35:50 [userService,/] WARN  o.s.b.a.o.j.JpaBaseConfiguration$JpaWebConfiguration
                - spring.jpa.open-in-view is enabled by default. Therefore, database queries may be performed during view rendering. Explicitly configure spring.jpa.open-in-view to disable this warning
2026-02-11 23:35:51 [userService,/] INFO  o.s.c.n.e.c.DiscoveryClientOptionalArgsConfiguration
                - Eureka HTTP Client uses RestTemplate.
2026-02-11 23:35:51 [userService,/] WARN  o.s.c.l.c.LoadBalancerCacheAutoConfiguration$LoadBalancerCaffeineWarnLogger
                - Spring Cloud LoadBalancer is currently working with the default cache. While this cache implementation is useful for development and tests, it's recommended to use Caffeine cache in production.You can switch to using Caffeine cache, by adding it and org.springframework.cache.caffeine.CaffeineCacheManager to the classpath.
2026-02-11 23:35:51 [userService,/] INFO  o.s.b.w.e.tomcat.TomcatWebServer
                - Tomcat started on port 8086 (http) with context path '/'
2026-02-11 23:35:51 [userService,/] INFO  o.s.b.w.e.tomcat.TomcatWebServer
                - Tomcat initialized with port 8090 (http)
2026-02-11 23:35:51 [userService,/] INFO  o.a.catalina.core.StandardService
                - Starting service [Tomcat]
2026-02-11 23:35:51 [userService,/] INFO  o.a.catalina.core.StandardEngine
                - Starting Servlet engine: [Apache Tomcat/10.1.46]
2026-02-11 23:35:51 [userService,/] INFO  o.a.c.c.C.[Tomcat-1].[localhost].[/]
                - Initializing Spring embedded WebApplicationContext
2026-02-11 23:35:51 [userService,/] INFO  o.s.b.w.s.c.ServletWebServerApplicationContext
                - Root WebApplicationContext: initialization completed in 209 ms
2026-02-11 23:35:51 [userService,/] INFO  o.s.b.a.e.web.EndpointLinksResolver
                - Exposing 16 endpoints beneath base path '/actuator'
2026-02-11 23:35:51 [userService,/] INFO  o.s.b.w.e.tomcat.TomcatWebServer
                - Tomcat started on port 8090 (http) with context path '/'
2026-02-11 23:35:51 [userService,/] INFO  o.g.u.UserManagementServiceApplication
                - Started UserManagementServiceApplication in 6.473 seconds (process running for 7.11)
2026-02-11 23:35:51 [userService,/] INFO  o.g.u.UserManagementServiceApplication
                - UserManagementServiceApplication booted up and running
2026-02-11 23:36:04 [userService,/] INFO  o.a.c.c.C.[Tomcat].[localhost].[/]
                - Initializing Spring DispatcherServlet 'dispatcherServlet'
2026-02-11 23:36:04 [userService,/] INFO  o.s.web.servlet.DispatcherServlet
                - Initializing Servlet 'dispatcherServlet'
2026-02-11 23:36:04 [userService,/] INFO  o.s.web.servlet.DispatcherServlet
                - Completed initialization in 7 ms
2026-02-11 23:36:04 [userService,/] DEBUG o.g.u.filter.JwtAuthenticationFilter
                - No Authorization header or invalid format for request: /api/v1/userservice/cruises
2026-02-11 23:36:04 [userService,/] ERROR o.g.u.s.CustomAuthenticationEntryPoint
                - Authentication failure: Full authentication is required to access this resource 
2026-02-11 23:36:04 [userService,/] DEBUG o.g.u.filter.JwtAuthenticationFilter
                - No Authorization header or invalid format for request: /api/v1/userservice/cruises
2026-02-11 23:36:04 [userService,/] ERROR o.g.u.s.CustomAuthenticationEntryPoint
                - Authentication failure: Full authentication is required to access this resource 
2026-02-11 23:37:19 [userService,/] DEBUG o.g.u.filter.JwtAuthenticationFilter
                - No Authorization header or invalid format for request: /api/v1/userservice/cruises
2026-02-11 23:37:19 [userService,/] ERROR o.g.u.s.CustomAuthenticationEntryPoint
                - Authentication failure: Full authentication is required to access this resource 
2026-02-11 23:37:20 [userService,/] DEBUG o.g.u.filter.JwtAuthenticationFilter
                - No Authorization header or invalid format for request: /favicon.ico
2026-02-11 23:37:20 [userService,/] ERROR o.g.u.s.CustomAuthenticationEntryPoint
                - Authentication failure: Full authentication is required to access this resource 
2026-02-11 23:39:32 [userService,/] INFO  o.s.b.w.e.tomcat.GracefulShutdown
                - Commencing graceful shutdown. Waiting for active requests to complete
2026-02-11 23:39:32 [userService,/] INFO  o.s.b.w.e.tomcat.GracefulShutdown
                - Graceful shutdown complete
2026-02-11 23:39:32 [userService,/] INFO  o.s.b.w.e.tomcat.GracefulShutdown
                - Commencing graceful shutdown. Waiting for active requests to complete
2026-02-11 23:39:32 [userService,/] INFO  o.s.b.w.e.tomcat.GracefulShutdown
                - Graceful shutdown complete
2026-02-11 23:39:32 [userService,/] INFO  o.s.o.j.LocalContainerEntityManagerFactoryBean
                - Closing JPA EntityManagerFactory for persistence unit 'default'
2026-02-11 23:39:32 [userService,/] INFO  com.zaxxer.hikari.HikariDataSource
                - HikariPool-1 - Shutdown initiated...
2026-02-11 23:39:32 [userService,/] INFO  com.zaxxer.hikari.HikariDataSource
                - HikariPool-1 - Shutdown completed.
2026-02-11 23:39:36 [userService,/] INFO  o.g.u.UserManagementServiceApplication
                - Starting UserManagementServiceApplication using Java 25 with PID 27020 (C:\Users\2464280\gencWorkspaces\practiceWorkspace\cruisemate-registration\target\classes started by 2464280 in C:\Users\2464280\gencWorkspaces\practiceWorkspace\cruisemate-registration)
2026-02-11 23:39:36 [userService,/] DEBUG o.g.u.UserManagementServiceApplication
                - Running with Spring Boot v3.5.6, Spring v6.2.11
2026-02-11 23:39:36 [userService,/] INFO  o.g.u.UserManagementServiceApplication
                - The following 1 profile is active: "genc"
2026-02-11 23:39:38 [userService,/] INFO  o.s.d.r.c.RepositoryConfigurationDelegate
                - Bootstrapping Spring Data JPA repositories in DEFAULT mode.
2026-02-11 23:39:38 [userService,/] INFO  o.s.d.r.c.RepositoryConfigurationDelegate
                - Finished Spring Data repository scanning in 169 ms. Found 3 JPA repository interfaces.
2026-02-11 23:39:38 [userService,/] INFO  o.s.cloud.context.scope.GenericScope
                - BeanFactory id=487a5d5c-8985-303b-999d-7bf9e5754232
2026-02-11 23:39:39 [userService,/] INFO  o.s.b.w.e.tomcat.TomcatWebServer
                - Tomcat initialized with port 8086 (http)
2026-02-11 23:39:39 [userService,/] INFO  o.a.catalina.core.StandardService
                - Starting service [Tomcat]
2026-02-11 23:39:39 [userService,/] INFO  o.a.catalina.core.StandardEngine
                - Starting Servlet engine: [Apache Tomcat/10.1.46]
2026-02-11 23:39:39 [userService,/] INFO  o.a.c.c.C.[Tomcat].[localhost].[/]
                - Initializing Spring embedded WebApplicationContext
2026-02-11 23:39:39 [userService,/] INFO  o.s.b.w.s.c.ServletWebServerApplicationContext
                - Root WebApplicationContext: initialization completed in 2356 ms
2026-02-11 23:39:39 [userService,/] INFO  o.h.jpa.internal.util.LogHelper
                - HHH000204: Processing PersistenceUnitInfo [name: default]
2026-02-11 23:39:39 [userService,/] INFO  org.hibernate.Version
                - HHH000412: Hibernate ORM core version 6.6.29.Final
2026-02-11 23:39:39 [userService,/] INFO  o.h.c.i.RegionFactoryInitiator
                - HHH000026: Second-level cache disabled
2026-02-11 23:39:39 [userService,/] INFO  o.s.o.j.p.SpringPersistenceUnitInfo
                - No LoadTimeWeaver setup: ignoring JPA class transformer
2026-02-11 23:39:39 [userService,/] INFO  com.zaxxer.hikari.HikariDataSource
                - HikariPool-1 - Starting...
2026-02-11 23:39:40 [userService,/] INFO  com.zaxxer.hikari.pool.HikariPool
                - HikariPool-1 - Added connection com.mysql.cj.jdbc.ConnectionImpl@450f0d89
2026-02-11 23:39:40 [userService,/] INFO  com.zaxxer.hikari.HikariDataSource
                - HikariPool-1 - Start completed.
2026-02-11 23:39:40 [userService,/] WARN  org.hibernate.orm.deprecation
                - HHH90000025: MySQLDialect does not need to be specified explicitly using 'hibernate.dialect' (remove the property setting and it will be selected by default)
2026-02-11 23:39:40 [userService,/] INFO  o.hibernate.orm.connections.pooling
                - HHH10001005: Database info:
	Database JDBC URL [Connecting through datasource 'HikariDataSource (HikariPool-1)']
	Database driver: undefined/unknown
	Database version: 8.0.44
	Autocommit mode: undefined/unknown
	Isolation level: undefined/unknown
	Minimum pool size: undefined/unknown
	Maximum pool size: undefined/unknown
2026-02-11 23:39:40 [userService,/] INFO  o.h.e.t.j.p.i.JtaPlatformInitiator
                - HHH000489: No JTA platform available (set 'hibernate.transaction.jta.platform' to enable JTA platform integration)
2026-02-11 23:39:41 [userService,/] INFO  o.s.o.j.LocalContainerEntityManagerFactoryBean
                - Initialized JPA EntityManagerFactory for persistence unit 'default'
2026-02-11 23:39:41 [userService,/] DEBUG o.g.u.filter.JwtAuthenticationFilter
                - Filter 'jwtAuthenticationFilter' configured for use
2026-02-11 23:39:41 [userService,/] INFO  o.s.s.c.a.a.c.InitializeUserDetailsBeanManagerConfigurer$InitializeUserDetailsManagerConfigurer
                - Global AuthenticationManager configured with UserDetailsService bean with name customUserDetailsService
2026-02-11 23:39:41 [userService,/] WARN  o.s.b.a.o.j.JpaBaseConfiguration$JpaWebConfiguration
                - spring.jpa.open-in-view is enabled by default. Therefore, database queries may be performed during view rendering. Explicitly configure spring.jpa.open-in-view to disable this warning
2026-02-11 23:39:42 [userService,/] INFO  o.s.c.n.e.c.DiscoveryClientOptionalArgsConfiguration
                - Eureka HTTP Client uses RestTemplate.
2026-02-11 23:39:42 [userService,/] WARN  o.s.c.l.c.LoadBalancerCacheAutoConfiguration$LoadBalancerCaffeineWarnLogger
                - Spring Cloud LoadBalancer is currently working with the default cache. While this cache implementation is useful for development and tests, it's recommended to use Caffeine cache in production.You can switch to using Caffeine cache, by adding it and org.springframework.cache.caffeine.CaffeineCacheManager to the classpath.
2026-02-11 23:39:42 [userService,/] INFO  o.s.b.w.e.tomcat.TomcatWebServer
                - Tomcat started on port 8086 (http) with context path '/'
2026-02-11 23:39:42 [userService,/] INFO  o.s.b.w.e.tomcat.TomcatWebServer
                - Tomcat initialized with port 8090 (http)
2026-02-11 23:39:42 [userService,/] INFO  o.a.catalina.core.StandardService
                - Starting service [Tomcat]
2026-02-11 23:39:42 [userService,/] INFO  o.a.catalina.core.StandardEngine
                - Starting Servlet engine: [Apache Tomcat/10.1.46]
2026-02-11 23:39:42 [userService,/] INFO  o.a.c.c.C.[Tomcat-1].[localhost].[/]
                - Initializing Spring embedded WebApplicationContext
2026-02-11 23:39:42 [userService,/] INFO  o.s.b.w.s.c.ServletWebServerApplicationContext
                - Root WebApplicationContext: initialization completed in 157 ms
2026-02-11 23:39:42 [userService,/] INFO  o.s.b.a.e.web.EndpointLinksResolver
                - Exposing 16 endpoints beneath base path '/actuator'
2026-02-11 23:39:42 [userService,/] INFO  o.s.b.w.e.tomcat.TomcatWebServer
                - Tomcat started on port 8090 (http) with context path '/'
2026-02-11 23:39:42 [userService,/] INFO  o.g.u.UserManagementServiceApplication
                - Started UserManagementServiceApplication in 6.753 seconds (process running for 7.406)
2026-02-11 23:39:43 [userService,/] INFO  o.g.u.UserManagementServiceApplication
                - UserManagementServiceApplication booted up and running
2026-02-11 23:39:49 [userService,/] INFO  o.a.c.c.C.[Tomcat].[localhost].[/]
                - Initializing Spring DispatcherServlet 'dispatcherServlet'
2026-02-11 23:39:49 [userService,/] INFO  o.s.web.servlet.DispatcherServlet
                - Initializing Servlet 'dispatcherServlet'
2026-02-11 23:39:49 [userService,/] INFO  o.s.web.servlet.DispatcherServlet
                - Completed initialization in 0 ms
2026-02-11 23:39:49 [userService,/] DEBUG o.g.u.filter.JwtAuthenticationFilter
                - No Authorization header or invalid format for request: /api/v1/userservice/cruises
2026-02-11 23:39:49 [userService,/] DEBUG o.g.u.filter.JwtAuthenticationFilter
                - No Authorization header or invalid format for request: /favicon.ico
2026-02-11 23:39:49 [userService,/] ERROR o.g.u.s.CustomAuthenticationEntryPoint
                - Authentication failure: Full authentication is required to access this resource 
2026-02-11 23:40:01 [userService,/] DEBUG o.g.u.filter.JwtAuthenticationFilter
                - No Authorization header or invalid format for request: /api/v1/userservice/cruises
2026-02-11 23:40:01 [userService,/] DEBUG o.g.u.filter.JwtAuthenticationFilter
                - No Authorization header or invalid format for request: /api/v1/userservice/cruises
2026-02-11 23:40:07 [userService,/] DEBUG o.g.u.filter.JwtAuthenticationFilter
                - No Authorization header or invalid format for request: /api/v1/userservice/cruises
2026-02-11 23:40:07 [userService,/] DEBUG o.g.u.filter.JwtAuthenticationFilter
                - No Authorization header or invalid format for request: /api/v1/userservice/cruises
2026-02-11 23:40:09 [userService,/] DEBUG o.g.u.filter.JwtAuthenticationFilter
                - No Authorization header or invalid format for request: /api/v1/userservice/cruises
2026-02-11 23:40:09 [userService,/] DEBUG o.g.u.filter.JwtAuthenticationFilter
                - No Authorization header or invalid format for request: /api/v1/userservice/cruises
2026-02-11 23:40:09 [userService,/] DEBUG o.g.u.filter.JwtAuthenticationFilter
                - No Authorization header or invalid format for request: /api/v1/userservice/cruises
2026-02-11 23:40:09 [userService,/] DEBUG o.g.u.filter.JwtAuthenticationFilter
                - No Authorization header or invalid format for request: /api/v1/userservice/cruises
2026-02-11 23:44:25 [userService,/] INFO  o.s.b.w.e.tomcat.GracefulShutdown
                - Commencing graceful shutdown. Waiting for active requests to complete
2026-02-11 23:44:25 [userService,/] INFO  o.s.b.w.e.tomcat.GracefulShutdown
                - Graceful shutdown complete
2026-02-11 23:44:25 [userService,/] INFO  o.s.b.w.e.tomcat.GracefulShutdown
                - Commencing graceful shutdown. Waiting for active requests to complete
2026-02-11 23:44:25 [userService,/] INFO  o.s.b.w.e.tomcat.GracefulShutdown
                - Graceful shutdown complete
2026-02-11 23:44:25 [userService,/] INFO  o.s.o.j.LocalContainerEntityManagerFactoryBean
                - Closing JPA EntityManagerFactory for persistence unit 'default'
2026-02-11 23:44:25 [userService,/] INFO  com.zaxxer.hikari.HikariDataSource
                - HikariPool-1 - Shutdown initiated...
2026-02-11 23:44:25 [userService,/] INFO  com.zaxxer.hikari.HikariDataSource
                - HikariPool-1 - Shutdown completed.
2026-02-11 23:44:30 [userService,/] INFO  o.g.u.UserManagementServiceApplication
                - Starting UserManagementServiceApplication using Java 25 with PID 14848 (C:\Users\2464280\gencWorkspaces\practiceWorkspace\cruisemate-registration\target\classes started by 2464280 in C:\Users\2464280\gencWorkspaces\practiceWorkspace\cruisemate-registration)
2026-02-11 23:44:30 [userService,/] DEBUG o.g.u.UserManagementServiceApplication
                - Running with Spring Boot v3.5.6, Spring v6.2.11
2026-02-11 23:44:30 [userService,/] INFO  o.g.u.UserManagementServiceApplication
                - The following 1 profile is active: "genc"
2026-02-11 23:44:31 [userService,/] INFO  o.s.d.r.c.RepositoryConfigurationDelegate
                - Bootstrapping Spring Data JPA repositories in DEFAULT mode.
2026-02-11 23:44:31 [userService,/] INFO  o.s.d.r.c.RepositoryConfigurationDelegate
                - Finished Spring Data repository scanning in 166 ms. Found 3 JPA repository interfaces.
2026-02-11 23:44:31 [userService,/] INFO  o.s.cloud.context.scope.GenericScope
                - BeanFactory id=487a5d5c-8985-303b-999d-7bf9e5754232
2026-02-11 23:44:32 [userService,/] INFO  o.s.b.w.e.tomcat.TomcatWebServer
                - Tomcat initialized with port 8086 (http)
2026-02-11 23:44:32 [userService,/] INFO  o.a.catalina.core.StandardService
                - Starting service [Tomcat]
2026-02-11 23:44:32 [userService,/] INFO  o.a.catalina.core.StandardEngine
                - Starting Servlet engine: [Apache Tomcat/10.1.46]
2026-02-11 23:44:32 [userService,/] INFO  o.a.c.c.C.[Tomcat].[localhost].[/]
                - Initializing Spring embedded WebApplicationContext
2026-02-11 23:44:32 [userService,/] INFO  o.s.b.w.s.c.ServletWebServerApplicationContext
                - Root WebApplicationContext: initialization completed in 2340 ms
2026-02-11 23:44:32 [userService,/] INFO  o.h.jpa.internal.util.LogHelper
                - HHH000204: Processing PersistenceUnitInfo [name: default]
2026-02-11 23:44:32 [userService,/] INFO  org.hibernate.Version
                - HHH000412: Hibernate ORM core version 6.6.29.Final
2026-02-11 23:44:32 [userService,/] INFO  o.h.c.i.RegionFactoryInitiator
                - HHH000026: Second-level cache disabled
2026-02-11 23:44:33 [userService,/] INFO  o.s.o.j.p.SpringPersistenceUnitInfo
                - No LoadTimeWeaver setup: ignoring JPA class transformer
2026-02-11 23:44:33 [userService,/] INFO  com.zaxxer.hikari.HikariDataSource
                - HikariPool-1 - Starting...
2026-02-11 23:44:33 [userService,/] INFO  com.zaxxer.hikari.pool.HikariPool
                - HikariPool-1 - Added connection com.mysql.cj.jdbc.ConnectionImpl@176e839e
2026-02-11 23:44:33 [userService,/] INFO  com.zaxxer.hikari.HikariDataSource
                - HikariPool-1 - Start completed.
2026-02-11 23:44:33 [userService,/] WARN  org.hibernate.orm.deprecation
                - HHH90000025: MySQLDialect does not need to be specified explicitly using 'hibernate.dialect' (remove the property setting and it will be selected by default)
2026-02-11 23:44:33 [userService,/] INFO  o.hibernate.orm.connections.pooling
                - HHH10001005: Database info:
	Database JDBC URL [Connecting through datasource 'HikariDataSource (HikariPool-1)']
	Database driver: undefined/unknown
	Database version: 8.0.44
	Autocommit mode: undefined/unknown
	Isolation level: undefined/unknown
	Minimum pool size: undefined/unknown
	Maximum pool size: undefined/unknown
2026-02-11 23:44:34 [userService,/] INFO  o.h.e.t.j.p.i.JtaPlatformInitiator
                - HHH000489: No JTA platform available (set 'hibernate.transaction.jta.platform' to enable JTA platform integration)
2026-02-11 23:44:34 [userService,/] INFO  o.s.o.j.LocalContainerEntityManagerFactoryBean
                - Initialized JPA EntityManagerFactory for persistence unit 'default'
2026-02-11 23:44:34 [userService,/] DEBUG o.g.u.filter.JwtAuthenticationFilter
                - Filter 'jwtAuthenticationFilter' configured for use
2026-02-11 23:44:35 [userService,/] INFO  o.s.s.c.a.a.c.InitializeUserDetailsBeanManagerConfigurer$InitializeUserDetailsManagerConfigurer
                - Global AuthenticationManager configured with UserDetailsService bean with name customUserDetailsService
2026-02-11 23:44:35 [userService,/] WARN  o.s.b.a.o.j.JpaBaseConfiguration$JpaWebConfiguration
                - spring.jpa.open-in-view is enabled by default. Therefore, database queries may be performed during view rendering. Explicitly configure spring.jpa.open-in-view to disable this warning
2026-02-11 23:44:35 [userService,/] INFO  o.s.c.n.e.c.DiscoveryClientOptionalArgsConfiguration
                - Eureka HTTP Client uses RestTemplate.
2026-02-11 23:44:35 [userService,/] WARN  o.s.c.l.c.LoadBalancerCacheAutoConfiguration$LoadBalancerCaffeineWarnLogger
                - Spring Cloud LoadBalancer is currently working with the default cache. While this cache implementation is useful for development and tests, it's recommended to use Caffeine cache in production.You can switch to using Caffeine cache, by adding it and org.springframework.cache.caffeine.CaffeineCacheManager to the classpath.
2026-02-11 23:44:36 [userService,/] INFO  o.s.b.w.e.tomcat.TomcatWebServer
                - Tomcat started on port 8086 (http) with context path '/'
2026-02-11 23:44:36 [userService,/] INFO  o.s.b.w.e.tomcat.TomcatWebServer
                - Tomcat initialized with port 8090 (http)
2026-02-11 23:44:36 [userService,/] INFO  o.a.catalina.core.StandardService
                - Starting service [Tomcat]
2026-02-11 23:44:36 [userService,/] INFO  o.a.catalina.core.StandardEngine
                - Starting Servlet engine: [Apache Tomcat/10.1.46]
2026-02-11 23:44:36 [userService,/] INFO  o.a.c.c.C.[Tomcat-1].[localhost].[/]
                - Initializing Spring embedded WebApplicationContext
2026-02-11 23:44:36 [userService,/] INFO  o.s.b.w.s.c.ServletWebServerApplicationContext
                - Root WebApplicationContext: initialization completed in 129 ms
2026-02-11 23:44:36 [userService,/] INFO  o.s.b.a.e.web.EndpointLinksResolver
                - Exposing 16 endpoints beneath base path '/actuator'
2026-02-11 23:44:36 [userService,/] INFO  o.s.b.w.e.tomcat.TomcatWebServer
                - Tomcat started on port 8090 (http) with context path '/'
2026-02-11 23:44:36 [userService,/] INFO  o.g.u.UserManagementServiceApplication
                - Started UserManagementServiceApplication in 6.78 seconds (process running for 7.407)
2026-02-11 23:44:36 [userService,/] INFO  o.g.u.UserManagementServiceApplication
                - UserManagementServiceApplication booted up and running
2026-02-11 23:44:45 [userService,/] INFO  o.a.c.c.C.[Tomcat].[localhost].[/]
                - Initializing Spring DispatcherServlet 'dispatcherServlet'
2026-02-11 23:44:45 [userService,/] INFO  o.s.web.servlet.DispatcherServlet
                - Initializing Servlet 'dispatcherServlet'
2026-02-11 23:44:45 [userService,/] INFO  o.s.web.servlet.DispatcherServlet
                - Completed initialization in 5 ms
2026-02-11 23:46:26 [userService,/] INFO  o.s.b.w.e.tomcat.GracefulShutdown
                - Commencing graceful shutdown. Waiting for active requests to complete
2026-02-11 23:46:26 [userService,/] INFO  o.s.b.w.e.tomcat.GracefulShutdown
                - Graceful shutdown complete
2026-02-11 23:46:26 [userService,/] INFO  o.s.b.w.e.tomcat.GracefulShutdown
                - Commencing graceful shutdown. Waiting for active requests to complete
2026-02-11 23:46:26 [userService,/] INFO  o.s.b.w.e.tomcat.GracefulShutdown
                - Graceful shutdown complete
2026-02-11 23:46:26 [userService,/] INFO  o.s.o.j.LocalContainerEntityManagerFactoryBean
                - Closing JPA EntityManagerFactory for persistence unit 'default'
2026-02-11 23:46:26 [userService,/] INFO  com.zaxxer.hikari.HikariDataSource
                - HikariPool-1 - Shutdown initiated...
2026-02-11 23:46:26 [userService,/] INFO  com.zaxxer.hikari.HikariDataSource
                - HikariPool-1 - Shutdown completed.
2026-02-11 23:46:30 [userService,/] INFO  o.g.u.UserManagementServiceApplication
                - Starting UserManagementServiceApplication using Java 25 with PID 24552 (C:\Users\2464280\gencWorkspaces\practiceWorkspace\cruisemate-registration\target\classes started by 2464280 in C:\Users\2464280\gencWorkspaces\practiceWorkspace\cruisemate-registration)
2026-02-11 23:46:30 [userService,/] DEBUG o.g.u.UserManagementServiceApplication
                - Running with Spring Boot v3.5.6, Spring v6.2.11
2026-02-11 23:46:30 [userService,/] INFO  o.g.u.UserManagementServiceApplication
                - The following 1 profile is active: "genc"
2026-02-11 23:46:32 [userService,/] INFO  o.s.d.r.c.RepositoryConfigurationDelegate
                - Bootstrapping Spring Data JPA repositories in DEFAULT mode.
2026-02-11 23:46:32 [userService,/] INFO  o.s.d.r.c.RepositoryConfigurationDelegate
                - Finished Spring Data repository scanning in 156 ms. Found 3 JPA repository interfaces.
2026-02-11 23:46:32 [userService,/] INFO  o.s.cloud.context.scope.GenericScope
                - BeanFactory id=487a5d5c-8985-303b-999d-7bf9e5754232
2026-02-11 23:46:32 [userService,/] INFO  o.s.b.w.e.tomcat.TomcatWebServer
                - Tomcat initialized with port 8086 (http)
2026-02-11 23:46:33 [userService,/] INFO  o.a.catalina.core.StandardService
                - Starting service [Tomcat]
2026-02-11 23:46:33 [userService,/] INFO  o.a.catalina.core.StandardEngine
                - Starting Servlet engine: [Apache Tomcat/10.1.46]
2026-02-11 23:46:33 [userService,/] INFO  o.a.c.c.C.[Tomcat].[localhost].[/]
                - Initializing Spring embedded WebApplicationContext
2026-02-11 23:46:33 [userService,/] INFO  o.s.b.w.s.c.ServletWebServerApplicationContext
                - Root WebApplicationContext: initialization completed in 2303 ms
2026-02-11 23:46:33 [userService,/] INFO  o.h.jpa.internal.util.LogHelper
                - HHH000204: Processing PersistenceUnitInfo [name: default]
2026-02-11 23:46:33 [userService,/] INFO  org.hibernate.Version
                - HHH000412: Hibernate ORM core version 6.6.29.Final
2026-02-11 23:46:33 [userService,/] INFO  o.h.c.i.RegionFactoryInitiator
                - HHH000026: Second-level cache disabled
2026-02-11 23:46:33 [userService,/] INFO  o.s.o.j.p.SpringPersistenceUnitInfo
                - No LoadTimeWeaver setup: ignoring JPA class transformer
2026-02-11 23:46:33 [userService,/] INFO  com.zaxxer.hikari.HikariDataSource
                - HikariPool-1 - Starting...
2026-02-11 23:46:33 [userService,/] INFO  com.zaxxer.hikari.pool.HikariPool
                - HikariPool-1 - Added connection com.mysql.cj.jdbc.ConnectionImpl@3e0327dd
2026-02-11 23:46:33 [userService,/] INFO  com.zaxxer.hikari.HikariDataSource
                - HikariPool-1 - Start completed.
2026-02-11 23:46:33 [userService,/] WARN  org.hibernate.orm.deprecation
                - HHH90000025: MySQLDialect does not need to be specified explicitly using 'hibernate.dialect' (remove the property setting and it will be selected by default)
2026-02-11 23:46:33 [userService,/] INFO  o.hibernate.orm.connections.pooling
                - HHH10001005: Database info:
	Database JDBC URL [Connecting through datasource 'HikariDataSource (HikariPool-1)']
	Database driver: undefined/unknown
	Database version: 8.0.44
	Autocommit mode: undefined/unknown
	Isolation level: undefined/unknown
	Minimum pool size: undefined/unknown
	Maximum pool size: undefined/unknown
2026-02-11 23:46:34 [userService,/] INFO  o.h.e.t.j.p.i.JtaPlatformInitiator
                - HHH000489: No JTA platform available (set 'hibernate.transaction.jta.platform' to enable JTA platform integration)
2026-02-11 23:46:34 [userService,/] INFO  o.s.o.j.LocalContainerEntityManagerFactoryBean
                - Initialized JPA EntityManagerFactory for persistence unit 'default'
2026-02-11 23:46:35 [userService,/] DEBUG o.g.u.filter.JwtAuthenticationFilter
                - Filter 'jwtAuthenticationFilter' configured for use
2026-02-11 23:46:35 [userService,/] INFO  o.s.s.c.a.a.c.InitializeUserDetailsBeanManagerConfigurer$InitializeUserDetailsManagerConfigurer
                - Global AuthenticationManager configured with UserDetailsService bean with name customUserDetailsService
2026-02-11 23:46:35 [userService,/] WARN  o.s.b.a.o.j.JpaBaseConfiguration$JpaWebConfiguration
                - spring.jpa.open-in-view is enabled by default. Therefore, database queries may be performed during view rendering. Explicitly configure spring.jpa.open-in-view to disable this warning
2026-02-11 23:46:36 [userService,/] INFO  o.s.c.n.e.c.DiscoveryClientOptionalArgsConfiguration
                - Eureka HTTP Client uses RestTemplate.
2026-02-11 23:46:36 [userService,/] WARN  o.s.c.l.c.LoadBalancerCacheAutoConfiguration$LoadBalancerCaffeineWarnLogger
                - Spring Cloud LoadBalancer is currently working with the default cache. While this cache implementation is useful for development and tests, it's recommended to use Caffeine cache in production.You can switch to using Caffeine cache, by adding it and org.springframework.cache.caffeine.CaffeineCacheManager to the classpath.
2026-02-11 23:46:36 [userService,/] INFO  o.s.b.w.e.tomcat.TomcatWebServer
                - Tomcat started on port 8086 (http) with context path '/'
2026-02-11 23:46:36 [userService,/] INFO  o.s.b.w.e.tomcat.TomcatWebServer
                - Tomcat initialized with port 8090 (http)
2026-02-11 23:46:36 [userService,/] INFO  o.a.catalina.core.StandardService
                - Starting service [Tomcat]
2026-02-11 23:46:36 [userService,/] INFO  o.a.catalina.core.StandardEngine
                - Starting Servlet engine: [Apache Tomcat/10.1.46]
2026-02-11 23:46:36 [userService,/] INFO  o.a.c.c.C.[Tomcat-1].[localhost].[/]
                - Initializing Spring embedded WebApplicationContext
2026-02-11 23:46:36 [userService,/] INFO  o.s.b.w.s.c.ServletWebServerApplicationContext
                - Root WebApplicationContext: initialization completed in 119 ms
2026-02-11 23:46:36 [userService,/] INFO  o.s.b.a.e.web.EndpointLinksResolver
                - Exposing 16 endpoints beneath base path '/actuator'
2026-02-11 23:46:36 [userService,/] INFO  o.s.b.w.e.tomcat.TomcatWebServer
                - Tomcat started on port 8090 (http) with context path '/'
2026-02-11 23:46:36 [userService,/] INFO  o.g.u.UserManagementServiceApplication
                - Started UserManagementServiceApplication in 6.447 seconds (process running for 7.058)
2026-02-11 23:46:36 [userService,/] INFO  o.g.u.UserManagementServiceApplication
                - UserManagementServiceApplication booted up and running
2026-02-11 23:46:43 [userService,/] INFO  o.a.c.c.C.[Tomcat].[localhost].[/]
                - Initializing Spring DispatcherServlet 'dispatcherServlet'
2026-02-11 23:46:43 [userService,/] INFO  o.s.web.servlet.DispatcherServlet
                - Initializing Servlet 'dispatcherServlet'
2026-02-11 23:46:43 [userService,/] INFO  o.s.web.servlet.DispatcherServlet
                - Completed initialization in 4 ms
2026-02-11 23:47:19 [userService,/] ERROR o.g.usermgmt.resource.AuthController
                - Invalid credentials: Bad credentials
2026-02-11 23:47:28 [userService,/] INFO  o.g.u.s.i.CustomUserDetailsService
                - User   found username admin , role s ize 1
2026-02-11 23:47:28 [userService,/] INFO  o.g.u.s.i.CustomUserDetailsService
                - User   found username admin , role s ize 1
2026-02-11 23:47:28 [userService,/] INFO  o.g.usermgmt.resource.AuthController
                - Access from userService on port 8086 (instance: userService:49fd1d29a2b15e15f5847980f332c5e0)
2026-02-11 23:47:28 [userService,/] ERROR o.g.u.filter.JwtAuthenticationFilter
                - Error extracting username from token: Invalid compact JWT string: Compact JWSs must contain exactly 2 period characters, and compact JWEs must contain exactly 4.  Found: 0
2026-02-11 23:47:28 [userService,/] ERROR o.g.u.filter.JwtAuthenticationFilter
                - Error extracting username from token: Invalid compact JWT string: Compact JWSs must contain exactly 2 period characters, and compact JWEs must contain exactly 4.  Found: 0
2026-02-11 23:47:28 [userService,/] ERROR o.g.u.filter.JwtAuthenticationFilter
                - Error extracting username from token: Invalid compact JWT string: Compact JWSs must contain exactly 2 period characters, and compact JWEs must contain exactly 4.  Found: 0
2026-02-11 23:47:28 [userService,/] ERROR o.g.u.s.CustomAuthenticationEntryPoint
                - Authentication failure: Full authentication is required to access this resource 
2026-02-11 23:47:28 [userService,/] ERROR o.g.u.s.CustomAuthenticationEntryPoint
                - Authentication failure: Full authentication is required to access this resource 
2026-02-11 23:47:28 [userService,/] ERROR o.g.u.s.CustomAuthenticationEntryPoint
                - Authentication failure: Full authentication is required to access this resource 
2026-02-11 23:47:28 [userService,/] ERROR o.g.u.filter.JwtAuthenticationFilter
                - Error extracting username from token: Invalid compact JWT string: Compact JWSs must contain exactly 2 period characters, and compact JWEs must contain exactly 4.  Found: 0
2026-02-11 23:47:28 [userService,/] ERROR o.g.u.filter.JwtAuthenticationFilter
                - Error extracting username from token: Invalid compact JWT string: Compact JWSs must contain exactly 2 period characters, and compact JWEs must contain exactly 4.  Found: 0
2026-02-11 23:47:28 [userService,/] ERROR o.g.u.filter.JwtAuthenticationFilter
                - Error extracting username from token: Invalid compact JWT string: Compact JWSs must contain exactly 2 period characters, and compact JWEs must contain exactly 4.  Found: 0
2026-02-11 23:47:28 [userService,/] ERROR o.g.u.s.CustomAuthenticationEntryPoint
                - Authentication failure: Full authentication is required to access this resource 
2026-02-11 23:47:28 [userService,/] ERROR o.g.u.s.CustomAuthenticationEntryPoint
                - Authentication failure: Full authentication is required to access this resource 
2026-02-11 23:47:28 [userService,/] ERROR o.g.u.s.CustomAuthenticationEntryPoint
                - Authentication failure: Full authentication is required to access this resource 
2026-02-11 23:48:41 [userService,/] ERROR o.g.usermgmt.resource.AuthController
                - Invalid credentials: Bad credentials
2026-02-11 23:49:15 [userService,/] INFO  o.g.u.s.i.CustomUserDetailsService
                - User   found username admin , role s ize 1
2026-02-11 23:49:15 [userService,/] INFO  o.g.u.s.i.CustomUserDetailsService
                - User   found username admin , role s ize 1
2026-02-11 23:49:15 [userService,/] INFO  o.g.usermgmt.resource.AuthController
                - Access from userService on port 8086 (instance: userService:49fd1d29a2b15e15f5847980f332c5e0)
2026-02-11 23:49:15 [userService,/] ERROR o.g.u.filter.JwtAuthenticationFilter
                - Error extracting username from token: Invalid compact JWT string: Compact JWSs must contain exactly 2 period characters, and compact JWEs must contain exactly 4.  Found: 0
2026-02-11 23:49:15 [userService,/] ERROR o.g.u.filter.JwtAuthenticationFilter
                - Error extracting username from token: Invalid compact JWT string: Compact JWSs must contain exactly 2 period characters, and compact JWEs must contain exactly 4.  Found: 0
2026-02-11 23:49:15 [userService,/] ERROR o.g.u.filter.JwtAuthenticationFilter
                - Error extracting username from token: Invalid compact JWT string: Compact JWSs must contain exactly 2 period characters, and compact JWEs must contain exactly 4.  Found: 0
2026-02-11 23:49:15 [userService,/] ERROR o.g.u.s.CustomAuthenticationEntryPoint
                - Authentication failure: Full authentication is required to access this resource 
2026-02-11 23:49:15 [userService,/] ERROR o.g.u.s.CustomAuthenticationEntryPoint
                - Authentication failure: Full authentication is required to access this resource 
2026-02-11 23:49:15 [userService,/] ERROR o.g.u.s.CustomAuthenticationEntryPoint
                - Authentication failure: Full authentication is required to access this resource 
2026-02-11 23:49:15 [userService,/] ERROR o.g.u.filter.JwtAuthenticationFilter
                - Error extracting username from token: Invalid compact JWT string: Compact JWSs must contain exactly 2 period characters, and compact JWEs must contain exactly 4.  Found: 0
2026-02-11 23:49:15 [userService,/] ERROR o.g.u.filter.JwtAuthenticationFilter
                - Error extracting username from token: Invalid compact JWT string: Compact JWSs must contain exactly 2 period characters, and compact JWEs must contain exactly 4.  Found: 0
2026-02-11 23:49:15 [userService,/] ERROR o.g.u.filter.JwtAuthenticationFilter
                - Error extracting username from token: Invalid compact JWT string: Compact JWSs must contain exactly 2 period characters, and compact JWEs must contain exactly 4.  Found: 0
2026-02-11 23:49:15 [userService,/] ERROR o.g.u.s.CustomAuthenticationEntryPoint
                - Authentication failure: Full authentication is required to access this resource 
2026-02-11 23:49:15 [userService,/] ERROR o.g.u.s.CustomAuthenticationEntryPoint
                - Authentication failure: Full authentication is required to access this resource 
2026-02-11 23:49:15 [userService,/] ERROR o.g.u.s.CustomAuthenticationEntryPoint
                - Authentication failure: Full authentication is required to access this resource 
2026-02-11 23:49:32 [userService,/] INFO  o.g.u.s.i.CustomUserDetailsService
                - User   found username admin , role s ize 1
2026-02-11 23:49:32 [userService,/] INFO  o.g.u.s.i.CustomUserDetailsService
                - User   found username admin , role s ize 1
2026-02-11 23:49:32 [userService,/] INFO  o.g.usermgmt.resource.AuthController
                - Access from userService on port 8086 (instance: userService:49fd1d29a2b15e15f5847980f332c5e0)
2026-02-11 23:49:32 [userService,/] ERROR o.g.u.filter.JwtAuthenticationFilter
                - Error extracting username from token: Invalid compact JWT string: Compact JWSs must contain exactly 2 period characters, and compact JWEs must contain exactly 4.  Found: 0
2026-02-11 23:49:32 [userService,/] ERROR o.g.u.filter.JwtAuthenticationFilter
                - Error extracting username from token: Invalid compact JWT string: Compact JWSs must contain exactly 2 period characters, and compact JWEs must contain exactly 4.  Found: 0
2026-02-11 23:49:32 [userService,/] ERROR o.g.u.s.CustomAuthenticationEntryPoint
                - Authentication failure: Full authentication is required to access this resource 
2026-02-11 23:49:32 [userService,/] ERROR o.g.u.s.CustomAuthenticationEntryPoint
                - Authentication failure: Full authentication is required to access this resource 
2026-02-11 23:49:32 [userService,/] ERROR o.g.u.filter.JwtAuthenticationFilter
                - Error extracting username from token: Invalid compact JWT string: Compact JWSs must contain exactly 2 period characters, and compact JWEs must contain exactly 4.  Found: 0
2026-02-11 23:49:32 [userService,/] ERROR o.g.u.s.CustomAuthenticationEntryPoint
                - Authentication failure: Full authentication is required to access this resource 
2026-02-11 23:49:32 [userService,/] ERROR o.g.u.filter.JwtAuthenticationFilter
                - Error extracting username from token: Invalid compact JWT string: Compact JWSs must contain exactly 2 period characters, and compact JWEs must contain exactly 4.  Found: 0
2026-02-11 23:49:32 [userService,/] ERROR o.g.u.filter.JwtAuthenticationFilter
                - Error extracting username from token: Invalid compact JWT string: Compact JWSs must contain exactly 2 period characters, and compact JWEs must contain exactly 4.  Found: 0
2026-02-11 23:49:32 [userService,/] ERROR o.g.u.s.CustomAuthenticationEntryPoint
                - Authentication failure: Full authentication is required to access this resource 
2026-02-11 23:49:32 [userService,/] ERROR o.g.u.s.CustomAuthenticationEntryPoint
                - Authentication failure: Full authentication is required to access this resource 
2026-02-11 23:49:32 [userService,/] ERROR o.g.u.filter.JwtAuthenticationFilter
                - Error extracting username from token: Invalid compact JWT string: Compact JWSs must contain exactly 2 period characters, and compact JWEs must contain exactly 4.  Found: 0
2026-02-11 23:49:32 [userService,/] ERROR o.g.u.s.CustomAuthenticationEntryPoint
                - Authentication failure: Full authentication is required to access this resource 
2026-02-11 23:51:35 [userService,/] INFO  o.g.u.s.i.CustomUserDetailsService
                - User   found username admin , role s ize 1
2026-02-11 23:51:35 [userService,/] INFO  o.g.u.s.i.CustomUserDetailsService
                - User   found username admin , role s ize 1
2026-02-11 23:51:35 [userService,/] INFO  o.g.usermgmt.resource.AuthController
                - Access from userService on port 8086 (instance: userService:49fd1d29a2b15e15f5847980f332c5e0)
2026-02-11 23:51:35 [userService,/] ERROR o.g.u.filter.JwtAuthenticationFilter
                - Error extracting username from token: Invalid compact JWT string: Compact JWSs must contain exactly 2 period characters, and compact JWEs must contain exactly 4.  Found: 0
2026-02-11 23:51:35 [userService,/] ERROR o.g.u.s.CustomAuthenticationEntryPoint
                - Authentication failure: Full authentication is required to access this resource 
2026-02-11 23:51:35 [userService,/] ERROR o.g.u.filter.JwtAuthenticationFilter
                - Error extracting username from token: Invalid compact JWT string: Compact JWSs must contain exactly 2 period characters, and compact JWEs must contain exactly 4.  Found: 0
2026-02-11 23:51:35 [userService,/] ERROR o.g.u.filter.JwtAuthenticationFilter
                - Error extracting username from token: Invalid compact JWT string: Compact JWSs must contain exactly 2 period characters, and compact JWEs must contain exactly 4.  Found: 0
2026-02-11 23:51:35 [userService,/] ERROR o.g.u.s.CustomAuthenticationEntryPoint
                - Authentication failure: Full authentication is required to access this resource 
2026-02-11 23:51:35 [userService,/] ERROR o.g.u.s.CustomAuthenticationEntryPoint
                - Authentication failure: Full authentication is required to access this resource 
2026-02-11 23:51:35 [userService,/] ERROR o.g.u.filter.JwtAuthenticationFilter
                - Error extracting username from token: Invalid compact JWT string: Compact JWSs must contain exactly 2 period characters, and compact JWEs must contain exactly 4.  Found: 0
2026-02-11 23:51:35 [userService,/] ERROR o.g.u.s.CustomAuthenticationEntryPoint
                - Authentication failure: Full authentication is required to access this resource 
2026-02-11 23:51:35 [userService,/] ERROR o.g.u.filter.JwtAuthenticationFilter
                - Error extracting username from token: Invalid compact JWT string: Compact JWSs must contain exactly 2 period characters, and compact JWEs must contain exactly 4.  Found: 0
2026-02-11 23:51:35 [userService,/] ERROR o.g.u.s.CustomAuthenticationEntryPoint
                - Authentication failure: Full authentication is required to access this resource 
2026-02-11 23:51:35 [userService,/] ERROR o.g.u.filter.JwtAuthenticationFilter
                - Error extracting username from token: Invalid compact JWT string: Compact JWSs must contain exactly 2 period characters, and compact JWEs must contain exactly 4.  Found: 0
2026-02-11 23:51:35 [userService,/] ERROR o.g.u.s.CustomAuthenticationEntryPoint
                - Authentication failure: Full authentication is required to access this resource 
2026-02-11 23:52:15 [userService,/] INFO  o.g.u.s.i.CustomUserDetailsService
                - User   found username admin , role s ize 1
2026-02-11 23:52:15 [userService,/] INFO  o.g.u.s.i.CustomUserDetailsService
                - User   found username admin , role s ize 1
2026-02-11 23:52:15 [userService,/] INFO  o.g.usermgmt.resource.AuthController
                - Access from userService on port 8086 (instance: userService:49fd1d29a2b15e15f5847980f332c5e0)
2026-02-11 23:52:15 [userService,/] ERROR o.g.u.filter.JwtAuthenticationFilter
                - Error extracting username from token: Invalid compact JWT string: Compact JWSs must contain exactly 2 period characters, and compact JWEs must contain exactly 4.  Found: 0
2026-02-11 23:52:15 [userService,/] ERROR o.g.u.filter.JwtAuthenticationFilter
                - Error extracting username from token: Invalid compact JWT string: Compact JWSs must contain exactly 2 period characters, and compact JWEs must contain exactly 4.  Found: 0
2026-02-11 23:52:15 [userService,/] ERROR o.g.u.filter.JwtAuthenticationFilter
                - Error extracting username from token: Invalid compact JWT string: Compact JWSs must contain exactly 2 period characters, and compact JWEs must contain exactly 4.  Found: 0
2026-02-11 23:52:15 [userService,/] ERROR o.g.u.s.CustomAuthenticationEntryPoint
                - Authentication failure: Full authentication is required to access this resource 
2026-02-11 23:52:15 [userService,/] ERROR o.g.u.s.CustomAuthenticationEntryPoint
                - Authentication failure: Full authentication is required to access this resource 
2026-02-11 23:52:15 [userService,/] ERROR o.g.u.s.CustomAuthenticationEntryPoint
                - Authentication failure: Full authentication is required to access this resource 
2026-02-11 23:52:15 [userService,/] ERROR o.g.u.filter.JwtAuthenticationFilter
                - Error extracting username from token: Invalid compact JWT string: Compact JWSs must contain exactly 2 period characters, and compact JWEs must contain exactly 4.  Found: 0
2026-02-11 23:52:15 [userService,/] ERROR o.g.u.filter.JwtAuthenticationFilter
                - Error extracting username from token: Invalid compact JWT string: Compact JWSs must contain exactly 2 period characters, and compact JWEs must contain exactly 4.  Found: 0
2026-02-11 23:52:15 [userService,/] ERROR o.g.u.filter.JwtAuthenticationFilter
                - Error extracting username from token: Invalid compact JWT string: Compact JWSs must contain exactly 2 period characters, and compact JWEs must contain exactly 4.  Found: 0
2026-02-11 23:52:15 [userService,/] ERROR o.g.u.s.CustomAuthenticationEntryPoint
                - Authentication failure: Full authentication is required to access this resource 
2026-02-11 23:52:15 [userService,/] ERROR o.g.u.s.CustomAuthenticationEntryPoint
                - Authentication failure: Full authentication is required to access this resource 
2026-02-11 23:52:15 [userService,/] ERROR o.g.u.s.CustomAuthenticationEntryPoint
                - Authentication failure: Full authentication is required to access this resource 
2026-02-11 23:52:42 [userService,/] INFO  o.g.u.s.i.CustomUserDetailsService
                - User   found username admin , role s ize 1
2026-02-11 23:52:43 [userService,/] ERROR o.g.usermgmt.resource.AuthController
                - Invalid credentials: Bad credentials
2026-02-11 23:52:47 [userService,/] INFO  o.g.u.s.i.CustomUserDetailsService
                - User   found username admin , role s ize 1
2026-02-11 23:52:47 [userService,/] INFO  o.g.u.s.i.CustomUserDetailsService
                - User   found username admin , role s ize 1
2026-02-11 23:52:47 [userService,/] INFO  o.g.usermgmt.resource.AuthController
                - Access from userService on port 8086 (instance: userService:49fd1d29a2b15e15f5847980f332c5e0)
2026-02-11 23:52:47 [userService,/] ERROR o.g.u.filter.JwtAuthenticationFilter
                - Error extracting username from token: Invalid compact JWT string: Compact JWSs must contain exactly 2 period characters, and compact JWEs must contain exactly 4.  Found: 0
2026-02-11 23:52:47 [userService,/] ERROR o.g.u.filter.JwtAuthenticationFilter
                - Error extracting username from token: Invalid compact JWT string: Compact JWSs must contain exactly 2 period characters, and compact JWEs must contain exactly 4.  Found: 0
2026-02-11 23:52:47 [userService,/] ERROR o.g.u.filter.JwtAuthenticationFilter
                - Error extracting username from token: Invalid compact JWT string: Compact JWSs must contain exactly 2 period characters, and compact JWEs must contain exactly 4.  Found: 0
2026-02-11 23:52:47 [userService,/] ERROR o.g.u.s.CustomAuthenticationEntryPoint
                - Authentication failure: Full authentication is required to access this resource 
2026-02-11 23:52:47 [userService,/] ERROR o.g.u.s.CustomAuthenticationEntryPoint
                - Authentication failure: Full authentication is required to access this resource 
2026-02-11 23:52:47 [userService,/] ERROR o.g.u.s.CustomAuthenticationEntryPoint
                - Authentication failure: Full authentication is required to access this resource 
2026-02-11 23:52:47 [userService,/] ERROR o.g.u.filter.JwtAuthenticationFilter
                - Error extracting username from token: Invalid compact JWT string: Compact JWSs must contain exactly 2 period characters, and compact JWEs must contain exactly 4.  Found: 0
2026-02-11 23:52:47 [userService,/] ERROR o.g.u.filter.JwtAuthenticationFilter
                - Error extracting username from token: Invalid compact JWT string: Compact JWSs must contain exactly 2 period characters, and compact JWEs must contain exactly 4.  Found: 0
2026-02-11 23:52:47 [userService,/] ERROR o.g.u.filter.JwtAuthenticationFilter
                - Error extracting username from token: Invalid compact JWT string: Compact JWSs must contain exactly 2 period characters, and compact JWEs must contain exactly 4.  Found: 0
2026-02-11 23:52:47 [userService,/] ERROR o.g.u.s.CustomAuthenticationEntryPoint
                - Authentication failure: Full authentication is required to access this resource 
2026-02-11 23:52:47 [userService,/] ERROR o.g.u.s.CustomAuthenticationEntryPoint
                - Authentication failure: Full authentication is required to access this resource 
2026-02-11 23:52:47 [userService,/] ERROR o.g.u.s.CustomAuthenticationEntryPoint
                - Authentication failure: Full authentication is required to access this resource 
2026-02-11 23:54:33 [userService,/] INFO  o.g.u.r.RegistrationController
                - Registering new user with username: kittu123
2026-02-11 23:54:33 [userService,/] INFO  o.g.u.s.impl.UserMgmtServiceImpl
                - New CruiseMate account created: kittu123
2026-02-11 23:54:38 [userService,/] INFO  o.g.u.s.i.CustomUserDetailsService
                - User   found username kittu123 , role s ize 1
2026-02-11 23:54:38 [userService,/] INFO  o.g.u.s.i.CustomUserDetailsService
                - User   found username kittu123 , role s ize 1
2026-02-11 23:54:38 [userService,/] INFO  o.g.usermgmt.resource.AuthController
                - Access from userService on port 8086 (instance: userService:49fd1d29a2b15e15f5847980f332c5e0)
2026-02-11 23:54:39 [userService,/] ERROR o.g.u.filter.JwtAuthenticationFilter
                - Error extracting username from token: Invalid compact JWT string: Compact JWSs must contain exactly 2 period characters, and compact JWEs must contain exactly 4.  Found: 0
2026-02-11 23:54:39 [userService,/] ERROR o.g.u.filter.JwtAuthenticationFilter
                - Error extracting username from token: Invalid compact JWT string: Compact JWSs must contain exactly 2 period characters, and compact JWEs must contain exactly 4.  Found: 0
2026-02-11 23:54:39 [userService,/] ERROR o.g.u.filter.JwtAuthenticationFilter
                - Error extracting username from token: Invalid compact JWT string: Compact JWSs must contain exactly 2 period characters, and compact JWEs must contain exactly 4.  Found: 0
2026-02-11 23:54:39 [userService,/] ERROR o.g.u.s.CustomAuthenticationEntryPoint
                - Authentication failure: Full authentication is required to access this resource 
2026-02-11 23:54:39 [userService,/] ERROR o.g.u.s.CustomAuthenticationEntryPoint
                - Authentication failure: Full authentication is required to access this resource 
2026-02-11 23:54:39 [userService,/] ERROR o.g.u.s.CustomAuthenticationEntryPoint
                - Authentication failure: Full authentication is required to access this resource 
2026-02-11 23:54:39 [userService,/] ERROR o.g.u.filter.JwtAuthenticationFilter
                - Error extracting username from token: Invalid compact JWT string: Compact JWSs must contain exactly 2 period characters, and compact JWEs must contain exactly 4.  Found: 0
2026-02-11 23:54:39 [userService,/] ERROR o.g.u.filter.JwtAuthenticationFilter
                - Error extracting username from token: Invalid compact JWT string: Compact JWSs must contain exactly 2 period characters, and compact JWEs must contain exactly 4.  Found: 0
2026-02-11 23:54:39 [userService,/] ERROR o.g.u.filter.JwtAuthenticationFilter
                - Error extracting username from token: Invalid compact JWT string: Compact JWSs must contain exactly 2 period characters, and compact JWEs must contain exactly 4.  Found: 0
2026-02-11 23:54:39 [userService,/] ERROR o.g.u.s.CustomAuthenticationEntryPoint
                - Authentication failure: Full authentication is required to access this resource 
2026-02-11 23:54:39 [userService,/] ERROR o.g.u.s.CustomAuthenticationEntryPoint
                - Authentication failure: Full authentication is required to access this resource 
2026-02-11 23:54:39 [userService,/] ERROR o.g.u.s.CustomAuthenticationEntryPoint
                - Authentication failure: Full authentication is required to access this resource 
2026-02-11 23:56:23 [userService,/] INFO  o.g.u.s.i.CustomUserDetailsService
                - User   found username kittu123 , role s ize 1
2026-02-11 23:56:23 [userService,/] INFO  o.g.u.s.i.CustomUserDetailsService
                - User   found username kittu123 , role s ize 1
2026-02-11 23:56:23 [userService,/] INFO  o.g.usermgmt.resource.AuthController
                - Access from userService on port 8086 (instance: userService:49fd1d29a2b15e15f5847980f332c5e0)
2026-02-11 23:56:23 [userService,/] ERROR o.g.u.filter.JwtAuthenticationFilter
                - Error extracting username from token: Invalid compact JWT string: Compact JWSs must contain exactly 2 period characters, and compact JWEs must contain exactly 4.  Found: 0
2026-02-11 23:56:23 [userService,/] ERROR o.g.u.filter.JwtAuthenticationFilter
                - Error extracting username from token: Invalid compact JWT string: Compact JWSs must contain exactly 2 period characters, and compact JWEs must contain exactly 4.  Found: 0
2026-02-11 23:56:23 [userService,/] ERROR o.g.u.filter.JwtAuthenticationFilter
                - Error extracting username from token: Invalid compact JWT string: Compact JWSs must contain exactly 2 period characters, and compact JWEs must contain exactly 4.  Found: 0
2026-02-11 23:56:23 [userService,/] ERROR o.g.u.s.CustomAuthenticationEntryPoint
                - Authentication failure: Full authentication is required to access this resource 
2026-02-11 23:56:23 [userService,/] ERROR o.g.u.s.CustomAuthenticationEntryPoint
                - Authentication failure: Full authentication is required to access this resource 
2026-02-11 23:56:23 [userService,/] ERROR o.g.u.s.CustomAuthenticationEntryPoint
                - Authentication failure: Full authentication is required to access this resource 
2026-02-11 23:56:23 [userService,/] ERROR o.g.u.filter.JwtAuthenticationFilter
                - Error extracting username from token: Invalid compact JWT string: Compact JWSs must contain exactly 2 period characters, and compact JWEs must contain exactly 4.  Found: 0
2026-02-11 23:56:23 [userService,/] ERROR o.g.u.filter.JwtAuthenticationFilter
                - Error extracting username from token: Invalid compact JWT string: Compact JWSs must contain exactly 2 period characters, and compact JWEs must contain exactly 4.  Found: 0
2026-02-11 23:56:23 [userService,/] ERROR o.g.u.filter.JwtAuthenticationFilter
                - Error extracting username from token: Invalid compact JWT string: Compact JWSs must contain exactly 2 period characters, and compact JWEs must contain exactly 4.  Found: 0
2026-02-11 23:56:23 [userService,/] ERROR o.g.u.s.CustomAuthenticationEntryPoint
                - Authentication failure: Full authentication is required to access this resource 
2026-02-11 23:56:23 [userService,/] ERROR o.g.u.s.CustomAuthenticationEntryPoint
                - Authentication failure: Full authentication is required to access this resource 
2026-02-11 23:56:23 [userService,/] ERROR o.g.u.s.CustomAuthenticationEntryPoint
                - Authentication failure: Full authentication is required to access this resource 
2026-02-11 23:56:52 [userService,/] INFO  o.g.u.s.i.CustomUserDetailsService
                - User   found username aatif12 , role s ize 0
2026-02-11 23:56:52 [userService,/] WARN  o.s.s.c.bcrypt.BCryptPasswordEncoder
                - Encoded password does not look like BCrypt
2026-02-11 23:56:52 [userService,/] ERROR o.g.usermgmt.resource.AuthController
                - Invalid credentials: Bad credentials
2026-02-11 23:57:06 [userService,/] INFO  o.g.u.s.i.CustomUserDetailsService
                - User   found username aatif12 , role s ize 0
2026-02-11 23:57:06 [userService,/] WARN  o.s.s.c.bcrypt.BCryptPasswordEncoder
                - Encoded password does not look like BCrypt
2026-02-11 23:57:06 [userService,/] ERROR o.g.usermgmt.resource.AuthController
                - Invalid credentials: Bad credentials
2026-02-11 23:57:13 [userService,/] INFO  o.g.u.s.i.CustomUserDetailsService
                - User   found username aatif12 , role s ize 0
2026-02-11 23:57:13 [userService,/] WARN  o.s.s.c.bcrypt.BCryptPasswordEncoder
                - Encoded password does not look like BCrypt
2026-02-11 23:57:13 [userService,/] ERROR o.g.usermgmt.resource.AuthController
                - Invalid credentials: Bad credentials
2026-02-11 23:57:24 [userService,/] INFO  o.g.u.s.i.CustomUserDetailsService
                - User   found username aatif12 , role s ize 0
2026-02-11 23:57:24 [userService,/] WARN  o.s.s.c.bcrypt.BCryptPasswordEncoder
                - Encoded password does not look like BCrypt
2026-02-11 23:57:24 [userService,/] ERROR o.g.usermgmt.resource.AuthController
                - Invalid credentials: Bad credentials
2026-02-11 23:57:43 [userService,/] INFO  o.g.u.s.i.CustomUserDetailsService
                - User   found username raj12 , role s ize 0
2026-02-11 23:57:43 [userService,/] WARN  o.s.s.c.bcrypt.BCryptPasswordEncoder
                - Encoded password does not look like BCrypt
2026-02-11 23:57:43 [userService,/] ERROR o.g.usermgmt.resource.AuthController
                - Invalid credentials: Bad credentials
2026-02-11 23:58:55 [userService,/] INFO  o.g.u.s.i.CustomUserDetailsService
                - User   found username kittu123 , role s ize 1
2026-02-11 23:58:55 [userService,/] INFO  o.g.u.s.i.CustomUserDetailsService
                - User   found username kittu123 , role s ize 1
2026-02-11 23:58:55 [userService,/] INFO  o.g.usermgmt.resource.AuthController
                - Access from userService on port 8086 (instance: userService:49fd1d29a2b15e15f5847980f332c5e0)
2026-02-11 23:58:55 [userService,/] ERROR o.g.u.filter.JwtAuthenticationFilter
                - Error extracting username from token: Invalid compact JWT string: Compact JWSs must contain exactly 2 period characters, and compact JWEs must contain exactly 4.  Found: 0
2026-02-11 23:58:55 [userService,/] ERROR o.g.u.filter.JwtAuthenticationFilter
                - Error extracting username from token: Invalid compact JWT string: Compact JWSs must contain exactly 2 period characters, and compact JWEs must contain exactly 4.  Found: 0
2026-02-11 23:58:55 [userService,/] ERROR o.g.u.filter.JwtAuthenticationFilter
                - Error extracting username from token: Invalid compact JWT string: Compact JWSs must contain exactly 2 period characters, and compact JWEs must contain exactly 4.  Found: 0
2026-02-11 23:58:55 [userService,/] ERROR o.g.u.s.CustomAuthenticationEntryPoint
                - Authentication failure: Full authentication is required to access this resource 
2026-02-11 23:58:55 [userService,/] ERROR o.g.u.s.CustomAuthenticationEntryPoint
                - Authentication failure: Full authentication is required to access this resource 
2026-02-11 23:58:55 [userService,/] ERROR o.g.u.s.CustomAuthenticationEntryPoint
                - Authentication failure: Full authentication is required to access this resource 
2026-02-11 23:58:55 [userService,/] ERROR o.g.u.filter.JwtAuthenticationFilter
                - Error extracting username from token: Invalid compact JWT string: Compact JWSs must contain exactly 2 period characters, and compact JWEs must contain exactly 4.  Found: 0
2026-02-11 23:58:55 [userService,/] ERROR o.g.u.filter.JwtAuthenticationFilter
                - Error extracting username from token: Invalid compact JWT string: Compact JWSs must contain exactly 2 period characters, and compact JWEs must contain exactly 4.  Found: 0
2026-02-11 23:58:55 [userService,/] ERROR o.g.u.filter.JwtAuthenticationFilter
                - Error extracting username from token: Invalid compact JWT string: Compact JWSs must contain exactly 2 period characters, and compact JWEs must contain exactly 4.  Found: 0
2026-02-11 23:58:55 [userService,/] ERROR o.g.u.s.CustomAuthenticationEntryPoint
                - Authentication failure: Full authentication is required to access this resource 
2026-02-11 23:58:55 [userService,/] ERROR o.g.u.s.CustomAuthenticationEntryPoint
                - Authentication failure: Full authentication is required to access this resource 
2026-02-11 23:58:55 [userService,/] ERROR o.g.u.s.CustomAuthenticationEntryPoint
                - Authentication failure: Full authentication is required to access this resource 
2026-02-11 23:59:54 [userService,/] INFO  o.g.u.s.i.CustomUserDetailsService
                - User   found username kittu123 , role s ize 1
2026-02-11 23:59:54 [userService,/] INFO  o.g.u.s.i.CustomUserDetailsService
                - User   found username kittu123 , role s ize 1
2026-02-11 23:59:54 [userService,/] INFO  o.g.usermgmt.resource.AuthController
                - Access from userService on port 8086 (instance: userService:49fd1d29a2b15e15f5847980f332c5e0)
2026-02-11 23:59:54 [userService,/] ERROR o.g.u.filter.JwtAuthenticationFilter
                - Error extracting username from token: Invalid compact JWT string: Compact JWSs must contain exactly 2 period characters, and compact JWEs must contain exactly 4.  Found: 0
2026-02-11 23:59:54 [userService,/] ERROR o.g.u.s.CustomAuthenticationEntryPoint
                - Authentication failure: Full authentication is required to access this resource 
2026-02-11 23:59:54 [userService,/] ERROR o.g.u.filter.JwtAuthenticationFilter
                - Error extracting username from token: Invalid compact JWT string: Compact JWSs must contain exactly 2 period characters, and compact JWEs must contain exactly 4.  Found: 0
2026-02-11 23:59:54 [userService,/] ERROR o.g.u.filter.JwtAuthenticationFilter
                - Error extracting username from token: Invalid compact JWT string: Compact JWSs must contain exactly 2 period characters, and compact JWEs must contain exactly 4.  Found: 0
2026-02-11 23:59:54 [userService,/] ERROR o.g.u.filter.JwtAuthenticationFilter
                - Error extracting username from token: Invalid compact JWT string: Compact JWSs must contain exactly 2 period characters, and compact JWEs must contain exactly 4.  Found: 0
2026-02-11 23:59:54 [userService,/] ERROR o.g.u.s.CustomAuthenticationEntryPoint
                - Authentication failure: Full authentication is required to access this resource 
2026-02-11 23:59:54 [userService,/] ERROR o.g.u.s.CustomAuthenticationEntryPoint
                - Authentication failure: Full authentication is required to access this resource 
2026-02-11 23:59:54 [userService,/] ERROR o.g.u.s.CustomAuthenticationEntryPoint
                - Authentication failure: Full authentication is required to access this resource 
2026-02-11 23:59:54 [userService,/] ERROR o.g.u.filter.JwtAuthenticationFilter
                - Error extracting username from token: Invalid compact JWT string: Compact JWSs must contain exactly 2 period characters, and compact JWEs must contain exactly 4.  Found: 0
2026-02-11 23:59:54 [userService,/] ERROR o.g.u.filter.JwtAuthenticationFilter
                - Error extracting username from token: Invalid compact JWT string: Compact JWSs must contain exactly 2 period characters, and compact JWEs must contain exactly 4.  Found: 0
2026-02-11 23:59:54 [userService,/] ERROR o.g.u.s.CustomAuthenticationEntryPoint
                - Authentication failure: Full authentication is required to access this resource 
2026-02-11 23:59:54 [userService,/] ERROR o.g.u.s.CustomAuthenticationEntryPoint
                - Authentication failure: Full authentication is required to access this resource 
2026-02-11 23:59:56 [userService,/] INFO  o.g.u.s.i.CustomUserDetailsService
                - User   found username kittu123 , role s ize 1
2026-02-11 23:59:56 [userService,/] INFO  o.g.u.s.i.CustomUserDetailsService
                - User   found username kittu123 , role s ize 1
2026-02-11 23:59:56 [userService,/] INFO  o.g.usermgmt.resource.AuthController
                - Access from userService on port 8086 (instance: userService:49fd1d29a2b15e15f5847980f332c5e0)
2026-02-11 23:59:56 [userService,/] ERROR o.g.u.filter.JwtAuthenticationFilter
                - Error extracting username from token: Invalid compact JWT string: Compact JWSs must contain exactly 2 period characters, and compact JWEs must contain exactly 4.  Found: 0
2026-02-11 23:59:56 [userService,/] ERROR o.g.u.filter.JwtAuthenticationFilter
                - Error extracting username from token: Invalid compact JWT string: Compact JWSs must contain exactly 2 period characters, and compact JWEs must contain exactly 4.  Found: 0
2026-02-11 23:59:56 [userService,/] ERROR o.g.u.filter.JwtAuthenticationFilter
                - Error extracting username from token: Invalid compact JWT string: Compact JWSs must contain exactly 2 period characters, and compact JWEs must contain exactly 4.  Found: 0
2026-02-11 23:59:56 [userService,/] ERROR o.g.u.s.CustomAuthenticationEntryPoint
                - Authentication failure: Full authentication is required to access this resource 
2026-02-11 23:59:56 [userService,/] ERROR o.g.u.s.CustomAuthenticationEntryPoint
                - Authentication failure: Full authentication is required to access this resource 
2026-02-11 23:59:56 [userService,/] ERROR o.g.u.s.CustomAuthenticationEntryPoint
                - Authentication failure: Full authentication is required to access this resource 
2026-02-11 23:59:56 [userService,/] ERROR o.g.u.filter.JwtAuthenticationFilter
                - Error extracting username from token: Invalid compact JWT string: Compact JWSs must contain exactly 2 period characters, and compact JWEs must contain exactly 4.  Found: 0
2026-02-11 23:59:56 [userService,/] ERROR o.g.u.filter.JwtAuthenticationFilter
                - Error extracting username from token: Invalid compact JWT string: Compact JWSs must contain exactly 2 period characters, and compact JWEs must contain exactly 4.  Found: 0
2026-02-11 23:59:56 [userService,/] ERROR o.g.u.filter.JwtAuthenticationFilter
                - Error extracting username from token: Invalid compact JWT string: Compact JWSs must contain exactly 2 period characters, and compact JWEs must contain exactly 4.  Found: 0
2026-02-11 23:59:56 [userService,/] ERROR o.g.u.s.CustomAuthenticationEntryPoint
                - Authentication failure: Full authentication is required to access this resource 
2026-02-11 23:59:56 [userService,/] ERROR o.g.u.s.CustomAuthenticationEntryPoint
                - Authentication failure: Full authentication is required to access this resource 
2026-02-11 23:59:56 [userService,/] ERROR o.g.u.s.CustomAuthenticationEntryPoint
                - Authentication failure: Full authentication is required to access this resource 
2026-02-11 23:59:57 [userService,/] INFO  o.g.u.s.i.CustomUserDetailsService
                - User   found username kittu123 , role s ize 1
2026-02-11 23:59:58 [userService,/] INFO  o.g.u.s.i.CustomUserDetailsService
                - User   found username kittu123 , role s ize 1
2026-02-11 23:59:58 [userService,/] INFO  o.g.usermgmt.resource.AuthController
                - Access from userService on port 8086 (instance: userService:49fd1d29a2b15e15f5847980f332c5e0)
2026-02-11 23:59:58 [userService,/] ERROR o.g.u.filter.JwtAuthenticationFilter
                - Error extracting username from token: Invalid compact JWT string: Compact JWSs must contain exactly 2 period characters, and compact JWEs must contain exactly 4.  Found: 0
2026-02-11 23:59:58 [userService,/] ERROR o.g.u.filter.JwtAuthenticationFilter
                - Error extracting username from token: Invalid compact JWT string: Compact JWSs must contain exactly 2 period characters, and compact JWEs must contain exactly 4.  Found: 0
2026-02-11 23:59:58 [userService,/] ERROR o.g.u.s.CustomAuthenticationEntryPoint
                - Authentication failure: Full authentication is required to access this resource 
2026-02-11 23:59:58 [userService,/] ERROR o.g.u.filter.JwtAuthenticationFilter
                - Error extracting username from token: Invalid compact JWT string: Compact JWSs must contain exactly 2 period characters, and compact JWEs must contain exactly 4.  Found: 0
2026-02-11 23:59:58 [userService,/] ERROR o.g.u.s.CustomAuthenticationEntryPoint
                - Authentication failure: Full authentication is required to access this resource 
2026-02-11 23:59:58 [userService,/] ERROR o.g.u.s.CustomAuthenticationEntryPoint
                - Authentication failure: Full authentication is required to access this resource 
2026-02-11 23:59:58 [userService,/] ERROR o.g.u.filter.JwtAuthenticationFilter
                - Error extracting username from token: Invalid compact JWT string: Compact JWSs must contain exactly 2 period characters, and compact JWEs must contain exactly 4.  Found: 0
2026-02-11 23:59:58 [userService,/] ERROR o.g.u.filter.JwtAuthenticationFilter
                - Error extracting username from token: Invalid compact JWT string: Compact JWSs must contain exactly 2 period characters, and compact JWEs must contain exactly 4.  Found: 0
2026-02-11 23:59:58 [userService,/] ERROR o.g.u.filter.JwtAuthenticationFilter
                - Error extracting username from token: Invalid compact JWT string: Compact JWSs must contain exactly 2 period characters, and compact JWEs must contain exactly 4.  Found: 0
2026-02-11 23:59:58 [userService,/] ERROR o.g.u.s.CustomAuthenticationEntryPoint
                - Authentication failure: Full authentication is required to access this resource 
2026-02-11 23:59:58 [userService,/] ERROR o.g.u.s.CustomAuthenticationEntryPoint
                - Authentication failure: Full authentication is required to access this resource 
2026-02-11 23:59:58 [userService,/] ERROR o.g.u.s.CustomAuthenticationEntryPoint
                - Authentication failure: Full authentication is required to access this resource 
