2026-02-12 00:00:07 [userService,/] INFO  o.g.u.s.i.CustomUserDetailsService
                - User   found username kittu123 , role s ize 1
2026-02-12 00:00:07 [userService,/] INFO  o.g.u.s.i.CustomUserDetailsService
                - User   found username kittu123 , role s ize 1
2026-02-12 00:00:07 [userService,/] INFO  o.g.usermgmt.resource.AuthController
                - Access from userService on port 8086 (instance: userService:49fd1d29a2b15e15f5847980f332c5e0)
2026-02-12 00:00:07 [userService,/] ERROR o.g.u.filter.JwtAuthenticationFilter
                - Error extracting username from token: Invalid compact JWT string: Compact JWSs must contain exactly 2 period characters, and compact JWEs must contain exactly 4.  Found: 0
2026-02-12 00:00:07 [userService,/] ERROR o.g.u.filter.JwtAuthenticationFilter
                - Error extracting username from token: Invalid compact JWT string: Compact JWSs must contain exactly 2 period characters, and compact JWEs must contain exactly 4.  Found: 0
2026-02-12 00:00:07 [userService,/] ERROR o.g.u.filter.JwtAuthenticationFilter
                - Error extracting username from token: Invalid compact JWT string: Compact JWSs must contain exactly 2 period characters, and compact JWEs must contain exactly 4.  Found: 0
2026-02-12 00:00:07 [userService,/] ERROR o.g.u.s.CustomAuthenticationEntryPoint
                - Authentication failure: Full authentication is required to access this resource 
2026-02-12 00:00:07 [userService,/] ERROR o.g.u.s.CustomAuthenticationEntryPoint
                - Authentication failure: Full authentication is required to access this resource 
2026-02-12 00:00:07 [userService,/] ERROR o.g.u.s.CustomAuthenticationEntryPoint
                - Authentication failure: Full authentication is required to access this resource 
2026-02-12 00:00:07 [userService,/] ERROR o.g.u.filter.JwtAuthenticationFilter
                - Error extracting username from token: Invalid compact JWT string: Compact JWSs must contain exactly 2 period characters, and compact JWEs must contain exactly 4.  Found: 0
2026-02-12 00:00:07 [userService,/] ERROR o.g.u.filter.JwtAuthenticationFilter
                - Error extracting username from token: Invalid compact JWT string: Compact JWSs must contain exactly 2 period characters, and compact JWEs must contain exactly 4.  Found: 0
2026-02-12 00:00:07 [userService,/] ERROR o.g.u.filter.JwtAuthenticationFilter
                - Error extracting username from token: Invalid compact JWT string: Compact JWSs must contain exactly 2 period characters, and compact JWEs must contain exactly 4.  Found: 0
2026-02-12 00:00:07 [userService,/] ERROR o.g.u.s.CustomAuthenticationEntryPoint
                - Authentication failure: Full authentication is required to access this resource 
2026-02-12 00:00:07 [userService,/] ERROR o.g.u.s.CustomAuthenticationEntryPoint
                - Authentication failure: Full authentication is required to access this resource 
2026-02-12 00:00:07 [userService,/] ERROR o.g.u.s.CustomAuthenticationEntryPoint
                - Authentication failure: Full authentication is required to access this resource 
2026-02-12 00:13:25 [userService,/] INFO  o.g.u.s.i.CustomUserDetailsService
                - User   found username kittu123 , role s ize 1
2026-02-12 00:13:25 [userService,/] INFO  o.g.u.s.i.CustomUserDetailsService
                - User   found username kittu123 , role s ize 1
2026-02-12 00:13:25 [userService,/] INFO  o.g.usermgmt.resource.AuthController
                - Access from userService on port 8086 (instance: userService:49fd1d29a2b15e15f5847980f332c5e0)
2026-02-12 00:13:33 [userService,/] ERROR o.g.u.filter.JwtAuthenticationFilter
                - Error extracting username from token: Invalid compact JWT string: Compact JWSs must contain exactly 2 period characters, and compact JWEs must contain exactly 4.  Found: 0
2026-02-12 00:13:33 [userService,/] ERROR o.g.u.s.CustomAuthenticationEntryPoint
                - Authentication failure: Full authentication is required to access this resource 
2026-02-12 00:13:33 [userService,/] ERROR o.g.u.filter.JwtAuthenticationFilter
                - Error extracting username from token: Invalid compact JWT string: Compact JWSs must contain exactly 2 period characters, and compact JWEs must contain exactly 4.  Found: 0
2026-02-12 00:13:33 [userService,/] ERROR o.g.u.s.CustomAuthenticationEntryPoint
                - Authentication failure: Full authentication is required to access this resource 
2026-02-12 00:13:48 [userService,/] INFO  o.g.u.s.i.CustomUserDetailsService
                - User   found username aatif12 , role s ize 0
2026-02-12 00:13:48 [userService,/] WARN  o.s.s.c.bcrypt.BCryptPasswordEncoder
                - Encoded password does not look like BCrypt
2026-02-12 00:13:48 [userService,/] ERROR o.g.usermgmt.resource.AuthController
                - Invalid credentials: Bad credentials
2026-02-12 00:15:27 [userService,/] INFO  o.g.u.r.RegistrationController
                - Registering new user with username: rahul123
2026-02-12 00:15:27 [userService,/] INFO  o.g.u.s.impl.UserMgmtServiceImpl
                - New CruiseMate account created: rahul123
2026-02-12 00:15:40 [userService,/] INFO  o.g.u.s.i.CustomUserDetailsService
                - User   found username rahul123 , role s ize 1
2026-02-12 00:15:41 [userService,/] INFO  o.g.u.s.i.CustomUserDetailsService
                - User   found username rahul123 , role s ize 1
2026-02-12 00:15:41 [userService,/] INFO  o.g.usermgmt.resource.AuthController
                - Access from userService on port 8086 (instance: userService:49fd1d29a2b15e15f5847980f332c5e0)
2026-02-12 00:15:48 [userService,/] ERROR o.g.u.filter.JwtAuthenticationFilter
                - Error extracting username from token: Invalid compact JWT string: Compact JWSs must contain exactly 2 period characters, and compact JWEs must contain exactly 4.  Found: 0
2026-02-12 00:15:48 [userService,/] ERROR o.g.u.s.CustomAuthenticationEntryPoint
                - Authentication failure: Full authentication is required to access this resource 
2026-02-12 00:15:48 [userService,/] ERROR o.g.u.filter.JwtAuthenticationFilter
                - Error extracting username from token: Invalid compact JWT string: Compact JWSs must contain exactly 2 period characters, and compact JWEs must contain exactly 4.  Found: 0
2026-02-12 00:15:48 [userService,/] ERROR o.g.u.s.CustomAuthenticationEntryPoint
                - Authentication failure: Full authentication is required to access this resource 
2026-02-12 00:16:10 [userService,/] INFO  o.g.u.s.i.CustomUserDetailsService
                - User   found username rahul123 , role s ize 1
2026-02-12 00:16:10 [userService,/] INFO  o.g.u.s.i.CustomUserDetailsService
                - User   found username rahul123 , role s ize 1
2026-02-12 00:16:10 [userService,/] INFO  o.g.usermgmt.resource.AuthController
                - Access from userService on port 8086 (instance: userService:49fd1d29a2b15e15f5847980f332c5e0)
2026-02-12 00:16:12 [userService,/] ERROR o.g.u.filter.JwtAuthenticationFilter
                - Error extracting username from token: Invalid compact JWT string: Compact JWSs must contain exactly 2 period characters, and compact JWEs must contain exactly 4.  Found: 0
2026-02-12 00:16:12 [userService,/] ERROR o.g.u.s.CustomAuthenticationEntryPoint
                - Authentication failure: Full authentication is required to access this resource 
2026-02-12 00:16:12 [userService,/] ERROR o.g.u.filter.JwtAuthenticationFilter
                - Error extracting username from token: Invalid compact JWT string: Compact JWSs must contain exactly 2 period characters, and compact JWEs must contain exactly 4.  Found: 0
2026-02-12 00:16:12 [userService,/] ERROR o.g.u.s.CustomAuthenticationEntryPoint
                - Authentication failure: Full authentication is required to access this resource 
2026-02-12 00:16:20 [userService,/] INFO  o.g.u.s.i.CustomUserDetailsService
                - User   found username rahul123 , role s ize 1
2026-02-12 00:16:20 [userService,/] INFO  o.g.u.s.i.CustomUserDetailsService
                - User   found username rahul123 , role s ize 1
2026-02-12 00:16:20 [userService,/] INFO  o.g.usermgmt.resource.AuthController
                - Access from userService on port 8086 (instance: userService:49fd1d29a2b15e15f5847980f332c5e0)
2026-02-12 00:21:25 [userService,/] ERROR o.g.u.filter.JwtAuthenticationFilter
                - Error extracting username from token: Invalid compact JWT string: Compact JWSs must contain exactly 2 period characters, and compact JWEs must contain exactly 4.  Found: 0
2026-02-12 00:21:25 [userService,/] ERROR o.g.u.s.CustomAuthenticationEntryPoint
                - Authentication failure: Full authentication is required to access this resource 
2026-02-12 00:21:25 [userService,/] ERROR o.g.u.filter.JwtAuthenticationFilter
                - Error extracting username from token: Invalid compact JWT string: Compact JWSs must contain exactly 2 period characters, and compact JWEs must contain exactly 4.  Found: 0
2026-02-12 00:21:25 [userService,/] ERROR o.g.u.s.CustomAuthenticationEntryPoint
                - Authentication failure: Full authentication is required to access this resource 
2026-02-12 00:21:30 [userService,/] INFO  o.g.u.s.i.CustomUserDetailsService
                - User   found username rahul123 , role s ize 1
2026-02-12 00:21:30 [userService,/] INFO  o.g.u.s.i.CustomUserDetailsService
                - User   found username rahul123 , role s ize 1
2026-02-12 00:21:30 [userService,/] INFO  o.g.usermgmt.resource.AuthController
                - Access from userService on port 8086 (instance: userService:49fd1d29a2b15e15f5847980f332c5e0)
2026-02-12 00:22:36 [userService,/] INFO  o.g.u.s.i.CustomUserDetailsService
                - User   found username rahul123 , role s ize 1
2026-02-12 00:22:36 [userService,/] INFO  org.genc.usermgmt.util.JwtUtil
                - isTokenExpired false 
2026-02-12 00:22:36 [userService,/] DEBUG o.g.u.filter.JwtAuthenticationFilter
                - Authenticated user: rahul123 for request: /api/v1/userservice/cabinDetails
2026-02-12 00:22:36 [userService,/] INFO  o.g.u.s.i.CustomUserDetailsService
                - User   found username rahul123 , role s ize 1
2026-02-12 00:22:36 [userService,/] INFO  org.genc.usermgmt.util.JwtUtil
                - isTokenExpired false 
2026-02-12 00:22:36 [userService,/] DEBUG o.g.u.filter.JwtAuthenticationFilter
                - Authenticated user: rahul123 for request: /api/v1/userservice/cabinDetails
2026-02-12 00:23:07 [userService,/] INFO  o.g.u.s.i.CustomUserDetailsService
                - User   found username rahul123 , role s ize 1
2026-02-12 00:23:07 [userService,/] INFO  org.genc.usermgmt.util.JwtUtil
                - isTokenExpired false 
2026-02-12 00:23:07 [userService,/] DEBUG o.g.u.filter.JwtAuthenticationFilter
                - Authenticated user: rahul123 for request: /api/v1/userservice/cabinDetails
2026-02-12 00:23:07 [userService,/] INFO  o.g.u.s.i.CustomUserDetailsService
                - User   found username rahul123 , role s ize 1
2026-02-12 00:23:07 [userService,/] INFO  org.genc.usermgmt.util.JwtUtil
                - isTokenExpired false 
2026-02-12 00:23:07 [userService,/] DEBUG o.g.u.filter.JwtAuthenticationFilter
                - Authenticated user: rahul123 for request: /api/v1/userservice/cabinDetails
2026-02-12 00:23:16 [userService,/] INFO  o.g.u.s.i.CustomUserDetailsService
                - User   found username rahul123 , role s ize 1
2026-02-12 00:23:16 [userService,/] INFO  org.genc.usermgmt.util.JwtUtil
                - isTokenExpired false 
2026-02-12 00:23:16 [userService,/] DEBUG o.g.u.filter.JwtAuthenticationFilter
                - Authenticated user: rahul123 for request: /api/v1/userservice/cabinDetails
2026-02-12 00:23:16 [userService,/] INFO  o.g.u.s.i.CustomUserDetailsService
                - User   found username rahul123 , role s ize 1
2026-02-12 00:23:16 [userService,/] INFO  org.genc.usermgmt.util.JwtUtil
                - isTokenExpired false 
2026-02-12 00:23:16 [userService,/] DEBUG o.g.u.filter.JwtAuthenticationFilter
                - Authenticated user: rahul123 for request: /api/v1/userservice/cabinDetails
2026-02-12 00:23:19 [userService,/] INFO  o.g.u.s.i.CustomUserDetailsService
                - User   found username rahul123 , role s ize 1
2026-02-12 00:23:19 [userService,/] INFO  org.genc.usermgmt.util.JwtUtil
                - isTokenExpired false 
2026-02-12 00:23:19 [userService,/] DEBUG o.g.u.filter.JwtAuthenticationFilter
                - Authenticated user: rahul123 for request: /api/v1/userservice/activities
2026-02-12 00:23:19 [userService,/] INFO  o.g.u.s.i.CustomUserDetailsService
                - User   found username rahul123 , role s ize 1
2026-02-12 00:23:19 [userService,/] INFO  org.genc.usermgmt.util.JwtUtil
                - isTokenExpired false 
2026-02-12 00:23:19 [userService,/] DEBUG o.g.u.filter.JwtAuthenticationFilter
                - Authenticated user: rahul123 for request: /api/v1/userservice/activities
2026-02-12 00:24:35 [userService,/] INFO  o.g.u.s.i.CustomUserDetailsService
                - User   found username aatif12 , role s ize 0
2026-02-12 00:24:35 [userService,/] WARN  o.s.s.c.bcrypt.BCryptPasswordEncoder
                - Encoded password does not look like BCrypt
2026-02-12 00:24:35 [userService,/] ERROR o.g.usermgmt.resource.AuthController
                - Invalid credentials: Bad credentials
2026-02-12 00:27:43 [userService,/] INFO  o.g.u.s.i.CustomUserDetailsService
                - User   found username admin , role s ize 1
2026-02-12 00:27:43 [userService,/] INFO  o.g.u.s.i.CustomUserDetailsService
                - User   found username admin , role s ize 1
2026-02-12 00:27:43 [userService,/] INFO  o.g.usermgmt.resource.AuthController
                - Access from userService on port 8086 (instance: userService:49fd1d29a2b15e15f5847980f332c5e0)
2026-02-12 00:30:47 [userService,/] INFO  o.g.u.s.i.CustomUserDetailsService
                - User   found username admin , role s ize 1
2026-02-12 00:30:47 [userService,/] INFO  org.genc.usermgmt.util.JwtUtil
                - isTokenExpired false 
2026-02-12 00:30:47 [userService,/] DEBUG o.g.u.filter.JwtAuthenticationFilter
                - Authenticated user: admin for request: /api/v1/userservice/cabinDetails
2026-02-12 00:30:47 [userService,/] INFO  o.g.u.s.i.CustomUserDetailsService
                - User   found username admin , role s ize 1
2026-02-12 00:30:47 [userService,/] INFO  org.genc.usermgmt.util.JwtUtil
                - isTokenExpired false 
2026-02-12 00:30:47 [userService,/] DEBUG o.g.u.filter.JwtAuthenticationFilter
                - Authenticated user: admin for request: /api/v1/userservice/cabinDetails
2026-02-12 00:31:05 [userService,/] INFO  o.g.u.s.i.CustomUserDetailsService
                - User   found username admin , role s ize 1
2026-02-12 00:31:05 [userService,/] INFO  o.g.u.s.i.CustomUserDetailsService
                - User   found username admin , role s ize 1
2026-02-12 00:31:05 [userService,/] INFO  o.g.usermgmt.resource.AuthController
                - Access from userService on port 8086 (instance: userService:49fd1d29a2b15e15f5847980f332c5e0)
2026-02-12 00:32:02 [userService,/] INFO  o.g.u.r.RegistrationController
                - Registering new user with username: newadmin
2026-02-12 00:32:02 [userService,/] INFO  o.g.u.s.impl.UserMgmtServiceImpl
                - New CruiseMate account created: newadmin
2026-02-12 00:32:06 [userService,/] INFO  o.g.u.s.i.CustomUserDetailsService
                - User   found username newadmin , role s ize 1
2026-02-12 00:32:06 [userService,/] INFO  o.g.u.s.i.CustomUserDetailsService
                - User   found username newadmin , role s ize 1
2026-02-12 00:32:06 [userService,/] INFO  o.g.usermgmt.resource.AuthController
                - Access from userService on port 8086 (instance: userService:49fd1d29a2b15e15f5847980f332c5e0)
2026-02-12 00:32:51 [userService,/] INFO  o.g.u.s.i.CustomUserDetailsService
                - User   found username newadmin , role s ize 1
2026-02-12 00:32:51 [userService,/] INFO  o.g.u.s.i.CustomUserDetailsService
                - User   found username newadmin , role s ize 1
2026-02-12 00:32:51 [userService,/] INFO  o.g.usermgmt.resource.AuthController
                - Access from userService on port 8086 (instance: userService:49fd1d29a2b15e15f5847980f332c5e0)
2026-02-12 00:33:19 [userService,/] INFO  o.g.u.s.i.CustomUserDetailsService
                - User   found username newadmin , role s ize 1
2026-02-12 00:33:19 [userService,/] INFO  o.g.u.s.i.CustomUserDetailsService
                - User   found username newadmin , role s ize 1
2026-02-12 00:33:19 [userService,/] INFO  o.g.usermgmt.resource.AuthController
                - Access from userService on port 8086 (instance: userService:49fd1d29a2b15e15f5847980f332c5e0)
2026-02-12 00:33:44 [userService,/] INFO  o.g.u.s.i.CustomUserDetailsService
                - User   found username newadmin , role s ize 1
2026-02-12 00:33:44 [userService,/] INFO  o.g.u.s.i.CustomUserDetailsService
                - User   found username newadmin , role s ize 1
2026-02-12 00:33:44 [userService,/] INFO  o.g.usermgmt.resource.AuthController
                - Access from userService on port 8086 (instance: userService:49fd1d29a2b15e15f5847980f332c5e0)
2026-02-12 00:33:47 [userService,/] INFO  o.g.u.s.i.CustomUserDetailsService
                - User   found username newadmin , role s ize 1
2026-02-12 00:33:47 [userService,/] INFO  org.genc.usermgmt.util.JwtUtil
                - isTokenExpired false 
2026-02-12 00:33:47 [userService,/] DEBUG o.g.u.filter.JwtAuthenticationFilter
                - Authenticated user: newadmin for request: /api/v1/userservice/cabinDetails
2026-02-12 00:33:47 [userService,/] INFO  o.g.u.s.i.CustomUserDetailsService
                - User   found username newadmin , role s ize 1
2026-02-12 00:33:47 [userService,/] INFO  org.genc.usermgmt.util.JwtUtil
                - isTokenExpired false 
2026-02-12 00:33:47 [userService,/] DEBUG o.g.u.filter.JwtAuthenticationFilter
                - Authenticated user: newadmin for request: /api/v1/userservice/cabinDetails
2026-02-12 00:34:49 [userService,/] INFO  o.g.u.s.i.CustomUserDetailsService
                - User   found username newadmin , role s ize 1
2026-02-12 00:34:49 [userService,/] INFO  o.g.u.s.i.CustomUserDetailsService
                - User   found username newadmin , role s ize 1
2026-02-12 00:34:49 [userService,/] INFO  o.g.usermgmt.resource.AuthController
                - Access from userService on port 8086 (instance: userService:49fd1d29a2b15e15f5847980f332c5e0)
2026-02-12 00:35:22 [userService,/] INFO  o.g.u.s.i.CustomUserDetailsService
                - User   found username newadmin , role s ize 1
2026-02-12 00:35:22 [userService,/] INFO  o.g.u.s.i.CustomUserDetailsService
                - User   found username newadmin , role s ize 1
2026-02-12 00:35:22 [userService,/] INFO  o.g.usermgmt.resource.AuthController
                - Access from userService on port 8086 (instance: userService:49fd1d29a2b15e15f5847980f332c5e0)
2026-02-12 00:35:25 [userService,/] INFO  o.g.u.s.i.CustomUserDetailsService
                - User   found username newadmin , role s ize 1
2026-02-12 00:35:25 [userService,/] INFO  o.g.u.s.i.CustomUserDetailsService
                - User   found username newadmin , role s ize 1
2026-02-12 00:35:25 [userService,/] INFO  o.g.usermgmt.resource.AuthController
                - Access from userService on port 8086 (instance: userService:49fd1d29a2b15e15f5847980f332c5e0)
2026-02-12 00:35:26 [userService,/] INFO  o.g.u.s.i.CustomUserDetailsService
                - User   found username newadmin , role s ize 1
2026-02-12 00:35:26 [userService,/] INFO  o.g.u.s.i.CustomUserDetailsService
                - User   found username newadmin , role s ize 1
2026-02-12 00:35:26 [userService,/] INFO  o.g.usermgmt.resource.AuthController
                - Access from userService on port 8086 (instance: userService:49fd1d29a2b15e15f5847980f332c5e0)
2026-02-12 00:35:27 [userService,/] INFO  o.g.u.s.i.CustomUserDetailsService
                - User   found username newadmin , role s ize 1
2026-02-12 00:35:27 [userService,/] INFO  o.g.u.s.i.CustomUserDetailsService
                - User   found username newadmin , role s ize 1
2026-02-12 00:35:27 [userService,/] INFO  o.g.usermgmt.resource.AuthController
                - Access from userService on port 8086 (instance: userService:49fd1d29a2b15e15f5847980f332c5e0)
2026-02-12 00:35:27 [userService,/] INFO  o.g.u.s.i.CustomUserDetailsService
                - User   found username newadmin , role s ize 1
2026-02-12 00:35:27 [userService,/] INFO  o.g.u.s.i.CustomUserDetailsService
                - User   found username newadmin , role s ize 1
2026-02-12 00:35:27 [userService,/] INFO  o.g.usermgmt.resource.AuthController
                - Access from userService on port 8086 (instance: userService:49fd1d29a2b15e15f5847980f332c5e0)
2026-02-12 00:42:36 [userService,/] INFO  o.g.u.s.i.CustomUserDetailsService
                - User   found username newadmin , role s ize 1
2026-02-12 00:42:37 [userService,/] INFO  o.g.u.s.i.CustomUserDetailsService
                - User   found username newadmin , role s ize 1
2026-02-12 00:42:37 [userService,/] INFO  o.g.usermgmt.resource.AuthController
                - Access from userService on port 8086 (instance: userService:49fd1d29a2b15e15f5847980f332c5e0)
2026-02-12 00:50:30 [userService,/] INFO  o.g.u.s.i.CustomUserDetailsService
                - User   found username newadmin , role s ize 1
2026-02-12 00:50:31 [userService,/] INFO  o.g.u.s.i.CustomUserDetailsService
                - User   found username newadmin , role s ize 1
2026-02-12 00:50:31 [userService,/] INFO  o.g.usermgmt.resource.AuthController
                - Access from userService on port 8086 (instance: userService:49fd1d29a2b15e15f5847980f332c5e0)
2026-02-12 00:50:32 [userService,/] INFO  o.g.u.s.i.CustomUserDetailsService
                - User   found username newadmin , role s ize 1
2026-02-12 00:50:32 [userService,/] INFO  o.g.u.s.i.CustomUserDetailsService
                - User   found username newadmin , role s ize 1
2026-02-12 00:50:32 [userService,/] INFO  o.g.usermgmt.resource.AuthController
                - Access from userService on port 8086 (instance: userService:49fd1d29a2b15e15f5847980f332c5e0)
2026-02-12 00:50:46 [userService,/] INFO  o.g.u.s.i.CustomUserDetailsService
                - User   found username newadmin , role s ize 1
2026-02-12 00:50:47 [userService,/] INFO  o.g.u.s.i.CustomUserDetailsService
                - User   found username newadmin , role s ize 1
2026-02-12 00:50:47 [userService,/] INFO  o.g.usermgmt.resource.AuthController
                - Access from userService on port 8086 (instance: userService:49fd1d29a2b15e15f5847980f332c5e0)
2026-02-12 00:51:29 [userService,/] INFO  o.g.u.s.i.CustomUserDetailsService
                - User   found username newadmin , role s ize 1
2026-02-12 00:51:29 [userService,/] INFO  o.g.u.s.i.CustomUserDetailsService
                - User   found username newadmin , role s ize 1
2026-02-12 00:51:29 [userService,/] INFO  o.g.usermgmt.resource.AuthController
                - Access from userService on port 8086 (instance: userService:49fd1d29a2b15e15f5847980f332c5e0)
2026-02-12 00:51:29 [userService,/] INFO  o.g.u.s.i.CustomUserDetailsService
                - User   found username newadmin , role s ize 1
2026-02-12 00:51:29 [userService,/] INFO  o.g.u.s.i.CustomUserDetailsService
                - User   found username newadmin , role s ize 1
2026-02-12 00:51:29 [userService,/] INFO  org.genc.usermgmt.util.JwtUtil
                - isTokenExpired false 
2026-02-12 00:51:29 [userService,/] INFO  org.genc.usermgmt.util.JwtUtil
                - isTokenExpired false 
2026-02-12 00:51:29 [userService,/] DEBUG o.g.u.filter.JwtAuthenticationFilter
                - Authenticated user: newadmin for request: /api/v1/userservice/revenue
2026-02-12 00:51:29 [userService,/] DEBUG o.g.u.filter.JwtAuthenticationFilter
                - Authenticated user: newadmin for request: /api/v1/userservice/occupancy
2026-02-12 00:51:29 [userService,/] INFO  o.g.u.s.i.CustomUserDetailsService
                - User   found username newadmin , role s ize 1
2026-02-12 00:51:29 [userService,/] INFO  org.genc.usermgmt.util.JwtUtil
                - isTokenExpired false 
2026-02-12 00:51:29 [userService,/] DEBUG o.g.u.filter.JwtAuthenticationFilter
                - Authenticated user: newadmin for request: /api/v1/userservice/stats
2026-02-12 00:51:29 [userService,/] INFO  o.g.u.s.i.CustomUserDetailsService
                - User   found username newadmin , role s ize 1
2026-02-12 00:51:29 [userService,/] INFO  o.g.u.s.i.CustomUserDetailsService
                - User   found username newadmin , role s ize 1
2026-02-12 00:51:29 [userService,/] INFO  org.genc.usermgmt.util.JwtUtil
                - isTokenExpired false 
2026-02-12 00:51:29 [userService,/] INFO  org.genc.usermgmt.util.JwtUtil
                - isTokenExpired false 
2026-02-12 00:51:29 [userService,/] DEBUG o.g.u.filter.JwtAuthenticationFilter
                - Authenticated user: newadmin for request: /api/v1/userservice/occupancy
2026-02-12 00:51:29 [userService,/] DEBUG o.g.u.filter.JwtAuthenticationFilter
                - Authenticated user: newadmin for request: /api/v1/userservice/revenue
2026-02-12 00:51:29 [userService,/] INFO  o.g.u.s.i.CustomUserDetailsService
                - User   found username newadmin , role s ize 1
2026-02-12 00:51:29 [userService,/] INFO  org.genc.usermgmt.util.JwtUtil
                - isTokenExpired false 
2026-02-12 00:51:29 [userService,/] DEBUG o.g.u.filter.JwtAuthenticationFilter
                - Authenticated user: newadmin for request: /api/v1/userservice/stats
2026-02-12 00:51:39 [userService,/] INFO  o.g.u.s.i.CustomUserDetailsService
                - User   found username kittu123 , role s ize 1
2026-02-12 00:51:40 [userService,/] INFO  o.g.u.s.i.CustomUserDetailsService
                - User   found username kittu123 , role s ize 1
2026-02-12 00:51:40 [userService,/] INFO  o.g.usermgmt.resource.AuthController
                - Access from userService on port 8086 (instance: userService:49fd1d29a2b15e15f5847980f332c5e0)
2026-02-12 00:51:40 [userService,/] INFO  o.g.u.s.i.CustomUserDetailsService
                - User   found username kittu123 , role s ize 1
2026-02-12 00:51:40 [userService,/] INFO  o.g.u.s.i.CustomUserDetailsService
                - User   found username kittu123 , role s ize 1
2026-02-12 00:51:40 [userService,/] INFO  org.genc.usermgmt.util.JwtUtil
                - isTokenExpired false 
2026-02-12 00:51:40 [userService,/] INFO  org.genc.usermgmt.util.JwtUtil
                - isTokenExpired false 
2026-02-12 00:51:40 [userService,/] DEBUG o.g.u.filter.JwtAuthenticationFilter
                - Authenticated user: kittu123 for request: /api/v1/userservice/occupancy
2026-02-12 00:51:40 [userService,/] DEBUG o.g.u.filter.JwtAuthenticationFilter
                - Authenticated user: kittu123 for request: /api/v1/userservice/stats
2026-02-12 00:51:40 [userService,/] INFO  o.g.u.s.i.CustomUserDetailsService
                - User   found username kittu123 , role s ize 1
2026-02-12 00:51:40 [userService,/] INFO  org.genc.usermgmt.util.JwtUtil
                - isTokenExpired false 
2026-02-12 00:51:40 [userService,/] DEBUG o.g.u.filter.JwtAuthenticationFilter
                - Authenticated user: kittu123 for request: /api/v1/userservice/revenue
2026-02-12 00:51:40 [userService,/] INFO  o.g.u.s.i.CustomUserDetailsService
                - User   found username kittu123 , role s ize 1
2026-02-12 00:51:40 [userService,/] INFO  o.g.u.s.i.CustomUserDetailsService
                - User   found username kittu123 , role s ize 1
2026-02-12 00:51:40 [userService,/] INFO  org.genc.usermgmt.util.JwtUtil
                - isTokenExpired false 
2026-02-12 00:51:40 [userService,/] INFO  org.genc.usermgmt.util.JwtUtil
                - isTokenExpired false 
2026-02-12 00:51:40 [userService,/] DEBUG o.g.u.filter.JwtAuthenticationFilter
                - Authenticated user: kittu123 for request: /api/v1/userservice/stats
2026-02-12 00:51:40 [userService,/] DEBUG o.g.u.filter.JwtAuthenticationFilter
                - Authenticated user: kittu123 for request: /api/v1/userservice/occupancy
2026-02-12 00:51:40 [userService,/] INFO  o.g.u.s.i.CustomUserDetailsService
                - User   found username kittu123 , role s ize 1
2026-02-12 00:51:40 [userService,/] INFO  org.genc.usermgmt.util.JwtUtil
                - isTokenExpired false 
2026-02-12 00:51:40 [userService,/] DEBUG o.g.u.filter.JwtAuthenticationFilter
                - Authenticated user: kittu123 for request: /api/v1/userservice/revenue
2026-02-12 00:52:26 [userService,/] INFO  o.g.u.s.i.CustomUserDetailsService
                - User   found username kittu123 , role s ize 1
2026-02-12 00:52:26 [userService,/] INFO  o.g.u.s.i.CustomUserDetailsService
                - User   found username kittu123 , role s ize 1
2026-02-12 00:52:26 [userService,/] INFO  o.g.usermgmt.resource.AuthController
                - Access from userService on port 8086 (instance: userService:49fd1d29a2b15e15f5847980f332c5e0)
2026-02-12 00:52:26 [userService,/] INFO  o.g.u.s.i.CustomUserDetailsService
                - User   found username kittu123 , role s ize 1
2026-02-12 00:52:26 [userService,/] INFO  o.g.u.s.i.CustomUserDetailsService
                - User   found username kittu123 , role s ize 1
2026-02-12 00:52:26 [userService,/] INFO  o.g.u.s.i.CustomUserDetailsService
                - User   found username kittu123 , role s ize 1
2026-02-12 00:52:26 [userService,/] INFO  org.genc.usermgmt.util.JwtUtil
                - isTokenExpired false 
2026-02-12 00:52:26 [userService,/] INFO  org.genc.usermgmt.util.JwtUtil
                - isTokenExpired false 
2026-02-12 00:52:26 [userService,/] INFO  org.genc.usermgmt.util.JwtUtil
                - isTokenExpired false 
2026-02-12 00:52:26 [userService,/] DEBUG o.g.u.filter.JwtAuthenticationFilter
                - Authenticated user: kittu123 for request: /api/v1/userservice/stats
2026-02-12 00:52:26 [userService,/] DEBUG o.g.u.filter.JwtAuthenticationFilter
                - Authenticated user: kittu123 for request: /api/v1/userservice/revenue
2026-02-12 00:52:26 [userService,/] DEBUG o.g.u.filter.JwtAuthenticationFilter
                - Authenticated user: kittu123 for request: /api/v1/userservice/occupancy
2026-02-12 00:52:26 [userService,/] INFO  o.g.u.s.i.CustomUserDetailsService
                - User   found username kittu123 , role s ize 1
2026-02-12 00:52:26 [userService,/] INFO  o.g.u.s.i.CustomUserDetailsService
                - User   found username kittu123 , role s ize 1
2026-02-12 00:52:26 [userService,/] INFO  o.g.u.s.i.CustomUserDetailsService
                - User   found username kittu123 , role s ize 1
2026-02-12 00:52:26 [userService,/] INFO  org.genc.usermgmt.util.JwtUtil
                - isTokenExpired false 
2026-02-12 00:52:26 [userService,/] INFO  org.genc.usermgmt.util.JwtUtil
                - isTokenExpired false 
2026-02-12 00:52:26 [userService,/] INFO  org.genc.usermgmt.util.JwtUtil
                - isTokenExpired false 
2026-02-12 00:52:26 [userService,/] DEBUG o.g.u.filter.JwtAuthenticationFilter
                - Authenticated user: kittu123 for request: /api/v1/userservice/stats
2026-02-12 00:52:26 [userService,/] DEBUG o.g.u.filter.JwtAuthenticationFilter
                - Authenticated user: kittu123 for request: /api/v1/userservice/occupancy
2026-02-12 00:52:26 [userService,/] DEBUG o.g.u.filter.JwtAuthenticationFilter
                - Authenticated user: kittu123 for request: /api/v1/userservice/revenue
2026-02-12 00:53:47 [userService,/] INFO  o.g.u.s.i.CustomUserDetailsService
                - User   found username rahul123 , role s ize 1
2026-02-12 00:53:47 [userService,/] INFO  o.g.u.s.i.CustomUserDetailsService
                - User   found username rahul123 , role s ize 1
2026-02-12 00:53:47 [userService,/] INFO  o.g.usermgmt.resource.AuthController
                - Access from userService on port 8086 (instance: userService:49fd1d29a2b15e15f5847980f332c5e0)
2026-02-12 00:53:48 [userService,/] INFO  o.g.u.s.i.CustomUserDetailsService
                - User   found username rahul123 , role s ize 1
2026-02-12 00:53:48 [userService,/] INFO  o.g.u.s.i.CustomUserDetailsService
                - User   found username rahul123 , role s ize 1
2026-02-12 00:53:48 [userService,/] INFO  org.genc.usermgmt.util.JwtUtil
                - isTokenExpired false 
2026-02-12 00:53:48 [userService,/] DEBUG o.g.u.filter.JwtAuthenticationFilter
                - Authenticated user: rahul123 for request: /api/v1/userservice/occupancy
2026-02-12 00:53:48 [userService,/] INFO  org.genc.usermgmt.util.JwtUtil
                - isTokenExpired false 
2026-02-12 00:53:48 [userService,/] DEBUG o.g.u.filter.JwtAuthenticationFilter
                - Authenticated user: rahul123 for request: /api/v1/userservice/revenue
2026-02-12 00:53:48 [userService,/] INFO  o.g.u.s.i.CustomUserDetailsService
                - User   found username rahul123 , role s ize 1
2026-02-12 00:53:48 [userService,/] INFO  org.genc.usermgmt.util.JwtUtil
                - isTokenExpired false 
2026-02-12 00:53:48 [userService,/] DEBUG o.g.u.filter.JwtAuthenticationFilter
                - Authenticated user: rahul123 for request: /api/v1/userservice/stats
2026-02-12 00:53:48 [userService,/] INFO  o.g.u.s.i.CustomUserDetailsService
                - User   found username rahul123 , role s ize 1
2026-02-12 00:53:48 [userService,/] INFO  o.g.u.s.i.CustomUserDetailsService
                - User   found username rahul123 , role s ize 1
2026-02-12 00:53:48 [userService,/] INFO  org.genc.usermgmt.util.JwtUtil
                - isTokenExpired false 
2026-02-12 00:53:48 [userService,/] INFO  org.genc.usermgmt.util.JwtUtil
                - isTokenExpired false 
2026-02-12 00:53:48 [userService,/] DEBUG o.g.u.filter.JwtAuthenticationFilter
                - Authenticated user: rahul123 for request: /api/v1/userservice/occupancy
2026-02-12 00:53:48 [userService,/] DEBUG o.g.u.filter.JwtAuthenticationFilter
                - Authenticated user: rahul123 for request: /api/v1/userservice/revenue
2026-02-12 00:53:48 [userService,/] INFO  o.g.u.s.i.CustomUserDetailsService
                - User   found username rahul123 , role s ize 1
2026-02-12 00:53:48 [userService,/] INFO  org.genc.usermgmt.util.JwtUtil
                - isTokenExpired false 
2026-02-12 00:53:48 [userService,/] DEBUG o.g.u.filter.JwtAuthenticationFilter
                - Authenticated user: rahul123 for request: /api/v1/userservice/stats
2026-02-12 00:58:45 [userService,/] INFO  o.g.u.s.i.CustomUserDetailsService
                - User   found username rahul123 , role s ize 1
2026-02-12 00:58:45 [userService,/] INFO  o.g.u.s.i.CustomUserDetailsService
                - User   found username rahul123 , role s ize 1
2026-02-12 00:58:45 [userService,/] INFO  o.g.usermgmt.resource.AuthController
                - Access from userService on port 8086 (instance: userService:49fd1d29a2b15e15f5847980f332c5e0)
2026-02-12 00:58:45 [userService,/] INFO  o.g.u.s.i.CustomUserDetailsService
                - User   found username rahul123 , role s ize 1
2026-02-12 00:58:45 [userService,/] INFO  o.g.u.s.i.CustomUserDetailsService
                - User   found username rahul123 , role s ize 1
2026-02-12 00:58:45 [userService,/] INFO  o.g.u.s.i.CustomUserDetailsService
                - User   found username rahul123 , role s ize 1
2026-02-12 00:58:45 [userService,/] INFO  org.genc.usermgmt.util.JwtUtil
                - isTokenExpired false 
2026-02-12 00:58:45 [userService,/] INFO  org.genc.usermgmt.util.JwtUtil
                - isTokenExpired false 
2026-02-12 00:58:45 [userService,/] INFO  org.genc.usermgmt.util.JwtUtil
                - isTokenExpired false 
2026-02-12 00:58:45 [userService,/] DEBUG o.g.u.filter.JwtAuthenticationFilter
                - Authenticated user: rahul123 for request: /api/v1/userservice/revenue
2026-02-12 00:58:45 [userService,/] DEBUG o.g.u.filter.JwtAuthenticationFilter
                - Authenticated user: rahul123 for request: /api/v1/userservice/occupancy
2026-02-12 00:58:45 [userService,/] DEBUG o.g.u.filter.JwtAuthenticationFilter
                - Authenticated user: rahul123 for request: /api/v1/userservice/stats
2026-02-12 00:58:45 [userService,/] INFO  o.g.u.s.i.CustomUserDetailsService
                - User   found username rahul123 , role s ize 1
2026-02-12 00:58:45 [userService,/] INFO  o.g.u.s.i.CustomUserDetailsService
                - User   found username rahul123 , role s ize 1
2026-02-12 00:58:45 [userService,/] INFO  o.g.u.s.i.CustomUserDetailsService
                - User   found username rahul123 , role s ize 1
2026-02-12 00:58:45 [userService,/] INFO  org.genc.usermgmt.util.JwtUtil
                - isTokenExpired false 
2026-02-12 00:58:45 [userService,/] INFO  org.genc.usermgmt.util.JwtUtil
                - isTokenExpired false 
2026-02-12 00:58:45 [userService,/] INFO  org.genc.usermgmt.util.JwtUtil
                - isTokenExpired false 
2026-02-12 00:58:45 [userService,/] DEBUG o.g.u.filter.JwtAuthenticationFilter
                - Authenticated user: rahul123 for request: /api/v1/userservice/stats
2026-02-12 00:58:45 [userService,/] DEBUG o.g.u.filter.JwtAuthenticationFilter
                - Authenticated user: rahul123 for request: /api/v1/userservice/occupancy
2026-02-12 00:58:45 [userService,/] DEBUG o.g.u.filter.JwtAuthenticationFilter
                - Authenticated user: rahul123 for request: /api/v1/userservice/revenue
2026-02-12 00:58:55 [userService,/] INFO  o.g.u.s.i.CustomUserDetailsService
                - User   found username rahul123 , role s ize 1
2026-02-12 00:58:56 [userService,/] INFO  o.g.u.s.i.CustomUserDetailsService
                - User   found username rahul123 , role s ize 1
2026-02-12 00:58:56 [userService,/] INFO  o.g.usermgmt.resource.AuthController
                - Access from userService on port 8086 (instance: userService:49fd1d29a2b15e15f5847980f332c5e0)
2026-02-12 00:58:56 [userService,/] INFO  o.g.u.s.i.CustomUserDetailsService
                - User   found username rahul123 , role s ize 1
2026-02-12 00:58:56 [userService,/] INFO  o.g.u.s.i.CustomUserDetailsService
                - User   found username rahul123 , role s ize 1
2026-02-12 00:58:56 [userService,/] INFO  org.genc.usermgmt.util.JwtUtil
                - isTokenExpired false 
2026-02-12 00:58:56 [userService,/] INFO  org.genc.usermgmt.util.JwtUtil
                - isTokenExpired false 
2026-02-12 00:58:56 [userService,/] DEBUG o.g.u.filter.JwtAuthenticationFilter
                - Authenticated user: rahul123 for request: /api/v1/userservice/stats
2026-02-12 00:58:56 [userService,/] DEBUG o.g.u.filter.JwtAuthenticationFilter
                - Authenticated user: rahul123 for request: /api/v1/userservice/revenue
2026-02-12 00:58:56 [userService,/] INFO  o.g.u.s.i.CustomUserDetailsService
                - User   found username rahul123 , role s ize 1
2026-02-12 00:58:56 [userService,/] INFO  org.genc.usermgmt.util.JwtUtil
                - isTokenExpired false 
2026-02-12 00:58:56 [userService,/] DEBUG o.g.u.filter.JwtAuthenticationFilter
                - Authenticated user: rahul123 for request: /api/v1/userservice/occupancy
2026-02-12 00:58:56 [userService,/] INFO  o.g.u.s.i.CustomUserDetailsService
                - User   found username rahul123 , role s ize 1
2026-02-12 00:58:56 [userService,/] INFO  o.g.u.s.i.CustomUserDetailsService
                - User   found username rahul123 , role s ize 1
2026-02-12 00:58:56 [userService,/] INFO  org.genc.usermgmt.util.JwtUtil
                - isTokenExpired false 
2026-02-12 00:58:56 [userService,/] INFO  org.genc.usermgmt.util.JwtUtil
                - isTokenExpired false 
2026-02-12 00:58:56 [userService,/] DEBUG o.g.u.filter.JwtAuthenticationFilter
                - Authenticated user: rahul123 for request: /api/v1/userservice/stats
2026-02-12 00:58:56 [userService,/] DEBUG o.g.u.filter.JwtAuthenticationFilter
                - Authenticated user: rahul123 for request: /api/v1/userservice/revenue
2026-02-12 00:58:56 [userService,/] INFO  o.g.u.s.i.CustomUserDetailsService
                - User   found username rahul123 , role s ize 1
2026-02-12 00:58:56 [userService,/] INFO  org.genc.usermgmt.util.JwtUtil
                - isTokenExpired false 
2026-02-12 00:58:56 [userService,/] DEBUG o.g.u.filter.JwtAuthenticationFilter
                - Authenticated user: rahul123 for request: /api/v1/userservice/occupancy
2026-02-12 01:05:29 [userService,/] INFO  o.s.b.w.e.tomcat.GracefulShutdown
                - Commencing graceful shutdown. Waiting for active requests to complete
2026-02-12 01:05:29 [userService,/] INFO  o.s.b.w.e.tomcat.GracefulShutdown
                - Graceful shutdown complete
2026-02-12 01:05:29 [userService,/] INFO  o.s.b.w.e.tomcat.GracefulShutdown
                - Commencing graceful shutdown. Waiting for active requests to complete
2026-02-12 01:05:29 [userService,/] INFO  o.s.b.w.e.tomcat.GracefulShutdown
                - Graceful shutdown complete
2026-02-12 01:05:29 [userService,/] INFO  o.s.o.j.LocalContainerEntityManagerFactoryBean
                - Closing JPA EntityManagerFactory for persistence unit 'default'
2026-02-12 01:05:29 [userService,/] INFO  com.zaxxer.hikari.HikariDataSource
                - HikariPool-1 - Shutdown initiated...
2026-02-12 01:05:29 [userService,/] INFO  com.zaxxer.hikari.HikariDataSource
                - HikariPool-1 - Shutdown completed.
2026-02-12 01:05:34 [userService,/] INFO  o.g.u.UserManagementServiceApplication
                - Starting UserManagementServiceApplication using Java 25 with PID 25160 (C:\Users\2464280\gencWorkspaces\practiceWorkspace\cruisemate-registration\target\classes started by 2464280 in C:\Users\2464280\gencWorkspaces\practiceWorkspace\cruisemate-registration)
2026-02-12 01:05:34 [userService,/] DEBUG o.g.u.UserManagementServiceApplication
                - Running with Spring Boot v3.5.6, Spring v6.2.11
2026-02-12 01:05:34 [userService,/] INFO  o.g.u.UserManagementServiceApplication
                - The following 1 profile is active: "genc"
2026-02-12 01:05:36 [userService,/] INFO  o.s.d.r.c.RepositoryConfigurationDelegate
                - Bootstrapping Spring Data JPA repositories in DEFAULT mode.
2026-02-12 01:05:36 [userService,/] INFO  o.s.d.r.c.RepositoryConfigurationDelegate
                - Finished Spring Data repository scanning in 222 ms. Found 3 JPA repository interfaces.
2026-02-12 01:05:36 [userService,/] INFO  o.s.cloud.context.scope.GenericScope
                - BeanFactory id=487a5d5c-8985-303b-999d-7bf9e5754232
2026-02-12 01:05:37 [userService,/] INFO  o.s.b.w.e.tomcat.TomcatWebServer
                - Tomcat initialized with port 8086 (http)
2026-02-12 01:05:37 [userService,/] INFO  o.a.catalina.core.StandardService
                - Starting service [Tomcat]
2026-02-12 01:05:37 [userService,/] INFO  o.a.catalina.core.StandardEngine
                - Starting Servlet engine: [Apache Tomcat/10.1.46]
2026-02-12 01:05:37 [userService,/] INFO  o.a.c.c.C.[Tomcat].[localhost].[/]
                - Initializing Spring embedded WebApplicationContext
2026-02-12 01:05:37 [userService,/] INFO  o.s.b.w.s.c.ServletWebServerApplicationContext
                - Root WebApplicationContext: initialization completed in 2865 ms
2026-02-12 01:05:38 [userService,/] INFO  o.h.jpa.internal.util.LogHelper
                - HHH000204: Processing PersistenceUnitInfo [name: default]
2026-02-12 01:05:38 [userService,/] INFO  org.hibernate.Version
                - HHH000412: Hibernate ORM core version 6.6.29.Final
2026-02-12 01:05:38 [userService,/] INFO  o.h.c.i.RegionFactoryInitiator
                - HHH000026: Second-level cache disabled
2026-02-12 01:05:38 [userService,/] INFO  o.s.o.j.p.SpringPersistenceUnitInfo
                - No LoadTimeWeaver setup: ignoring JPA class transformer
2026-02-12 01:05:38 [userService,/] INFO  com.zaxxer.hikari.HikariDataSource
                - HikariPool-1 - Starting...
2026-02-12 01:05:38 [userService,/] INFO  com.zaxxer.hikari.pool.HikariPool
                - HikariPool-1 - Added connection com.mysql.cj.jdbc.ConnectionImpl@1bba9862
2026-02-12 01:05:38 [userService,/] INFO  com.zaxxer.hikari.HikariDataSource
                - HikariPool-1 - Start completed.
2026-02-12 01:05:39 [userService,/] WARN  org.hibernate.orm.deprecation
                - HHH90000025: MySQLDialect does not need to be specified explicitly using 'hibernate.dialect' (remove the property setting and it will be selected by default)
2026-02-12 01:05:39 [userService,/] INFO  o.hibernate.orm.connections.pooling
                - HHH10001005: Database info:
	Database JDBC URL [Connecting through datasource 'HikariDataSource (HikariPool-1)']
	Database driver: undefined/unknown
	Database version: 8.0.44
	Autocommit mode: undefined/unknown
	Isolation level: undefined/unknown
	Minimum pool size: undefined/unknown
	Maximum pool size: undefined/unknown
2026-02-12 01:05:40 [userService,/] INFO  o.h.e.t.j.p.i.JtaPlatformInitiator
                - HHH000489: No JTA platform available (set 'hibernate.transaction.jta.platform' to enable JTA platform integration)
2026-02-12 01:05:40 [userService,/] INFO  o.s.o.j.LocalContainerEntityManagerFactoryBean
                - Initialized JPA EntityManagerFactory for persistence unit 'default'
2026-02-12 01:05:40 [userService,/] DEBUG o.g.u.filter.JwtAuthenticationFilter
                - Filter 'jwtAuthenticationFilter' configured for use
2026-02-12 01:05:41 [userService,/] INFO  o.s.s.c.a.a.c.InitializeUserDetailsBeanManagerConfigurer$InitializeUserDetailsManagerConfigurer
                - Global AuthenticationManager configured with UserDetailsService bean with name customUserDetailsService
2026-02-12 01:05:41 [userService,/] WARN  o.s.b.a.o.j.JpaBaseConfiguration$JpaWebConfiguration
                - spring.jpa.open-in-view is enabled by default. Therefore, database queries may be performed during view rendering. Explicitly configure spring.jpa.open-in-view to disable this warning
2026-02-12 01:05:42 [userService,/] INFO  o.s.c.n.e.c.DiscoveryClientOptionalArgsConfiguration
                - Eureka HTTP Client uses RestTemplate.
2026-02-12 01:05:42 [userService,/] WARN  o.s.c.l.c.LoadBalancerCacheAutoConfiguration$LoadBalancerCaffeineWarnLogger
                - Spring Cloud LoadBalancer is currently working with the default cache. While this cache implementation is useful for development and tests, it's recommended to use Caffeine cache in production.You can switch to using Caffeine cache, by adding it and org.springframework.cache.caffeine.CaffeineCacheManager to the classpath.
2026-02-12 01:05:42 [userService,/] INFO  o.s.b.w.e.tomcat.TomcatWebServer
                - Tomcat started on port 8086 (http) with context path '/'
2026-02-12 01:05:42 [userService,/] INFO  o.s.b.w.e.tomcat.TomcatWebServer
                - Tomcat initialized with port 8090 (http)
2026-02-12 01:05:42 [userService,/] INFO  o.a.catalina.core.StandardService
                - Starting service [Tomcat]
2026-02-12 01:05:42 [userService,/] INFO  o.a.catalina.core.StandardEngine
                - Starting Servlet engine: [Apache Tomcat/10.1.46]
2026-02-12 01:05:42 [userService,/] INFO  o.a.c.c.C.[Tomcat-1].[localhost].[/]
                - Initializing Spring embedded WebApplicationContext
2026-02-12 01:05:42 [userService,/] INFO  o.s.b.w.s.c.ServletWebServerApplicationContext
                - Root WebApplicationContext: initialization completed in 158 ms
2026-02-12 01:05:42 [userService,/] INFO  o.s.b.a.e.web.EndpointLinksResolver
                - Exposing 16 endpoints beneath base path '/actuator'
2026-02-12 01:05:42 [userService,/] INFO  o.s.b.w.e.tomcat.TomcatWebServer
                - Tomcat started on port 8090 (http) with context path '/'
2026-02-12 01:05:42 [userService,/] INFO  o.g.u.UserManagementServiceApplication
                - Started UserManagementServiceApplication in 8.602 seconds (process running for 9.481)
2026-02-12 01:05:42 [userService,/] INFO  o.g.u.UserManagementServiceApplication
                - UserManagementServiceApplication booted up and running
2026-02-12 01:05:51 [userService,/] INFO  o.a.c.c.C.[Tomcat].[localhost].[/]
                - Initializing Spring DispatcherServlet 'dispatcherServlet'
2026-02-12 01:05:51 [userService,/] INFO  o.s.web.servlet.DispatcherServlet
                - Initializing Servlet 'dispatcherServlet'
2026-02-12 01:05:51 [userService,/] INFO  o.s.web.servlet.DispatcherServlet
                - Completed initialization in 7 ms
2026-02-12 01:05:51 [userService,/] INFO  o.g.u.s.i.CustomUserDetailsService
                - User   found username rahul123 , role s ize 1
2026-02-12 01:05:51 [userService,/] INFO  o.g.u.s.i.CustomUserDetailsService
                - User   found username rahul123 , role s ize 1
2026-02-12 01:05:51 [userService,/] INFO  o.g.usermgmt.resource.AuthController
                - Access from userService on port 8086 (instance: userService:4b7440c14501de6632b26c6325a9a30d)
2026-02-12 01:05:57 [userService,/] INFO  o.g.u.s.i.CustomUserDetailsService
                - User   found username rahul123 , role s ize 1
2026-02-12 01:05:58 [userService,/] INFO  o.g.u.s.i.CustomUserDetailsService
                - User   found username rahul123 , role s ize 1
2026-02-12 01:05:58 [userService,/] INFO  o.g.usermgmt.resource.AuthController
                - Access from userService on port 8086 (instance: userService:4b7440c14501de6632b26c6325a9a30d)
2026-02-12 01:06:06 [userService,/] INFO  o.g.u.s.i.CustomUserDetailsService
                - User   found username admin , role s ize 1
2026-02-12 01:06:06 [userService,/] INFO  o.g.u.s.i.CustomUserDetailsService
                - User   found username admin , role s ize 1
2026-02-12 01:06:06 [userService,/] INFO  o.g.usermgmt.resource.AuthController
                - Access from userService on port 8086 (instance: userService:4b7440c14501de6632b26c6325a9a30d)
2026-02-12 01:06:11 [userService,/] INFO  o.g.u.s.i.CustomUserDetailsService
                - User   found username admin , role s ize 1
2026-02-12 01:06:11 [userService,/] ERROR o.g.usermgmt.resource.AuthController
                - Invalid credentials: Bad credentials
2026-02-12 01:06:19 [userService,/] INFO  o.g.u.s.i.CustomUserDetailsService
                - User   found username newadmin , role s ize 1
2026-02-12 01:06:19 [userService,/] INFO  o.g.u.s.i.CustomUserDetailsService
                - User   found username newadmin , role s ize 1
2026-02-12 01:06:19 [userService,/] INFO  o.g.usermgmt.resource.AuthController
                - Access from userService on port 8086 (instance: userService:4b7440c14501de6632b26c6325a9a30d)
2026-02-12 01:06:57 [userService,/] INFO  o.g.u.s.i.CustomUserDetailsService
                - User   found username newadmin , role s ize 1
2026-02-12 01:06:57 [userService,/] INFO  org.genc.usermgmt.util.JwtUtil
                - isTokenExpired false 
2026-02-12 01:06:57 [userService,/] DEBUG o.g.u.filter.JwtAuthenticationFilter
                - Authenticated user: newadmin for request: /api/v1/userservice/cabinDetails
2026-02-12 01:06:57 [userService,/] INFO  o.g.u.s.i.CustomUserDetailsService
                - User   found username newadmin , role s ize 1
2026-02-12 01:06:57 [userService,/] INFO  org.genc.usermgmt.util.JwtUtil
                - isTokenExpired false 
2026-02-12 01:06:57 [userService,/] DEBUG o.g.u.filter.JwtAuthenticationFilter
                - Authenticated user: newadmin for request: /api/v1/userservice/cabinDetails
2026-02-12 01:07:11 [userService,/] INFO  o.g.u.s.i.CustomUserDetailsService
                - User   found username newadmin , role s ize 1
2026-02-12 01:07:12 [userService,/] INFO  o.g.u.s.i.CustomUserDetailsService
                - User   found username newadmin , role s ize 1
2026-02-12 01:07:12 [userService,/] INFO  o.g.usermgmt.resource.AuthController
                - Access from userService on port 8086 (instance: userService:4b7440c14501de6632b26c6325a9a30d)
2026-02-12 01:07:59 [userService,/] INFO  o.g.u.s.i.CustomUserDetailsService
                - User   found username rahul123 , role s ize 1
2026-02-12 01:07:59 [userService,/] INFO  o.g.u.s.i.CustomUserDetailsService
                - User   found username rahul123 , role s ize 1
2026-02-12 01:07:59 [userService,/] INFO  o.g.usermgmt.resource.AuthController
                - Access from userService on port 8086 (instance: userService:4b7440c14501de6632b26c6325a9a30d)
2026-02-12 01:08:28 [userService,/] INFO  o.g.u.s.i.CustomUserDetailsService
                - User   found username aatif12 , role s ize 0
2026-02-12 01:08:28 [userService,/] WARN  o.s.s.c.bcrypt.BCryptPasswordEncoder
                - Encoded password does not look like BCrypt
2026-02-12 01:08:28 [userService,/] ERROR o.g.usermgmt.resource.AuthController
                - Invalid credentials: Bad credentials
2026-02-12 01:08:38 [userService,/] INFO  o.g.u.s.i.CustomUserDetailsService
                - User   found username aatif12 , role s ize 0
2026-02-12 01:08:38 [userService,/] WARN  o.s.s.c.bcrypt.BCryptPasswordEncoder
                - Encoded password does not look like BCrypt
2026-02-12 01:08:38 [userService,/] ERROR o.g.usermgmt.resource.AuthController
                - Invalid credentials: Bad credentials
2026-02-12 09:34:56 [userService,/] INFO  o.g.u.UserManagementServiceApplication
                - Starting UserManagementServiceApplication using Java 25 with PID 27492 (C:\Users\2464280\gencWorkspaces\practiceWorkspace\cruisemate-registration\target\classes started by 2464280 in C:\Users\2464280\gencWorkspaces\practiceWorkspace\cruisemate-registration)
2026-02-12 09:34:56 [userService,/] DEBUG o.g.u.UserManagementServiceApplication
                - Running with Spring Boot v3.5.6, Spring v6.2.11
2026-02-12 09:34:56 [userService,/] INFO  o.g.u.UserManagementServiceApplication
                - The following 1 profile is active: "genc"
2026-02-12 09:34:58 [userService,/] INFO  o.s.d.r.c.RepositoryConfigurationDelegate
                - Bootstrapping Spring Data JPA repositories in DEFAULT mode.
2026-02-12 09:34:58 [userService,/] INFO  o.s.d.r.c.RepositoryConfigurationDelegate
                - Finished Spring Data repository scanning in 247 ms. Found 3 JPA repository interfaces.
2026-02-12 09:34:59 [userService,/] INFO  o.s.cloud.context.scope.GenericScope
                - BeanFactory id=487a5d5c-8985-303b-999d-7bf9e5754232
2026-02-12 09:34:59 [userService,/] INFO  o.s.b.w.e.tomcat.TomcatWebServer
                - Tomcat initialized with port 8086 (http)
2026-02-12 09:34:59 [userService,/] INFO  o.a.catalina.core.StandardService
                - Starting service [Tomcat]
2026-02-12 09:34:59 [userService,/] INFO  o.a.catalina.core.StandardEngine
                - Starting Servlet engine: [Apache Tomcat/10.1.46]
2026-02-12 09:34:59 [userService,/] INFO  o.a.c.c.C.[Tomcat].[localhost].[/]
                - Initializing Spring embedded WebApplicationContext
2026-02-12 09:34:59 [userService,/] INFO  o.s.b.w.s.c.ServletWebServerApplicationContext
                - Root WebApplicationContext: initialization completed in 2881 ms
2026-02-12 09:35:00 [userService,/] INFO  o.h.jpa.internal.util.LogHelper
                - HHH000204: Processing PersistenceUnitInfo [name: default]
2026-02-12 09:35:00 [userService,/] INFO  org.hibernate.Version
                - HHH000412: Hibernate ORM core version 6.6.29.Final
2026-02-12 09:35:00 [userService,/] INFO  o.h.c.i.RegionFactoryInitiator
                - HHH000026: Second-level cache disabled
2026-02-12 09:35:00 [userService,/] INFO  o.s.o.j.p.SpringPersistenceUnitInfo
                - No LoadTimeWeaver setup: ignoring JPA class transformer
2026-02-12 09:35:00 [userService,/] INFO  com.zaxxer.hikari.HikariDataSource
                - HikariPool-1 - Starting...
2026-02-12 09:35:00 [userService,/] INFO  com.zaxxer.hikari.pool.HikariPool
                - HikariPool-1 - Added connection com.mysql.cj.jdbc.ConnectionImpl@450f0d89
2026-02-12 09:35:00 [userService,/] INFO  com.zaxxer.hikari.HikariDataSource
                - HikariPool-1 - Start completed.
2026-02-12 09:35:00 [userService,/] WARN  org.hibernate.orm.deprecation
                - HHH90000025: MySQLDialect does not need to be specified explicitly using 'hibernate.dialect' (remove the property setting and it will be selected by default)
2026-02-12 09:35:00 [userService,/] INFO  o.hibernate.orm.connections.pooling
                - HHH10001005: Database info:
	Database JDBC URL [Connecting through datasource 'HikariDataSource (HikariPool-1)']
	Database driver: undefined/unknown
	Database version: 8.0.44
	Autocommit mode: undefined/unknown
	Isolation level: undefined/unknown
	Minimum pool size: undefined/unknown
	Maximum pool size: undefined/unknown
2026-02-12 09:35:02 [userService,/] INFO  o.h.e.t.j.p.i.JtaPlatformInitiator
                - HHH000489: No JTA platform available (set 'hibernate.transaction.jta.platform' to enable JTA platform integration)
2026-02-12 09:35:02 [userService,/] INFO  o.s.o.j.LocalContainerEntityManagerFactoryBean
                - Initialized JPA EntityManagerFactory for persistence unit 'default'
2026-02-12 09:35:02 [userService,/] DEBUG o.g.u.filter.JwtAuthenticationFilter
                - Filter 'jwtAuthenticationFilter' configured for use
2026-02-12 09:35:02 [userService,/] INFO  o.s.s.c.a.a.c.InitializeUserDetailsBeanManagerConfigurer$InitializeUserDetailsManagerConfigurer
                - Global AuthenticationManager configured with UserDetailsService bean with name customUserDetailsService
2026-02-12 09:35:03 [userService,/] WARN  o.s.b.a.o.j.JpaBaseConfiguration$JpaWebConfiguration
                - spring.jpa.open-in-view is enabled by default. Therefore, database queries may be performed during view rendering. Explicitly configure spring.jpa.open-in-view to disable this warning
2026-02-12 09:35:04 [userService,/] INFO  o.s.c.n.e.c.DiscoveryClientOptionalArgsConfiguration
                - Eureka HTTP Client uses RestTemplate.
2026-02-12 09:35:04 [userService,/] WARN  o.s.c.l.c.LoadBalancerCacheAutoConfiguration$LoadBalancerCaffeineWarnLogger
                - Spring Cloud LoadBalancer is currently working with the default cache. While this cache implementation is useful for development and tests, it's recommended to use Caffeine cache in production.You can switch to using Caffeine cache, by adding it and org.springframework.cache.caffeine.CaffeineCacheManager to the classpath.
2026-02-12 09:35:04 [userService,/] INFO  o.s.b.w.e.tomcat.TomcatWebServer
                - Tomcat started on port 8086 (http) with context path '/'
2026-02-12 09:35:04 [userService,/] INFO  o.s.b.w.e.tomcat.TomcatWebServer
                - Tomcat initialized with port 8090 (http)
2026-02-12 09:35:04 [userService,/] INFO  o.a.catalina.core.StandardService
                - Starting service [Tomcat]
2026-02-12 09:35:04 [userService,/] INFO  o.a.catalina.core.StandardEngine
                - Starting Servlet engine: [Apache Tomcat/10.1.46]
2026-02-12 09:35:04 [userService,/] INFO  o.a.c.c.C.[Tomcat-1].[localhost].[/]
                - Initializing Spring embedded WebApplicationContext
2026-02-12 09:35:04 [userService,/] INFO  o.s.b.w.s.c.ServletWebServerApplicationContext
                - Root WebApplicationContext: initialization completed in 130 ms
2026-02-12 09:35:04 [userService,/] INFO  o.s.b.a.e.web.EndpointLinksResolver
                - Exposing 16 endpoints beneath base path '/actuator'
2026-02-12 09:35:04 [userService,/] INFO  o.s.b.w.e.tomcat.TomcatWebServer
                - Tomcat started on port 8090 (http) with context path '/'
2026-02-12 09:35:04 [userService,/] INFO  o.g.u.UserManagementServiceApplication
                - Started UserManagementServiceApplication in 8.443 seconds (process running for 9.411)
2026-02-12 09:35:04 [userService,/] INFO  o.g.u.UserManagementServiceApplication
                - UserManagementServiceApplication booted up and running
2026-02-12 09:37:39 [userService,/] INFO  o.a.c.c.C.[Tomcat].[localhost].[/]
                - Initializing Spring DispatcherServlet 'dispatcherServlet'
2026-02-12 09:37:39 [userService,/] INFO  o.s.web.servlet.DispatcherServlet
                - Initializing Servlet 'dispatcherServlet'
2026-02-12 09:37:39 [userService,/] INFO  o.s.web.servlet.DispatcherServlet
                - Completed initialization in 0 ms
2026-02-12 09:37:39 [userService,/] DEBUG o.g.u.filter.JwtAuthenticationFilter
                - No Authorization header or invalid format for request: /api/v1/login
2026-02-12 09:37:39 [userService,/] ERROR o.g.u.s.CustomAuthenticationEntryPoint
                - Authentication failure: Full authentication is required to access this resource 
2026-02-12 09:37:39 [userService,/] DEBUG o.g.u.filter.JwtAuthenticationFilter
                - No Authorization header or invalid format for request: /favicon.ico
2026-02-12 09:37:39 [userService,/] ERROR o.g.u.s.CustomAuthenticationEntryPoint
                - Authentication failure: Full authentication is required to access this resource 
2026-02-12 10:02:40 [userService,/] WARN  com.zaxxer.hikari.pool.HikariPool
                - HikariPool-1 - Thread starvation or clock leap detected (housekeeper delta=10m8s965ms275µs900ns).
2026-02-12 10:09:41 [userService,/] WARN  com.zaxxer.hikari.pool.HikariPool
                - HikariPool-1 - Thread starvation or clock leap detected (housekeeper delta=3m30s873ms498µs900ns).
2026-02-12 10:27:48 [userService,/] WARN  com.zaxxer.hikari.pool.HikariPool
                - HikariPool-1 - Thread starvation or clock leap detected (housekeeper delta=15m6s968ms228µs100ns).
2026-02-12 10:37:48 [userService,/] WARN  com.zaxxer.hikari.pool.HikariPool
                - HikariPool-1 - Thread starvation or clock leap detected (housekeeper delta=7m579ms838µs800ns).
2026-02-12 11:04:24 [userService,/] WARN  com.zaxxer.hikari.pool.HikariPool
                - HikariPool-1 - Thread starvation or clock leap detected (housekeeper delta=23m35s428ms937µs400ns).
2026-02-12 11:19:26 [userService,/] WARN  com.zaxxer.hikari.pool.HikariPool
                - HikariPool-1 - Thread starvation or clock leap detected (housekeeper delta=15m2s279ms683µs200ns).
2026-02-12 11:25:40 [userService,/] INFO  o.g.u.s.i.CustomUserDetailsService
                - User   found username aatif12 , role s ize 0
2026-02-12 11:25:40 [userService,/] WARN  o.s.s.c.bcrypt.BCryptPasswordEncoder
                - Encoded password does not look like BCrypt
2026-02-12 11:25:40 [userService,/] ERROR o.g.usermgmt.resource.AuthController
                - Invalid credentials: Bad credentials
2026-02-12 11:25:53 [userService,/] INFO  o.g.u.s.i.CustomUserDetailsService
                - User   found username admin , role s ize 1
2026-02-12 11:25:53 [userService,/] INFO  o.g.u.s.i.CustomUserDetailsService
                - User   found username admin , role s ize 1
2026-02-12 11:25:53 [userService,/] INFO  o.g.usermgmt.resource.AuthController
                - Access from userService on port 8086 (instance: userService:eb7245fb6f69fc361dd2a7cced386392)
2026-02-12 11:25:55 [userService,/] INFO  o.g.u.s.i.CustomUserDetailsService
                - User   found username admin , role s ize 1
2026-02-12 11:25:56 [userService,/] INFO  o.g.u.s.i.CustomUserDetailsService
                - User   found username admin , role s ize 1
2026-02-12 11:25:56 [userService,/] INFO  o.g.usermgmt.resource.AuthController
                - Access from userService on port 8086 (instance: userService:eb7245fb6f69fc361dd2a7cced386392)
2026-02-12 11:25:59 [userService,/] INFO  o.g.u.s.i.CustomUserDetailsService
                - User   found username admin , role s ize 1
2026-02-12 11:25:59 [userService,/] INFO  org.genc.usermgmt.util.JwtUtil
                - isTokenExpired false 
2026-02-12 11:25:59 [userService,/] DEBUG o.g.u.filter.JwtAuthenticationFilter
                - Authenticated user: admin for request: /api/v1/userservice/cabinDetails
2026-02-12 11:25:59 [userService,/] INFO  o.g.u.s.i.CustomUserDetailsService
                - User   found username admin , role s ize 1
2026-02-12 11:25:59 [userService,/] INFO  org.genc.usermgmt.util.JwtUtil
                - isTokenExpired false 
2026-02-12 11:25:59 [userService,/] DEBUG o.g.u.filter.JwtAuthenticationFilter
                - Authenticated user: admin for request: /api/v1/userservice/cabinDetails
2026-02-12 11:26:29 [userService,/] ERROR o.g.usermgmt.resource.AuthController
                - Invalid credentials: Bad credentials
2026-02-12 11:26:54 [userService,/] INFO  o.g.u.s.i.CustomUserDetailsService
                - User   found username kittu123 , role s ize 1
2026-02-12 11:26:54 [userService,/] INFO  o.g.u.s.i.CustomUserDetailsService
                - User   found username kittu123 , role s ize 1
2026-02-12 11:26:54 [userService,/] INFO  o.g.usermgmt.resource.AuthController
                - Access from userService on port 8086 (instance: userService:eb7245fb6f69fc361dd2a7cced386392)
2026-02-12 11:26:56 [userService,/] INFO  o.g.u.s.i.CustomUserDetailsService
                - User   found username kittu123 , role s ize 1
2026-02-12 11:26:56 [userService,/] INFO  org.genc.usermgmt.util.JwtUtil
                - isTokenExpired false 
2026-02-12 11:26:56 [userService,/] DEBUG o.g.u.filter.JwtAuthenticationFilter
                - Authenticated user: kittu123 for request: /api/v1/userservice/cabinDetails
2026-02-12 11:26:56 [userService,/] INFO  o.g.u.s.i.CustomUserDetailsService
                - User   found username kittu123 , role s ize 1
2026-02-12 11:26:56 [userService,/] INFO  org.genc.usermgmt.util.JwtUtil
                - isTokenExpired false 
2026-02-12 11:26:56 [userService,/] DEBUG o.g.u.filter.JwtAuthenticationFilter
                - Authenticated user: kittu123 for request: /api/v1/userservice/cabinDetails
2026-02-12 11:27:52 [userService,/] INFO  o.g.u.s.i.CustomUserDetailsService
                - User   found username kittu123 , role s ize 1
2026-02-12 11:27:53 [userService,/] INFO  o.g.u.s.i.CustomUserDetailsService
                - User   found username kittu123 , role s ize 1
2026-02-12 11:27:53 [userService,/] INFO  o.g.usermgmt.resource.AuthController
                - Access from userService on port 8086 (instance: userService:eb7245fb6f69fc361dd2a7cced386392)
2026-02-12 11:27:56 [userService,/] ERROR o.g.u.s.CustomAuthenticationEntryPoint
                - Authentication failure: Full authentication is required to access this resource 
2026-02-12 11:27:56 [userService,/] DEBUG o.g.u.filter.JwtAuthenticationFilter
                - No Authorization header or invalid format for request: /favicon.ico
2026-02-12 11:27:56 [userService,/] ERROR o.g.u.s.CustomAuthenticationEntryPoint
                - Authentication failure: Full authentication is required to access this resource 
2026-02-12 11:28:22 [userService,/] INFO  o.g.u.s.i.CustomUserDetailsService
                - User   found username kittu123 , role s ize 1
2026-02-12 11:28:22 [userService,/] INFO  org.genc.usermgmt.util.JwtUtil
                - isTokenExpired false 
2026-02-12 11:28:22 [userService,/] DEBUG o.g.u.filter.JwtAuthenticationFilter
                - Authenticated user: kittu123 for request: /api/v1/userservice/cabinDetails
2026-02-12 11:28:22 [userService,/] INFO  o.g.u.s.i.CustomUserDetailsService
                - User   found username kittu123 , role s ize 1
2026-02-12 11:28:22 [userService,/] INFO  org.genc.usermgmt.util.JwtUtil
                - isTokenExpired false 
2026-02-12 11:28:22 [userService,/] DEBUG o.g.u.filter.JwtAuthenticationFilter
                - Authenticated user: kittu123 for request: /api/v1/userservice/cabinDetails
2026-02-12 11:32:05 [userService,/] INFO  o.g.u.s.i.CustomUserDetailsService
                - User   found username newadmin , role s ize 1
2026-02-12 11:32:05 [userService,/] INFO  o.g.u.s.i.CustomUserDetailsService
                - User   found username newadmin , role s ize 1
2026-02-12 11:32:05 [userService,/] INFO  o.g.usermgmt.resource.AuthController
                - Access from userService on port 8086 (instance: userService:eb7245fb6f69fc361dd2a7cced386392)
2026-02-12 11:34:51 [userService,/] INFO  o.g.u.s.i.CustomUserDetailsService
                - User   found username admin , role s ize 1
2026-02-12 11:34:52 [userService,/] INFO  o.g.u.s.i.CustomUserDetailsService
                - User   found username admin , role s ize 1
2026-02-12 11:34:52 [userService,/] INFO  o.g.usermgmt.resource.AuthController
                - Access from userService on port 8086 (instance: userService:eb7245fb6f69fc361dd2a7cced386392)
2026-02-12 11:35:00 [userService,/] INFO  o.g.u.s.i.CustomUserDetailsService
                - User   found username admin , role s ize 1
2026-02-12 11:35:00 [userService,/] INFO  o.g.u.s.i.CustomUserDetailsService
                - User   found username admin , role s ize 1
2026-02-12 11:35:00 [userService,/] INFO  o.g.usermgmt.resource.AuthController
                - Access from userService on port 8086 (instance: userService:eb7245fb6f69fc361dd2a7cced386392)
2026-02-12 11:35:08 [userService,/] INFO  o.g.u.s.i.CustomUserDetailsService
                - User   found username admin , role s ize 1
2026-02-12 11:35:08 [userService,/] INFO  o.g.u.s.i.CustomUserDetailsService
                - User   found username admin , role s ize 1
2026-02-12 11:35:08 [userService,/] INFO  o.g.usermgmt.resource.AuthController
                - Access from userService on port 8086 (instance: userService:eb7245fb6f69fc361dd2a7cced386392)
2026-02-12 11:35:13 [userService,/] INFO  o.g.u.s.i.CustomUserDetailsService
                - User   found username admin , role s ize 1
2026-02-12 11:35:13 [userService,/] INFO  o.g.u.s.i.CustomUserDetailsService
                - User   found username admin , role s ize 1
2026-02-12 11:35:13 [userService,/] INFO  o.g.usermgmt.resource.AuthController
                - Access from userService on port 8086 (instance: userService:eb7245fb6f69fc361dd2a7cced386392)
2026-02-12 11:35:13 [userService,/] INFO  o.g.u.s.i.CustomUserDetailsService
                - User   found username admin , role s ize 1
2026-02-12 11:35:13 [userService,/] INFO  o.g.u.s.i.CustomUserDetailsService
                - User   found username admin , role s ize 1
2026-02-12 11:35:13 [userService,/] INFO  o.g.usermgmt.resource.AuthController
                - Access from userService on port 8086 (instance: userService:eb7245fb6f69fc361dd2a7cced386392)
2026-02-12 11:35:14 [userService,/] INFO  o.g.u.s.i.CustomUserDetailsService
                - User   found username admin , role s ize 1
2026-02-12 11:35:14 [userService,/] INFO  o.g.u.s.i.CustomUserDetailsService
                - User   found username admin , role s ize 1
2026-02-12 11:35:14 [userService,/] INFO  o.g.usermgmt.resource.AuthController
                - Access from userService on port 8086 (instance: userService:eb7245fb6f69fc361dd2a7cced386392)
2026-02-12 11:35:14 [userService,/] INFO  o.g.u.s.i.CustomUserDetailsService
                - User   found username admin , role s ize 1
2026-02-12 11:35:14 [userService,/] INFO  o.g.u.s.i.CustomUserDetailsService
                - User   found username admin , role s ize 1
2026-02-12 11:35:14 [userService,/] INFO  o.g.usermgmt.resource.AuthController
                - Access from userService on port 8086 (instance: userService:eb7245fb6f69fc361dd2a7cced386392)
2026-02-12 11:35:33 [userService,/] INFO  o.g.u.s.i.CustomUserDetailsService
                - User   found username admin , role s ize 1
2026-02-12 11:35:33 [userService,/] INFO  o.g.u.s.i.CustomUserDetailsService
                - User   found username admin , role s ize 1
2026-02-12 11:35:33 [userService,/] INFO  o.g.usermgmt.resource.AuthController
                - Access from userService on port 8086 (instance: userService:eb7245fb6f69fc361dd2a7cced386392)
2026-02-12 11:36:26 [userService,/] INFO  o.g.u.s.i.CustomUserDetailsService
                - User   found username admin , role s ize 1
2026-02-12 11:36:26 [userService,/] INFO  o.g.u.s.i.CustomUserDetailsService
                - User   found username admin , role s ize 1
2026-02-12 11:36:26 [userService,/] INFO  o.g.usermgmt.resource.AuthController
                - Access from userService on port 8086 (instance: userService:eb7245fb6f69fc361dd2a7cced386392)
2026-02-12 11:36:31 [userService,/] INFO  o.g.u.s.i.CustomUserDetailsService
                - User   found username admin , role s ize 1
2026-02-12 11:36:31 [userService,/] INFO  o.g.u.s.i.CustomUserDetailsService
                - User   found username admin , role s ize 1
2026-02-12 11:36:31 [userService,/] INFO  o.g.usermgmt.resource.AuthController
                - Access from userService on port 8086 (instance: userService:eb7245fb6f69fc361dd2a7cced386392)
2026-02-12 11:37:25 [userService,/] INFO  o.g.u.s.i.CustomUserDetailsService
                - User   found username admin , role s ize 1
2026-02-12 11:37:25 [userService,/] INFO  o.g.u.s.i.CustomUserDetailsService
                - User   found username admin , role s ize 1
2026-02-12 11:37:25 [userService,/] INFO  o.g.usermgmt.resource.AuthController
                - Access from userService on port 8086 (instance: userService:eb7245fb6f69fc361dd2a7cced386392)
2026-02-12 11:44:57 [userService,/] INFO  o.g.u.s.i.CustomUserDetailsService
                - User   found username admin , role s ize 1
2026-02-12 11:44:57 [userService,/] INFO  o.g.u.s.i.CustomUserDetailsService
                - User   found username admin , role s ize 1
2026-02-12 11:44:57 [userService,/] INFO  o.g.usermgmt.resource.AuthController
                - Access from userService on port 8086 (instance: userService:eb7245fb6f69fc361dd2a7cced386392)
2026-02-12 11:45:00 [userService,/] ERROR o.g.u.s.CustomAuthenticationEntryPoint
                - Authentication failure: Full authentication is required to access this resource 
2026-02-12 11:45:00 [userService,/] DEBUG o.g.u.filter.JwtAuthenticationFilter
                - No Authorization header or invalid format for request: /favicon.ico
2026-02-12 11:45:00 [userService,/] ERROR o.g.u.s.CustomAuthenticationEntryPoint
                - Authentication failure: Full authentication is required to access this resource 
2026-02-12 11:57:22 [userService,/] WARN  com.zaxxer.hikari.pool.HikariPool
                - HikariPool-1 - Thread starvation or clock leap detected (housekeeper delta=2m25s594ms572µs500ns).
2026-02-12 12:04:36 [userService,/] WARN  com.zaxxer.hikari.pool.HikariPool
                - HikariPool-1 - Thread starvation or clock leap detected (housekeeper delta=4m13s405ms524µs800ns).
2026-02-12 13:30:26 [userService,/] WARN  com.zaxxer.hikari.pool.HikariPool
                - HikariPool-1 - Thread starvation or clock leap detected (housekeeper delta=24m49s363ms126µs900ns).
2026-02-12 15:14:06 [userService,/] WARN  com.zaxxer.hikari.pool.HikariPool
                - HikariPool-1 - Thread starvation or clock leap detected (housekeeper delta=1h43m43s241ms556µs800ns).
2026-02-12 16:41:30 [userService,/] WARN  com.zaxxer.hikari.pool.HikariPool
                - HikariPool-1 - Thread starvation or clock leap detected (housekeeper delta=44m21s955ms507µs400ns).
2026-02-12 16:43:24 [userService,/] INFO  o.g.u.s.i.CustomUserDetailsService
                - User   found username admin , role s ize 1
2026-02-12 16:43:25 [userService,/] INFO  o.g.u.s.i.CustomUserDetailsService
                - User   found username admin , role s ize 1
2026-02-12 16:43:25 [userService,/] INFO  o.g.usermgmt.resource.AuthController
                - Access from userService on port 8086 (instance: userService:eb7245fb6f69fc361dd2a7cced386392)
2026-02-12 16:43:27 [userService,/] ERROR o.g.u.s.CustomAuthenticationEntryPoint
                - Authentication failure: Full authentication is required to access this resource 
2026-02-12 16:43:27 [userService,/] DEBUG o.g.u.filter.JwtAuthenticationFilter
                - No Authorization header or invalid format for request: /favicon.ico
2026-02-12 16:43:27 [userService,/] ERROR o.g.u.s.CustomAuthenticationEntryPoint
                - Authentication failure: Full authentication is required to access this resource 
2026-02-12 16:44:00 [userService,/] INFO  o.g.u.s.i.CustomUserDetailsService
                - User   found username admin , role s ize 1
2026-02-12 16:44:00 [userService,/] INFO  o.g.u.s.i.CustomUserDetailsService
                - User   found username admin , role s ize 1
2026-02-12 16:44:00 [userService,/] INFO  o.g.usermgmt.resource.AuthController
                - Access from userService on port 8086 (instance: userService:eb7245fb6f69fc361dd2a7cced386392)
2026-02-12 16:45:24 [userService,/] INFO  o.g.u.s.i.CustomUserDetailsService
                - User   found username admin , role s ize 1
2026-02-12 16:45:24 [userService,/] INFO  o.g.u.s.i.CustomUserDetailsService
                - User   found username admin , role s ize 1
2026-02-12 16:45:24 [userService,/] INFO  o.g.usermgmt.resource.AuthController
                - Access from userService on port 8086 (instance: userService:eb7245fb6f69fc361dd2a7cced386392)
2026-02-12 16:45:26 [userService,/] INFO  o.g.u.s.i.CustomUserDetailsService
                - User   found username admin , role s ize 1
2026-02-12 16:45:26 [userService,/] INFO  o.g.u.s.i.CustomUserDetailsService
                - User   found username admin , role s ize 1
2026-02-12 16:45:26 [userService,/] INFO  o.g.usermgmt.resource.AuthController
                - Access from userService on port 8086 (instance: userService:eb7245fb6f69fc361dd2a7cced386392)
2026-02-12 16:46:25 [userService,/] INFO  o.g.u.s.i.CustomUserDetailsService
                - User   found username admin , role s ize 1
2026-02-12 16:46:25 [userService,/] INFO  o.g.u.s.i.CustomUserDetailsService
                - User   found username admin , role s ize 1
2026-02-12 16:46:25 [userService,/] INFO  o.g.usermgmt.resource.AuthController
                - Access from userService on port 8086 (instance: userService:eb7245fb6f69fc361dd2a7cced386392)
2026-02-12 16:47:48 [userService,/] INFO  o.g.u.s.i.CustomUserDetailsService
                - User   found username admin , role s ize 1
2026-02-12 16:47:48 [userService,/] INFO  o.g.u.s.i.CustomUserDetailsService
                - User   found username admin , role s ize 1
2026-02-12 16:47:48 [userService,/] INFO  o.g.usermgmt.resource.AuthController
                - Access from userService on port 8086 (instance: userService:eb7245fb6f69fc361dd2a7cced386392)
2026-02-12 16:48:12 [userService,/] INFO  o.g.u.s.i.CustomUserDetailsService
                - User   found username admin , role s ize 1
2026-02-12 16:48:12 [userService,/] INFO  o.g.u.s.i.CustomUserDetailsService
                - User   found username admin , role s ize 1
2026-02-12 16:48:12 [userService,/] INFO  o.g.usermgmt.resource.AuthController
                - Access from userService on port 8086 (instance: userService:eb7245fb6f69fc361dd2a7cced386392)
2026-02-12 16:48:30 [userService,/] INFO  o.g.u.s.i.CustomUserDetailsService
                - User   found username admin , role s ize 1
2026-02-12 16:48:30 [userService,/] INFO  o.g.u.s.i.CustomUserDetailsService
                - User   found username admin , role s ize 1
2026-02-12 16:48:30 [userService,/] INFO  o.g.usermgmt.resource.AuthController
                - Access from userService on port 8086 (instance: userService:eb7245fb6f69fc361dd2a7cced386392)
2026-02-12 16:48:34 [userService,/] INFO  o.g.u.s.i.CustomUserDetailsService
                - User   found username admin , role s ize 1
2026-02-12 16:48:34 [userService,/] INFO  o.g.u.s.i.CustomUserDetailsService
                - User   found username admin , role s ize 1
2026-02-12 16:48:34 [userService,/] INFO  o.g.usermgmt.resource.AuthController
                - Access from userService on port 8086 (instance: userService:eb7245fb6f69fc361dd2a7cced386392)
2026-02-12 16:50:26 [userService,/] INFO  o.g.u.s.i.CustomUserDetailsService
                - User   found username admin , role s ize 1
2026-02-12 16:50:26 [userService,/] INFO  o.g.u.s.i.CustomUserDetailsService
                - User   found username admin , role s ize 1
2026-02-12 16:50:26 [userService,/] INFO  o.g.usermgmt.resource.AuthController
                - Access from userService on port 8086 (instance: userService:eb7245fb6f69fc361dd2a7cced386392)
2026-02-12 16:50:39 [userService,/] INFO  o.g.u.s.i.CustomUserDetailsService
                - User   found username admin , role s ize 1
2026-02-12 16:50:39 [userService,/] INFO  o.g.u.s.i.CustomUserDetailsService
                - User   found username admin , role s ize 1
2026-02-12 16:50:39 [userService,/] INFO  o.g.usermgmt.resource.AuthController
                - Access from userService on port 8086 (instance: userService:eb7245fb6f69fc361dd2a7cced386392)
2026-02-12 16:50:39 [userService,/] INFO  o.g.u.s.i.CustomUserDetailsService
                - User   found username admin , role s ize 1
2026-02-12 16:50:39 [userService,/] INFO  org.genc.usermgmt.util.JwtUtil
                - isTokenExpired false 
2026-02-12 16:50:39 [userService,/] INFO  o.g.u.s.i.CustomUserDetailsService
                - User   found username admin , role s ize 1
2026-02-12 16:50:39 [userService,/] DEBUG o.g.u.filter.JwtAuthenticationFilter
                - Authenticated user: admin for request: /api/v1/userservice/occupancy
2026-02-12 16:50:39 [userService,/] INFO  org.genc.usermgmt.util.JwtUtil
                - isTokenExpired false 
2026-02-12 16:50:39 [userService,/] DEBUG o.g.u.filter.JwtAuthenticationFilter
                - Authenticated user: admin for request: /api/v1/userservice/stats
2026-02-12 16:50:39 [userService,/] INFO  o.g.u.s.i.CustomUserDetailsService
                - User   found username admin , role s ize 1
2026-02-12 16:50:39 [userService,/] INFO  org.genc.usermgmt.util.JwtUtil
                - isTokenExpired false 
2026-02-12 16:50:39 [userService,/] DEBUG o.g.u.filter.JwtAuthenticationFilter
                - Authenticated user: admin for request: /api/v1/userservice/revenue
2026-02-12 16:50:39 [userService,/] INFO  o.g.u.s.i.CustomUserDetailsService
                - User   found username admin , role s ize 1
2026-02-12 16:50:39 [userService,/] INFO  o.g.u.s.i.CustomUserDetailsService
                - User   found username admin , role s ize 1
2026-02-12 16:50:39 [userService,/] INFO  o.g.u.s.i.CustomUserDetailsService
                - User   found username admin , role s ize 1
2026-02-12 16:50:39 [userService,/] INFO  org.genc.usermgmt.util.JwtUtil
                - isTokenExpired false 
2026-02-12 16:50:39 [userService,/] INFO  org.genc.usermgmt.util.JwtUtil
                - isTokenExpired false 
2026-02-12 16:50:39 [userService,/] INFO  org.genc.usermgmt.util.JwtUtil
                - isTokenExpired false 
2026-02-12 16:50:39 [userService,/] DEBUG o.g.u.filter.JwtAuthenticationFilter
                - Authenticated user: admin for request: /api/v1/userservice/stats
2026-02-12 16:50:39 [userService,/] DEBUG o.g.u.filter.JwtAuthenticationFilter
                - Authenticated user: admin for request: /api/v1/userservice/occupancy
2026-02-12 16:50:39 [userService,/] DEBUG o.g.u.filter.JwtAuthenticationFilter
                - Authenticated user: admin for request: /api/v1/userservice/revenue
2026-02-12 16:52:08 [userService,/] INFO  o.g.u.s.i.CustomUserDetailsService
                - User   found username raj12 , role s ize 0
2026-02-12 16:52:08 [userService,/] WARN  o.s.s.c.bcrypt.BCryptPasswordEncoder
                - Encoded password does not look like BCrypt
2026-02-12 16:52:08 [userService,/] ERROR o.g.usermgmt.resource.AuthController
                - Invalid credentials: Bad credentials
2026-02-12 16:54:12 [userService,/] INFO  o.g.u.s.i.CustomUserDetailsService
                - User   found username raj12 , role s ize 0
2026-02-12 16:54:12 [userService,/] WARN  o.s.s.c.bcrypt.BCryptPasswordEncoder
                - Encoded password does not look like BCrypt
2026-02-12 16:54:12 [userService,/] ERROR o.g.usermgmt.resource.AuthController
                - Invalid credentials: Bad credentials
2026-02-12 16:54:19 [userService,/] INFO  o.s.b.w.e.tomcat.GracefulShutdown
                - Commencing graceful shutdown. Waiting for active requests to complete
2026-02-12 16:54:19 [userService,/] INFO  o.s.b.w.e.tomcat.GracefulShutdown
                - Graceful shutdown complete
2026-02-12 16:54:19 [userService,/] INFO  o.s.b.w.e.tomcat.GracefulShutdown
                - Commencing graceful shutdown. Waiting for active requests to complete
2026-02-12 16:54:19 [userService,/] INFO  o.s.b.w.e.tomcat.GracefulShutdown
                - Graceful shutdown complete
2026-02-12 16:54:19 [userService,/] INFO  o.s.o.j.LocalContainerEntityManagerFactoryBean
                - Closing JPA EntityManagerFactory for persistence unit 'default'
2026-02-12 16:54:19 [userService,/] INFO  com.zaxxer.hikari.HikariDataSource
                - HikariPool-1 - Shutdown initiated...
2026-02-12 16:54:19 [userService,/] INFO  com.zaxxer.hikari.HikariDataSource
                - HikariPool-1 - Shutdown completed.
2026-02-12 16:54:22 [userService,/] INFO  o.g.u.UserManagementServiceApplication
                - Starting UserManagementServiceApplication using Java 25 with PID 20976 (C:\Users\2464280\gencWorkspaces\practiceWorkspace\cruisemate-registration\target\classes started by 2464280 in C:\Users\2464280\gencWorkspaces\practiceWorkspace\cruisemate-registration)
2026-02-12 16:54:22 [userService,/] DEBUG o.g.u.UserManagementServiceApplication
                - Running with Spring Boot v3.5.6, Spring v6.2.11
2026-02-12 16:54:22 [userService,/] INFO  o.g.u.UserManagementServiceApplication
                - The following 1 profile is active: "genc"
2026-02-12 16:54:23 [userService,/] INFO  o.s.d.r.c.RepositoryConfigurationDelegate
                - Bootstrapping Spring Data JPA repositories in DEFAULT mode.
2026-02-12 16:54:23 [userService,/] INFO  o.s.d.r.c.RepositoryConfigurationDelegate
                - Finished Spring Data repository scanning in 154 ms. Found 3 JPA repository interfaces.
2026-02-12 16:54:24 [userService,/] INFO  o.s.cloud.context.scope.GenericScope
                - BeanFactory id=487a5d5c-8985-303b-999d-7bf9e5754232
2026-02-12 16:54:24 [userService,/] INFO  o.s.b.w.e.tomcat.TomcatWebServer
                - Tomcat initialized with port 8086 (http)
2026-02-12 16:54:24 [userService,/] INFO  o.a.catalina.core.StandardService
                - Starting service [Tomcat]
2026-02-12 16:54:24 [userService,/] INFO  o.a.catalina.core.StandardEngine
                - Starting Servlet engine: [Apache Tomcat/10.1.46]
2026-02-12 16:54:24 [userService,/] INFO  o.a.c.c.C.[Tomcat].[localhost].[/]
                - Initializing Spring embedded WebApplicationContext
2026-02-12 16:54:24 [userService,/] INFO  o.s.b.w.s.c.ServletWebServerApplicationContext
                - Root WebApplicationContext: initialization completed in 2068 ms
2026-02-12 16:54:24 [userService,/] INFO  o.h.jpa.internal.util.LogHelper
                - HHH000204: Processing PersistenceUnitInfo [name: default]
2026-02-12 16:54:25 [userService,/] INFO  org.hibernate.Version
                - HHH000412: Hibernate ORM core version 6.6.29.Final
2026-02-12 16:54:25 [userService,/] INFO  o.h.c.i.RegionFactoryInitiator
                - HHH000026: Second-level cache disabled
2026-02-12 16:54:25 [userService,/] INFO  o.s.o.j.p.SpringPersistenceUnitInfo
                - No LoadTimeWeaver setup: ignoring JPA class transformer
2026-02-12 16:54:25 [userService,/] INFO  com.zaxxer.hikari.HikariDataSource
                - HikariPool-1 - Starting...
2026-02-12 16:54:25 [userService,/] INFO  com.zaxxer.hikari.pool.HikariPool
                - HikariPool-1 - Added connection com.mysql.cj.jdbc.ConnectionImpl@4e26c308
2026-02-12 16:54:25 [userService,/] INFO  com.zaxxer.hikari.HikariDataSource
                - HikariPool-1 - Start completed.
2026-02-12 16:54:25 [userService,/] WARN  org.hibernate.orm.deprecation
                - HHH90000025: MySQLDialect does not need to be specified explicitly using 'hibernate.dialect' (remove the property setting and it will be selected by default)
2026-02-12 16:54:25 [userService,/] INFO  o.hibernate.orm.connections.pooling
                - HHH10001005: Database info:
	Database JDBC URL [Connecting through datasource 'HikariDataSource (HikariPool-1)']
	Database driver: undefined/unknown
	Database version: 8.0.44
	Autocommit mode: undefined/unknown
	Isolation level: undefined/unknown
	Minimum pool size: undefined/unknown
	Maximum pool size: undefined/unknown
2026-02-12 16:54:26 [userService,/] INFO  o.h.e.t.j.p.i.JtaPlatformInitiator
                - HHH000489: No JTA platform available (set 'hibernate.transaction.jta.platform' to enable JTA platform integration)
2026-02-12 16:54:26 [userService,/] INFO  o.s.o.j.LocalContainerEntityManagerFactoryBean
                - Initialized JPA EntityManagerFactory for persistence unit 'default'
2026-02-12 16:54:26 [userService,/] DEBUG o.g.u.filter.JwtAuthenticationFilter
                - Filter 'jwtAuthenticationFilter' configured for use
2026-02-12 16:54:27 [userService,/] INFO  o.s.s.c.a.a.c.InitializeUserDetailsBeanManagerConfigurer$InitializeUserDetailsManagerConfigurer
                - Global AuthenticationManager configured with UserDetailsService bean with name customUserDetailsService
2026-02-12 16:54:27 [userService,/] WARN  o.s.b.a.o.j.JpaBaseConfiguration$JpaWebConfiguration
                - spring.jpa.open-in-view is enabled by default. Therefore, database queries may be performed during view rendering. Explicitly configure spring.jpa.open-in-view to disable this warning
2026-02-12 16:54:27 [userService,/] INFO  o.s.c.n.e.c.DiscoveryClientOptionalArgsConfiguration
                - Eureka HTTP Client uses RestTemplate.
2026-02-12 16:54:27 [userService,/] WARN  o.s.c.l.c.LoadBalancerCacheAutoConfiguration$LoadBalancerCaffeineWarnLogger
                - Spring Cloud LoadBalancer is currently working with the default cache. While this cache implementation is useful for development and tests, it's recommended to use Caffeine cache in production.You can switch to using Caffeine cache, by adding it and org.springframework.cache.caffeine.CaffeineCacheManager to the classpath.
2026-02-12 16:54:28 [userService,/] INFO  o.s.b.w.e.tomcat.TomcatWebServer
                - Tomcat started on port 8086 (http) with context path '/'
2026-02-12 16:54:28 [userService,/] INFO  o.s.b.w.e.tomcat.TomcatWebServer
                - Tomcat initialized with port 8090 (http)
2026-02-12 16:54:28 [userService,/] INFO  o.a.catalina.core.StandardService
                - Starting service [Tomcat]
2026-02-12 16:54:28 [userService,/] INFO  o.a.catalina.core.StandardEngine
                - Starting Servlet engine: [Apache Tomcat/10.1.46]
2026-02-12 16:54:28 [userService,/] INFO  o.a.c.c.C.[Tomcat-1].[localhost].[/]
                - Initializing Spring embedded WebApplicationContext
2026-02-12 16:54:28 [userService,/] INFO  o.s.b.w.s.c.ServletWebServerApplicationContext
                - Root WebApplicationContext: initialization completed in 86 ms
2026-02-12 16:54:28 [userService,/] INFO  o.s.b.a.e.web.EndpointLinksResolver
                - Exposing 16 endpoints beneath base path '/actuator'
2026-02-12 16:54:28 [userService,/] INFO  o.s.b.w.e.tomcat.TomcatWebServer
                - Tomcat started on port 8090 (http) with context path '/'
2026-02-12 16:54:28 [userService,/] INFO  o.g.u.UserManagementServiceApplication
                - Started UserManagementServiceApplication in 6.155 seconds (process running for 6.84)
2026-02-12 16:54:28 [userService,/] INFO  o.g.u.UserManagementServiceApplication
                - UserManagementServiceApplication booted up and running
2026-02-12 16:54:53 [userService,/] INFO  o.a.c.c.C.[Tomcat].[localhost].[/]
                - Initializing Spring DispatcherServlet 'dispatcherServlet'
2026-02-12 16:54:53 [userService,/] INFO  o.s.web.servlet.DispatcherServlet
                - Initializing Servlet 'dispatcherServlet'
2026-02-12 16:54:53 [userService,/] INFO  o.s.web.servlet.DispatcherServlet
                - Completed initialization in 0 ms
2026-02-12 16:54:53 [userService,/] ERROR o.g.usermgmt.resource.AuthController
                - Authentication error: No enum constant org.genc.usermgmt.enums.RoleType.CREW
2026-02-12 16:54:56 [userService,/] ERROR o.g.usermgmt.resource.AuthController
                - Authentication error: No enum constant org.genc.usermgmt.enums.RoleType.CREW
2026-02-12 16:55:16 [userService,/] ERROR o.g.usermgmt.resource.AuthController
                - Invalid credentials: Bad credentials
2026-02-12 16:55:19 [userService,/] INFO  o.g.u.s.i.CustomUserDetailsService
                - User   found username kittu123 , role s ize 1
2026-02-12 16:55:19 [userService,/] INFO  o.g.u.s.i.CustomUserDetailsService
                - User   found username kittu123 , role s ize 1
2026-02-12 16:55:19 [userService,/] INFO  o.g.usermgmt.resource.AuthController
                - Access from userService on port 8086 (instance: userService:d29658848c45269a8adc29975da09684)
2026-02-12 16:55:29 [userService,/] ERROR o.g.usermgmt.resource.AuthController
                - Authentication error: No enum constant org.genc.usermgmt.enums.RoleType.CREW
2026-02-12 16:56:31 [userService,/] ERROR o.g.usermgmt.resource.AuthController
                - Authentication error: No enum constant org.genc.usermgmt.enums.RoleType.CREW
2026-02-12 16:56:33 [userService,/] INFO  o.s.b.w.e.tomcat.GracefulShutdown
                - Commencing graceful shutdown. Waiting for active requests to complete
2026-02-12 16:56:33 [userService,/] INFO  o.s.b.w.e.tomcat.GracefulShutdown
                - Graceful shutdown complete
2026-02-12 16:56:33 [userService,/] INFO  o.s.b.w.e.tomcat.GracefulShutdown
                - Commencing graceful shutdown. Waiting for active requests to complete
2026-02-12 16:56:33 [userService,/] INFO  o.s.b.w.e.tomcat.GracefulShutdown
                - Graceful shutdown complete
2026-02-12 16:56:33 [userService,/] INFO  o.s.o.j.LocalContainerEntityManagerFactoryBean
                - Closing JPA EntityManagerFactory for persistence unit 'default'
2026-02-12 16:56:33 [userService,/] INFO  com.zaxxer.hikari.HikariDataSource
                - HikariPool-1 - Shutdown initiated...
2026-02-12 16:56:33 [userService,/] INFO  com.zaxxer.hikari.HikariDataSource
                - HikariPool-1 - Shutdown completed.
2026-02-12 16:56:36 [userService,/] INFO  o.g.u.UserManagementServiceApplication
                - Starting UserManagementServiceApplication using Java 25 with PID 33352 (C:\Users\2464280\gencWorkspaces\practiceWorkspace\cruisemate-registration\target\classes started by 2464280 in C:\Users\2464280\gencWorkspaces\practiceWorkspace\cruisemate-registration)
2026-02-12 16:56:36 [userService,/] DEBUG o.g.u.UserManagementServiceApplication
                - Running with Spring Boot v3.5.6, Spring v6.2.11
2026-02-12 16:56:36 [userService,/] INFO  o.g.u.UserManagementServiceApplication
                - The following 1 profile is active: "genc"
2026-02-12 16:56:37 [userService,/] INFO  o.s.d.r.c.RepositoryConfigurationDelegate
                - Bootstrapping Spring Data JPA repositories in DEFAULT mode.
2026-02-12 16:56:38 [userService,/] INFO  o.s.d.r.c.RepositoryConfigurationDelegate
                - Finished Spring Data repository scanning in 117 ms. Found 3 JPA repository interfaces.
2026-02-12 16:56:38 [userService,/] INFO  o.s.cloud.context.scope.GenericScope
                - BeanFactory id=487a5d5c-8985-303b-999d-7bf9e5754232
2026-02-12 16:56:38 [userService,/] INFO  o.s.b.w.e.tomcat.TomcatWebServer
                - Tomcat initialized with port 8086 (http)
2026-02-12 16:56:38 [userService,/] INFO  o.a.catalina.core.StandardService
                - Starting service [Tomcat]
2026-02-12 16:56:38 [userService,/] INFO  o.a.catalina.core.StandardEngine
                - Starting Servlet engine: [Apache Tomcat/10.1.46]
2026-02-12 16:56:38 [userService,/] INFO  o.a.c.c.C.[Tomcat].[localhost].[/]
                - Initializing Spring embedded WebApplicationContext
2026-02-12 16:56:38 [userService,/] INFO  o.s.b.w.s.c.ServletWebServerApplicationContext
                - Root WebApplicationContext: initialization completed in 1913 ms
2026-02-12 16:56:39 [userService,/] INFO  o.h.jpa.internal.util.LogHelper
                - HHH000204: Processing PersistenceUnitInfo [name: default]
2026-02-12 16:56:39 [userService,/] INFO  org.hibernate.Version
                - HHH000412: Hibernate ORM core version 6.6.29.Final
2026-02-12 16:56:39 [userService,/] INFO  o.h.c.i.RegionFactoryInitiator
                - HHH000026: Second-level cache disabled
2026-02-12 16:56:39 [userService,/] INFO  o.s.o.j.p.SpringPersistenceUnitInfo
                - No LoadTimeWeaver setup: ignoring JPA class transformer
2026-02-12 16:56:39 [userService,/] INFO  com.zaxxer.hikari.HikariDataSource
                - HikariPool-1 - Starting...
2026-02-12 16:56:39 [userService,/] INFO  com.zaxxer.hikari.pool.HikariPool
                - HikariPool-1 - Added connection com.mysql.cj.jdbc.ConnectionImpl@1bba9862
2026-02-12 16:56:39 [userService,/] INFO  com.zaxxer.hikari.HikariDataSource
                - HikariPool-1 - Start completed.
2026-02-12 16:56:39 [userService,/] WARN  org.hibernate.orm.deprecation
                - HHH90000025: MySQLDialect does not need to be specified explicitly using 'hibernate.dialect' (remove the property setting and it will be selected by default)
2026-02-12 16:56:39 [userService,/] INFO  o.hibernate.orm.connections.pooling
                - HHH10001005: Database info:
	Database JDBC URL [Connecting through datasource 'HikariDataSource (HikariPool-1)']
	Database driver: undefined/unknown
	Database version: 8.0.44
	Autocommit mode: undefined/unknown
	Isolation level: undefined/unknown
	Minimum pool size: undefined/unknown
	Maximum pool size: undefined/unknown
2026-02-12 16:56:40 [userService,/] INFO  o.h.e.t.j.p.i.JtaPlatformInitiator
                - HHH000489: No JTA platform available (set 'hibernate.transaction.jta.platform' to enable JTA platform integration)
2026-02-12 16:56:40 [userService,/] INFO  o.s.o.j.LocalContainerEntityManagerFactoryBean
                - Initialized JPA EntityManagerFactory for persistence unit 'default'
2026-02-12 16:56:40 [userService,/] DEBUG o.g.u.filter.JwtAuthenticationFilter
                - Filter 'jwtAuthenticationFilter' configured for use
2026-02-12 16:56:40 [userService,/] INFO  o.s.s.c.a.a.c.InitializeUserDetailsBeanManagerConfigurer$InitializeUserDetailsManagerConfigurer
                - Global AuthenticationManager configured with UserDetailsService bean with name customUserDetailsService
2026-02-12 16:56:41 [userService,/] WARN  o.s.b.a.o.j.JpaBaseConfiguration$JpaWebConfiguration
                - spring.jpa.open-in-view is enabled by default. Therefore, database queries may be performed during view rendering. Explicitly configure spring.jpa.open-in-view to disable this warning
2026-02-12 16:56:41 [userService,/] INFO  o.s.c.n.e.c.DiscoveryClientOptionalArgsConfiguration
                - Eureka HTTP Client uses RestTemplate.
2026-02-12 16:56:41 [userService,/] WARN  o.s.c.l.c.LoadBalancerCacheAutoConfiguration$LoadBalancerCaffeineWarnLogger
                - Spring Cloud LoadBalancer is currently working with the default cache. While this cache implementation is useful for development and tests, it's recommended to use Caffeine cache in production.You can switch to using Caffeine cache, by adding it and org.springframework.cache.caffeine.CaffeineCacheManager to the classpath.
2026-02-12 16:56:41 [userService,/] INFO  o.s.b.w.e.tomcat.TomcatWebServer
                - Tomcat started on port 8086 (http) with context path '/'
2026-02-12 16:56:42 [userService,/] INFO  o.s.b.w.e.tomcat.TomcatWebServer
                - Tomcat initialized with port 8090 (http)
2026-02-12 16:56:42 [userService,/] INFO  o.a.catalina.core.StandardService
                - Starting service [Tomcat]
2026-02-12 16:56:42 [userService,/] INFO  o.a.catalina.core.StandardEngine
                - Starting Servlet engine: [Apache Tomcat/10.1.46]
2026-02-12 16:56:42 [userService,/] INFO  o.a.c.c.C.[Tomcat-1].[localhost].[/]
                - Initializing Spring embedded WebApplicationContext
2026-02-12 16:56:42 [userService,/] INFO  o.s.b.w.s.c.ServletWebServerApplicationContext
                - Root WebApplicationContext: initialization completed in 105 ms
2026-02-12 16:56:42 [userService,/] INFO  o.s.b.a.e.web.EndpointLinksResolver
                - Exposing 16 endpoints beneath base path '/actuator'
2026-02-12 16:56:42 [userService,/] INFO  o.s.b.w.e.tomcat.TomcatWebServer
                - Tomcat started on port 8090 (http) with context path '/'
2026-02-12 16:56:42 [userService,/] INFO  o.g.u.UserManagementServiceApplication
                - Started UserManagementServiceApplication in 5.835 seconds (process running for 6.393)
2026-02-12 16:56:42 [userService,/] INFO  o.g.u.UserManagementServiceApplication
                - UserManagementServiceApplication booted up and running
2026-02-12 16:58:30 [userService,/] INFO  o.a.c.c.C.[Tomcat].[localhost].[/]
                - Initializing Spring DispatcherServlet 'dispatcherServlet'
2026-02-12 16:58:30 [userService,/] INFO  o.s.web.servlet.DispatcherServlet
                - Initializing Servlet 'dispatcherServlet'
2026-02-12 16:58:30 [userService,/] INFO  o.s.web.servlet.DispatcherServlet
                - Completed initialization in 0 ms
2026-02-12 16:58:30 [userService,/] INFO  o.g.u.s.i.CustomUserDetailsService
                - User   found username rahul123 , role s ize 1
2026-02-12 16:58:30 [userService,/] INFO  o.g.u.s.i.CustomUserDetailsService
                - User   found username rahul123 , role s ize 1
2026-02-12 16:58:30 [userService,/] INFO  o.g.usermgmt.resource.AuthController
                - Access from userService on port 8086 (instance: userService:c7a9abd0f644af2321206412ec87bc47)
2026-02-12 16:58:42 [userService,/] INFO  o.g.u.s.i.CustomUserDetailsService
                - User   found username admin , role s ize 1
2026-02-12 16:58:42 [userService,/] INFO  o.g.u.s.i.CustomUserDetailsService
                - User   found username admin , role s ize 1
2026-02-12 16:58:42 [userService,/] INFO  o.g.usermgmt.resource.AuthController
                - Access from userService on port 8086 (instance: userService:c7a9abd0f644af2321206412ec87bc47)
2026-02-12 16:58:42 [userService,/] INFO  o.g.u.s.i.CustomUserDetailsService
                - User   found username admin , role s ize 1
2026-02-12 16:58:42 [userService,/] INFO  o.g.u.s.i.CustomUserDetailsService
                - User   found username admin , role s ize 1
2026-02-12 16:58:42 [userService,/] INFO  o.g.u.s.i.CustomUserDetailsService
                - User   found username admin , role s ize 1
2026-02-12 16:58:42 [userService,/] INFO  org.genc.usermgmt.util.JwtUtil
                - isTokenExpired false 
2026-02-12 16:58:42 [userService,/] INFO  org.genc.usermgmt.util.JwtUtil
                - isTokenExpired false 
2026-02-12 16:58:42 [userService,/] INFO  org.genc.usermgmt.util.JwtUtil
                - isTokenExpired false 
2026-02-12 16:58:42 [userService,/] DEBUG o.g.u.filter.JwtAuthenticationFilter
                - Authenticated user: admin for request: /api/v1/userservice/revenue
2026-02-12 16:58:42 [userService,/] DEBUG o.g.u.filter.JwtAuthenticationFilter
                - Authenticated user: admin for request: /api/v1/userservice/occupancy
2026-02-12 16:58:42 [userService,/] DEBUG o.g.u.filter.JwtAuthenticationFilter
                - Authenticated user: admin for request: /api/v1/userservice/stats
2026-02-12 16:58:42 [userService,/] INFO  o.g.u.s.i.CustomUserDetailsService
                - User   found username admin , role s ize 1
2026-02-12 16:58:42 [userService,/] INFO  o.g.u.s.i.CustomUserDetailsService
                - User   found username admin , role s ize 1
2026-02-12 16:58:42 [userService,/] INFO  o.g.u.s.i.CustomUserDetailsService
                - User   found username admin , role s ize 1
2026-02-12 16:58:42 [userService,/] INFO  org.genc.usermgmt.util.JwtUtil
                - isTokenExpired false 
2026-02-12 16:58:42 [userService,/] INFO  org.genc.usermgmt.util.JwtUtil
                - isTokenExpired false 
2026-02-12 16:58:42 [userService,/] INFO  org.genc.usermgmt.util.JwtUtil
                - isTokenExpired false 
2026-02-12 16:58:42 [userService,/] DEBUG o.g.u.filter.JwtAuthenticationFilter
                - Authenticated user: admin for request: /api/v1/userservice/stats
2026-02-12 16:58:42 [userService,/] DEBUG o.g.u.filter.JwtAuthenticationFilter
                - Authenticated user: admin for request: /api/v1/userservice/occupancy
2026-02-12 16:58:42 [userService,/] DEBUG o.g.u.filter.JwtAuthenticationFilter
                - Authenticated user: admin for request: /api/v1/userservice/revenue
2026-02-12 16:59:07 [userService,/] INFO  o.g.u.s.i.CustomUserDetailsService
                - User   found username newadmin , role s ize 1
2026-02-12 16:59:07 [userService,/] INFO  o.g.u.s.i.CustomUserDetailsService
                - User   found username newadmin , role s ize 1
2026-02-12 16:59:07 [userService,/] INFO  o.g.usermgmt.resource.AuthController
                - Access from userService on port 8086 (instance: userService:c7a9abd0f644af2321206412ec87bc47)
2026-02-12 16:59:51 [userService,/] INFO  o.g.u.s.i.CustomUserDetailsService
                - User   found username newadmin , role s ize 1
2026-02-12 16:59:52 [userService,/] INFO  o.g.u.s.i.CustomUserDetailsService
                - User   found username newadmin , role s ize 1
2026-02-12 16:59:52 [userService,/] INFO  o.g.usermgmt.resource.AuthController
                - Access from userService on port 8086 (instance: userService:c7a9abd0f644af2321206412ec87bc47)
2026-02-12 16:59:52 [userService,/] INFO  o.g.u.s.i.CustomUserDetailsService
                - User   found username newadmin , role s ize 1
2026-02-12 16:59:52 [userService,/] INFO  o.g.u.s.i.CustomUserDetailsService
                - User   found username newadmin , role s ize 1
2026-02-12 16:59:52 [userService,/] INFO  o.g.u.s.i.CustomUserDetailsService
                - User   found username newadmin , role s ize 1
2026-02-12 16:59:52 [userService,/] INFO  org.genc.usermgmt.util.JwtUtil
                - isTokenExpired false 
2026-02-12 16:59:52 [userService,/] INFO  org.genc.usermgmt.util.JwtUtil
                - isTokenExpired false 
2026-02-12 16:59:52 [userService,/] INFO  org.genc.usermgmt.util.JwtUtil
                - isTokenExpired false 
2026-02-12 16:59:52 [userService,/] DEBUG o.g.u.filter.JwtAuthenticationFilter
                - Authenticated user: newadmin for request: /api/v1/userservice/revenue
2026-02-12 16:59:52 [userService,/] DEBUG o.g.u.filter.JwtAuthenticationFilter
                - Authenticated user: newadmin for request: /api/v1/userservice/occupancy
2026-02-12 16:59:52 [userService,/] DEBUG o.g.u.filter.JwtAuthenticationFilter
                - Authenticated user: newadmin for request: /api/v1/userservice/stats
2026-02-12 16:59:52 [userService,/] INFO  o.g.u.s.i.CustomUserDetailsService
                - User   found username newadmin , role s ize 1
2026-02-12 16:59:52 [userService,/] INFO  o.g.u.s.i.CustomUserDetailsService
                - User   found username newadmin , role s ize 1
2026-02-12 16:59:52 [userService,/] INFO  o.g.u.s.i.CustomUserDetailsService
                - User   found username newadmin , role s ize 1
2026-02-12 16:59:52 [userService,/] INFO  org.genc.usermgmt.util.JwtUtil
                - isTokenExpired false 
2026-02-12 16:59:52 [userService,/] INFO  org.genc.usermgmt.util.JwtUtil
                - isTokenExpired false 
2026-02-12 16:59:52 [userService,/] INFO  org.genc.usermgmt.util.JwtUtil
                - isTokenExpired false 
2026-02-12 16:59:52 [userService,/] DEBUG o.g.u.filter.JwtAuthenticationFilter
                - Authenticated user: newadmin for request: /api/v1/userservice/revenue
2026-02-12 16:59:52 [userService,/] DEBUG o.g.u.filter.JwtAuthenticationFilter
                - Authenticated user: newadmin for request: /api/v1/userservice/occupancy
2026-02-12 16:59:52 [userService,/] DEBUG o.g.u.filter.JwtAuthenticationFilter
                - Authenticated user: newadmin for request: /api/v1/userservice/stats
2026-02-12 17:07:28 [userService,/] INFO  o.s.b.w.e.tomcat.GracefulShutdown
                - Commencing graceful shutdown. Waiting for active requests to complete
2026-02-12 17:07:28 [userService,/] INFO  o.s.b.w.e.tomcat.GracefulShutdown
                - Graceful shutdown complete
2026-02-12 17:07:28 [userService,/] INFO  o.s.b.w.e.tomcat.GracefulShutdown
                - Commencing graceful shutdown. Waiting for active requests to complete
2026-02-12 17:07:28 [userService,/] INFO  o.s.b.w.e.tomcat.GracefulShutdown
                - Graceful shutdown complete
2026-02-12 17:07:28 [userService,/] INFO  o.s.o.j.LocalContainerEntityManagerFactoryBean
                - Closing JPA EntityManagerFactory for persistence unit 'default'
2026-02-12 17:07:28 [userService,/] INFO  com.zaxxer.hikari.HikariDataSource
                - HikariPool-1 - Shutdown initiated...
2026-02-12 17:07:28 [userService,/] INFO  com.zaxxer.hikari.HikariDataSource
                - HikariPool-1 - Shutdown completed.
2026-02-12 17:07:32 [userService,/] INFO  o.g.u.UserManagementServiceApplication
                - Starting UserManagementServiceApplication using Java 25 with PID 12496 (C:\Users\2464280\gencWorkspaces\practiceWorkspace\cruisemate-registration\target\classes started by 2464280 in C:\Users\2464280\gencWorkspaces\practiceWorkspace\cruisemate-registration)
2026-02-12 17:07:32 [userService,/] DEBUG o.g.u.UserManagementServiceApplication
                - Running with Spring Boot v3.5.6, Spring v6.2.11
2026-02-12 17:07:32 [userService,/] INFO  o.g.u.UserManagementServiceApplication
                - The following 1 profile is active: "genc"
2026-02-12 17:07:33 [userService,/] INFO  o.s.d.r.c.RepositoryConfigurationDelegate
                - Bootstrapping Spring Data JPA repositories in DEFAULT mode.
2026-02-12 17:07:33 [userService,/] INFO  o.s.d.r.c.RepositoryConfigurationDelegate
                - Finished Spring Data repository scanning in 142 ms. Found 3 JPA repository interfaces.
2026-02-12 17:07:34 [userService,/] INFO  o.s.cloud.context.scope.GenericScope
                - BeanFactory id=774aea56-7eb1-3587-9b64-0fc75b6a2297
2026-02-12 17:07:34 [userService,/] INFO  o.s.b.w.e.tomcat.TomcatWebServer
                - Tomcat initialized with port 8086 (http)
2026-02-12 17:07:34 [userService,/] INFO  o.a.catalina.core.StandardService
                - Starting service [Tomcat]
2026-02-12 17:07:34 [userService,/] INFO  o.a.catalina.core.StandardEngine
                - Starting Servlet engine: [Apache Tomcat/10.1.46]
2026-02-12 17:07:34 [userService,/] INFO  o.a.c.c.C.[Tomcat].[localhost].[/]
                - Initializing Spring embedded WebApplicationContext
2026-02-12 17:07:34 [userService,/] INFO  o.s.b.w.s.c.ServletWebServerApplicationContext
                - Root WebApplicationContext: initialization completed in 2202 ms
2026-02-12 17:07:34 [userService,/] INFO  o.h.jpa.internal.util.LogHelper
                - HHH000204: Processing PersistenceUnitInfo [name: default]
2026-02-12 17:07:35 [userService,/] INFO  org.hibernate.Version
                - HHH000412: Hibernate ORM core version 6.6.29.Final
2026-02-12 17:07:35 [userService,/] INFO  o.h.c.i.RegionFactoryInitiator
                - HHH000026: Second-level cache disabled
2026-02-12 17:07:35 [userService,/] INFO  o.s.o.j.p.SpringPersistenceUnitInfo
                - No LoadTimeWeaver setup: ignoring JPA class transformer
2026-02-12 17:07:35 [userService,/] INFO  com.zaxxer.hikari.HikariDataSource
                - HikariPool-1 - Starting...
2026-02-12 17:07:35 [userService,/] INFO  com.zaxxer.hikari.pool.HikariPool
                - HikariPool-1 - Added connection com.mysql.cj.jdbc.ConnectionImpl@50a1af86
2026-02-12 17:07:35 [userService,/] INFO  com.zaxxer.hikari.HikariDataSource
                - HikariPool-1 - Start completed.
2026-02-12 17:07:35 [userService,/] WARN  org.hibernate.orm.deprecation
                - HHH90000025: MySQLDialect does not need to be specified explicitly using 'hibernate.dialect' (remove the property setting and it will be selected by default)
2026-02-12 17:07:35 [userService,/] INFO  o.hibernate.orm.connections.pooling
                - HHH10001005: Database info:
	Database JDBC URL [Connecting through datasource 'HikariDataSource (HikariPool-1)']
	Database driver: undefined/unknown
	Database version: 8.0.44
	Autocommit mode: undefined/unknown
	Isolation level: undefined/unknown
	Minimum pool size: undefined/unknown
	Maximum pool size: undefined/unknown
2026-02-12 17:07:36 [userService,/] INFO  o.h.e.t.j.p.i.JtaPlatformInitiator
                - HHH000489: No JTA platform available (set 'hibernate.transaction.jta.platform' to enable JTA platform integration)
2026-02-12 17:07:36 [userService,/] WARN  o.h.t.s.i.ExceptionHandlerLoggedImpl
                - GenerationTarget encountered exception accepting command : Error executing DDL "alter table users add constraint FKhwxxsovt1xxol6upd7iq26m8w foreign key (id) references users (id)" via JDBC [Failed to add the foreign key constraint. Missing index for constraint 'FKhwxxsovt1xxol6upd7iq26m8w' in the referenced table 'users']
org.hibernate.tool.schema.spi.CommandAcceptanceException: Error executing DDL "alter table users add constraint FKhwxxsovt1xxol6upd7iq26m8w foreign key (id) references users (id)" via JDBC [Failed to add the foreign key constraint. Missing index for constraint 'FKhwxxsovt1xxol6upd7iq26m8w' in the referenced table 'users']
	at org.hibernate.tool.schema.internal.exec.GenerationTargetToDatabase.accept(GenerationTargetToDatabase.java:94)
	at org.hibernate.tool.schema.internal.AbstractSchemaMigrator.applySqlString(AbstractSchemaMigrator.java:576)
	at org.hibernate.tool.schema.internal.AbstractSchemaMigrator.applySqlStrings(AbstractSchemaMigrator.java:516)
	at org.hibernate.tool.schema.internal.AbstractSchemaMigrator.applyForeignKeys(AbstractSchemaMigrator.java:448)
	at org.hibernate.tool.schema.internal.AbstractSchemaMigrator.performMigration(AbstractSchemaMigrator.java:269)
	at org.hibernate.tool.schema.internal.AbstractSchemaMigrator.doMigration(AbstractSchemaMigrator.java:112)
	at org.hibernate.tool.schema.spi.SchemaManagementToolCoordinator.performDatabaseAction(SchemaManagementToolCoordinator.java:280)
	at org.hibernate.tool.schema.spi.SchemaManagementToolCoordinator.lambda$process$5(SchemaManagementToolCoordinator.java:144)
	at java.base/java.util.HashMap.forEach(HashMap.java:1430)
	at org.hibernate.tool.schema.spi.SchemaManagementToolCoordinator.process(SchemaManagementToolCoordinator.java:141)
	at org.hibernate.boot.internal.SessionFactoryObserverForSchemaExport.sessionFactoryCreated(SessionFactoryObserverForSchemaExport.java:37)
	at org.hibernate.internal.SessionFactoryObserverChain.sessionFactoryCreated(SessionFactoryObserverChain.java:35)
	at org.hibernate.internal.SessionFactoryImpl.<init>(SessionFactoryImpl.java:324)
	at org.hibernate.boot.internal.SessionFactoryBuilderImpl.build(SessionFactoryBuilderImpl.java:463)
	at org.hibernate.jpa.boot.internal.EntityManagerFactoryBuilderImpl.build(EntityManagerFactoryBuilderImpl.java:1517)
	at org.springframework.orm.jpa.vendor.SpringHibernateJpaPersistenceProvider.createContainerEntityManagerFactory(SpringHibernateJpaPersistenceProvider.java:66)
	at org.springframework.orm.jpa.LocalContainerEntityManagerFactoryBean.createNativeEntityManagerFactory(LocalContainerEntityManagerFactoryBean.java:390)
	at org.springframework.orm.jpa.AbstractEntityManagerFactoryBean.buildNativeEntityManagerFactory(AbstractEntityManagerFactoryBean.java:419)
	at org.springframework.orm.jpa.AbstractEntityManagerFactoryBean.afterPropertiesSet(AbstractEntityManagerFactoryBean.java:400)
	at org.springframework.orm.jpa.LocalContainerEntityManagerFactoryBean.afterPropertiesSet(LocalContainerEntityManagerFactoryBean.java:366)
	at org.springframework.beans.factory.support.AbstractAutowireCapableBeanFactory.invokeInitMethods(AbstractAutowireCapableBeanFactory.java:1873)
	at org.springframework.beans.factory.support.AbstractAutowireCapableBeanFactory.initializeBean(AbstractAutowireCapableBeanFactory.java:1822)
	at org.springframework.beans.factory.support.AbstractAutowireCapableBeanFactory.doCreateBean(AbstractAutowireCapableBeanFactory.java:607)
	at org.springframework.beans.factory.support.AbstractAutowireCapableBeanFactory.createBean(AbstractAutowireCapableBeanFactory.java:529)
	at org.springframework.beans.factory.support.AbstractBeanFactory.lambda$doGetBean$0(AbstractBeanFactory.java:339)
	at org.springframework.beans.factory.support.DefaultSingletonBeanRegistry.getSingleton(DefaultSingletonBeanRegistry.java:373)
	at org.springframework.beans.factory.support.AbstractBeanFactory.doGetBean(AbstractBeanFactory.java:337)
	at org.springframework.beans.factory.support.AbstractBeanFactory.getBean(AbstractBeanFactory.java:202)
	at org.springframework.beans.factory.support.BeanDefinitionValueResolver.resolveReference(BeanDefinitionValueResolver.java:365)
	at org.springframework.beans.factory.support.BeanDefinitionValueResolver.resolveValueIfNecessary(BeanDefinitionValueResolver.java:135)
	at org.springframework.beans.factory.support.ConstructorResolver.resolveConstructorArguments(ConstructorResolver.java:691)
	at org.springframework.beans.factory.support.ConstructorResolver.instantiateUsingFactoryMethod(ConstructorResolver.java:513)
	at org.springframework.beans.factory.support.AbstractAutowireCapableBeanFactory.instantiateUsingFactoryMethod(AbstractAutowireCapableBeanFactory.java:1375)
	at org.springframework.beans.factory.support.AbstractAutowireCapableBeanFactory.createBeanInstance(AbstractAutowireCapableBeanFactory.java:1205)
	at org.springframework.beans.factory.support.AbstractAutowireCapableBeanFactory.doCreateBean(AbstractAutowireCapableBeanFactory.java:569)
	at org.springframework.beans.factory.support.AbstractAutowireCapableBeanFactory.createBean(AbstractAutowireCapableBeanFactory.java:529)
	at org.springframework.beans.factory.support.AbstractBeanFactory.lambda$doGetBean$0(AbstractBeanFactory.java:339)
	at org.springframework.beans.factory.support.DefaultSingletonBeanRegistry.getSingleton(DefaultSingletonBeanRegistry.java:373)
	at org.springframework.beans.factory.support.AbstractBeanFactory.doGetBean(AbstractBeanFactory.java:337)
	at org.springframework.beans.factory.support.AbstractBeanFactory.getBean(AbstractBeanFactory.java:202)
	at org.springframework.beans.factory.support.BeanDefinitionValueResolver.resolveReference(BeanDefinitionValueResolver.java:365)
	at org.springframework.beans.factory.support.BeanDefinitionValueResolver.resolveValueIfNecessary(BeanDefinitionValueResolver.java:135)
	at org.springframework.beans.factory.support.AbstractAutowireCapableBeanFactory.applyPropertyValues(AbstractAutowireCapableBeanFactory.java:1725)
	at org.springframework.beans.factory.support.AbstractAutowireCapableBeanFactory.populateBean(AbstractAutowireCapableBeanFactory.java:1474)
	at org.springframework.beans.factory.support.AbstractAutowireCapableBeanFactory.doCreateBean(AbstractAutowireCapableBeanFactory.java:606)
	at org.springframework.beans.factory.support.AbstractAutowireCapableBeanFactory.createBean(AbstractAutowireCapableBeanFactory.java:529)
	at org.springframework.beans.factory.support.AbstractBeanFactory.lambda$doGetBean$0(AbstractBeanFactory.java:339)
	at org.springframework.beans.factory.support.DefaultSingletonBeanRegistry.getSingleton(DefaultSingletonBeanRegistry.java:373)
	at org.springframework.beans.factory.support.AbstractBeanFactory.doGetBean(AbstractBeanFactory.java:337)
	at org.springframework.beans.factory.support.AbstractBeanFactory.getBean(AbstractBeanFactory.java:202)
	at org.springframework.beans.factory.support.DefaultListableBeanFactory.doResolveDependency(DefaultListableBeanFactory.java:1698)
	at org.springframework.beans.factory.support.DefaultListableBeanFactory.resolveDependency(DefaultListableBeanFactory.java:1643)
	at org.springframework.beans.factory.support.ConstructorResolver.resolveAutowiredArgument(ConstructorResolver.java:913)
	at org.springframework.beans.factory.support.ConstructorResolver.createArgumentArray(ConstructorResolver.java:791)
	at org.springframework.beans.factory.support.ConstructorResolver.autowireConstructor(ConstructorResolver.java:240)
	at org.springframework.beans.factory.support.AbstractAutowireCapableBeanFactory.autowireConstructor(AbstractAutowireCapableBeanFactory.java:1395)
	at org.springframework.beans.factory.support.AbstractAutowireCapableBeanFactory.createBeanInstance(AbstractAutowireCapableBeanFactory.java:1232)
	at org.springframework.beans.factory.support.AbstractAutowireCapableBeanFactory.doCreateBean(AbstractAutowireCapableBeanFactory.java:569)
	at org.springframework.beans.factory.support.AbstractAutowireCapableBeanFactory.createBean(AbstractAutowireCapableBeanFactory.java:529)
	at org.springframework.beans.factory.support.AbstractBeanFactory.lambda$doGetBean$0(AbstractBeanFactory.java:339)
	at org.springframework.beans.factory.support.DefaultSingletonBeanRegistry.getSingleton(DefaultSingletonBeanRegistry.java:373)
	at org.springframework.beans.factory.support.AbstractBeanFactory.doGetBean(AbstractBeanFactory.java:337)
	at org.springframework.beans.factory.support.AbstractBeanFactory.getBean(AbstractBeanFactory.java:202)
	at org.springframework.beans.factory.config.DependencyDescriptor.resolveCandidate(DependencyDescriptor.java:254)
	at org.springframework.beans.factory.support.DefaultListableBeanFactory.doResolveDependency(DefaultListableBeanFactory.java:1760)
	at org.springframework.beans.factory.support.DefaultListableBeanFactory.resolveDependency(DefaultListableBeanFactory.java:1643)
	at org.springframework.beans.factory.support.ConstructorResolver.resolveAutowiredArgument(ConstructorResolver.java:913)
	at org.springframework.beans.factory.support.ConstructorResolver.createArgumentArray(ConstructorResolver.java:791)
	at org.springframework.beans.factory.support.ConstructorResolver.autowireConstructor(ConstructorResolver.java:240)
	at org.springframework.beans.factory.support.AbstractAutowireCapableBeanFactory.autowireConstructor(AbstractAutowireCapableBeanFactory.java:1395)
	at org.springframework.beans.factory.support.AbstractAutowireCapableBeanFactory.createBeanInstance(AbstractAutowireCapableBeanFactory.java:1232)
	at org.springframework.beans.factory.support.AbstractAutowireCapableBeanFactory.doCreateBean(AbstractAutowireCapableBeanFactory.java:569)
	at org.springframework.beans.factory.support.AbstractAutowireCapableBeanFactory.createBean(AbstractAutowireCapableBeanFactory.java:529)
	at org.springframework.beans.factory.support.AbstractBeanFactory.lambda$doGetBean$0(AbstractBeanFactory.java:339)
	at org.springframework.beans.factory.support.DefaultSingletonBeanRegistry.getSingleton(DefaultSingletonBeanRegistry.java:373)
	at org.springframework.beans.factory.support.AbstractBeanFactory.doGetBean(AbstractBeanFactory.java:337)
	at org.springframework.beans.factory.support.AbstractBeanFactory.getBean(AbstractBeanFactory.java:207)
	at org.springframework.boot.web.servlet.ServletContextInitializerBeans.getOrderedBeansOfType(ServletContextInitializerBeans.java:230)
	at org.springframework.boot.web.servlet.ServletContextInitializerBeans.addAsRegistrationBean(ServletContextInitializerBeans.java:184)
	at org.springframework.boot.web.servlet.ServletContextInitializerBeans.addAsRegistrationBean(ServletContextInitializerBeans.java:179)
	at org.springframework.boot.web.servlet.ServletContextInitializerBeans.addAdaptableBeans(ServletContextInitializerBeans.java:164)
	at org.springframework.boot.web.servlet.ServletContextInitializerBeans.<init>(ServletContextInitializerBeans.java:96)
	at org.springframework.boot.web.servlet.context.ServletWebServerApplicationContext.getServletContextInitializerBeans(ServletWebServerApplicationContext.java:271)
	at org.springframework.boot.web.servlet.context.ServletWebServerApplicationContext.selfInitialize(ServletWebServerApplicationContext.java:245)
	at org.springframework.boot.web.embedded.tomcat.TomcatStarter.onStartup(TomcatStarter.java:52)
	at org.apache.catalina.core.StandardContext.startInternal(StandardContext.java:4464)
	at org.apache.catalina.util.LifecycleBase.start(LifecycleBase.java:164)
	at org.apache.catalina.core.ContainerBase$StartChild.call(ContainerBase.java:1203)
	at org.apache.catalina.core.ContainerBase$StartChild.call(ContainerBase.java:1193)
	at java.base/java.util.concurrent.FutureTask.run(FutureTask.java:328)
	at org.apache.tomcat.util.threads.InlineExecutorService.execute(InlineExecutorService.java:81)
	at java.base/java.util.concurrent.AbstractExecutorService.submit(AbstractExecutorService.java:149)
	at org.apache.catalina.core.ContainerBase.startInternal(ContainerBase.java:749)
	at org.apache.catalina.core.StandardHost.startInternal(StandardHost.java:773)
	at org.apache.catalina.util.LifecycleBase.start(LifecycleBase.java:164)
	at org.apache.catalina.core.ContainerBase$StartChild.call(ContainerBase.java:1203)
	at org.apache.catalina.core.ContainerBase$StartChild.call(ContainerBase.java:1193)
	at java.base/java.util.concurrent.FutureTask.run(FutureTask.java:328)
	at org.apache.tomcat.util.threads.InlineExecutorService.execute(InlineExecutorService.java:81)
	at java.base/java.util.concurrent.AbstractExecutorService.submit(AbstractExecutorService.java:149)
	at org.apache.catalina.core.ContainerBase.startInternal(ContainerBase.java:749)
	at org.apache.catalina.core.StandardEngine.startInternal(StandardEngine.java:203)
	at org.apache.catalina.util.LifecycleBase.start(LifecycleBase.java:164)
	at org.apache.catalina.core.StandardService.startInternal(StandardService.java:412)
	at org.apache.catalina.util.LifecycleBase.start(LifecycleBase.java:164)
	at org.apache.catalina.core.StandardServer.startInternal(StandardServer.java:870)
	at org.apache.catalina.util.LifecycleBase.start(LifecycleBase.java:164)
	at org.apache.catalina.startup.Tomcat.start(Tomcat.java:438)
	at org.springframework.boot.web.embedded.tomcat.TomcatWebServer.initialize(TomcatWebServer.java:128)
	at org.springframework.boot.web.embedded.tomcat.TomcatWebServer.<init>(TomcatWebServer.java:107)
	at org.springframework.boot.web.embedded.tomcat.TomcatServletWebServerFactory.getTomcatWebServer(TomcatServletWebServerFactory.java:517)
	at org.springframework.boot.web.embedded.tomcat.TomcatServletWebServerFactory.getWebServer(TomcatServletWebServerFactory.java:219)
	at org.springframework.boot.web.servlet.context.ServletWebServerApplicationContext.createWebServer(ServletWebServerApplicationContext.java:193)
	at org.springframework.boot.web.servlet.context.ServletWebServerApplicationContext.onRefresh(ServletWebServerApplicationContext.java:167)
	at org.springframework.context.support.AbstractApplicationContext.refresh(AbstractApplicationContext.java:621)
	at org.springframework.boot.web.servlet.context.ServletWebServerApplicationContext.refresh(ServletWebServerApplicationContext.java:146)
	at org.springframework.boot.SpringApplication.refresh(SpringApplication.java:752)
	at org.springframework.boot.SpringApplication.refreshContext(SpringApplication.java:439)
	at org.springframework.boot.SpringApplication.run(SpringApplication.java:318)
	at org.springframework.boot.SpringApplication.run(SpringApplication.java:1361)
	at org.springframework.boot.SpringApplication.run(SpringApplication.java:1350)
	at org.genc.usermgmt.UserManagementServiceApplication.main(UserManagementServiceApplication.java:12)
Caused by: java.sql.SQLException: Failed to add the foreign key constraint. Missing index for constraint 'FKhwxxsovt1xxol6upd7iq26m8w' in the referenced table 'users'
	at com.mysql.cj.jdbc.exceptions.SQLError.createSQLException(SQLError.java:121)
	at com.mysql.cj.jdbc.exceptions.SQLExceptionsMapping.translateException(SQLExceptionsMapping.java:114)
	at com.mysql.cj.jdbc.StatementImpl.executeInternal(StatementImpl.java:837)
	at com.mysql.cj.jdbc.StatementImpl.execute(StatementImpl.java:685)
	at com.zaxxer.hikari.pool.ProxyStatement.execute(ProxyStatement.java:95)
	at com.zaxxer.hikari.pool.HikariProxyStatement.execute(HikariProxyStatement.java)
	at org.hibernate.tool.schema.internal.exec.GenerationTargetToDatabase.accept(GenerationTargetToDatabase.java:80)
	... 121 common frames omitted
2026-02-12 17:07:36 [userService,/] INFO  o.s.o.j.LocalContainerEntityManagerFactoryBean
                - Initialized JPA EntityManagerFactory for persistence unit 'default'
2026-02-12 17:07:36 [userService,/] DEBUG o.g.u.filter.JwtAuthenticationFilter
                - Filter 'jwtAuthenticationFilter' configured for use
2026-02-12 17:07:37 [userService,/] INFO  o.s.s.c.a.a.c.InitializeUserDetailsBeanManagerConfigurer$InitializeUserDetailsManagerConfigurer
                - Global AuthenticationManager configured with UserDetailsService bean with name customUserDetailsService
2026-02-12 17:07:37 [userService,/] WARN  o.s.b.a.o.j.JpaBaseConfiguration$JpaWebConfiguration
                - spring.jpa.open-in-view is enabled by default. Therefore, database queries may be performed during view rendering. Explicitly configure spring.jpa.open-in-view to disable this warning
2026-02-12 17:07:38 [userService,/] INFO  o.s.c.n.e.c.DiscoveryClientOptionalArgsConfiguration
                - Eureka HTTP Client uses RestTemplate.
2026-02-12 17:07:38 [userService,/] WARN  o.s.c.l.c.LoadBalancerCacheAutoConfiguration$LoadBalancerCaffeineWarnLogger
                - Spring Cloud LoadBalancer is currently working with the default cache. While this cache implementation is useful for development and tests, it's recommended to use Caffeine cache in production.You can switch to using Caffeine cache, by adding it and org.springframework.cache.caffeine.CaffeineCacheManager to the classpath.
2026-02-12 17:07:38 [userService,/] INFO  o.s.b.w.e.tomcat.TomcatWebServer
                - Tomcat started on port 8086 (http) with context path '/'
2026-02-12 17:07:38 [userService,/] INFO  o.s.b.w.e.tomcat.TomcatWebServer
                - Tomcat initialized with port 8090 (http)
2026-02-12 17:07:38 [userService,/] INFO  o.a.catalina.core.StandardService
                - Starting service [Tomcat]
2026-02-12 17:07:38 [userService,/] INFO  o.a.catalina.core.StandardEngine
                - Starting Servlet engine: [Apache Tomcat/10.1.46]
2026-02-12 17:07:38 [userService,/] INFO  o.a.c.c.C.[Tomcat-1].[localhost].[/]
                - Initializing Spring embedded WebApplicationContext
2026-02-12 17:07:38 [userService,/] INFO  o.s.b.w.s.c.ServletWebServerApplicationContext
                - Root WebApplicationContext: initialization completed in 113 ms
2026-02-12 17:07:38 [userService,/] INFO  o.s.b.a.e.web.EndpointLinksResolver
                - Exposing 16 endpoints beneath base path '/actuator'
2026-02-12 17:07:38 [userService,/] INFO  o.s.b.w.e.tomcat.TomcatWebServer
                - Tomcat started on port 8090 (http) with context path '/'
2026-02-12 17:07:38 [userService,/] INFO  o.g.u.UserManagementServiceApplication
                - Started UserManagementServiceApplication in 6.463 seconds (process running for 7.09)
2026-02-12 17:07:38 [userService,/] INFO  o.g.u.UserManagementServiceApplication
                - UserManagementServiceApplication booted up and running
2026-02-12 17:08:33 [userService,/] INFO  o.a.c.c.C.[Tomcat].[localhost].[/]
                - Initializing Spring DispatcherServlet 'dispatcherServlet'
2026-02-12 17:08:33 [userService,/] INFO  o.s.web.servlet.DispatcherServlet
                - Initializing Servlet 'dispatcherServlet'
2026-02-12 17:08:33 [userService,/] INFO  o.s.web.servlet.DispatcherServlet
                - Completed initialization in 0 ms
2026-02-12 17:08:33 [userService,/] INFO  o.g.u.r.RegistrationController
                - Registering new user with username: falana12
2026-02-12 17:08:33 [userService,/] WARN  o.h.e.jdbc.spi.SqlExceptionHelper
                - SQL Error: 1364, SQLState: HY000
2026-02-12 17:08:33 [userService,/] ERROR o.h.e.jdbc.spi.SqlExceptionHelper
                - Field 'email' doesn't have a default value
2026-02-12 17:08:33 [userService,/] ERROR o.g.u.r.RegistrationController
                - Error registering user: could not execute statement [Field 'email' doesn't have a default value] [insert into users (id,role_id) values (?,?)]
2026-02-12 17:21:10 [userService,/] INFO  o.s.b.w.e.tomcat.GracefulShutdown
                - Commencing graceful shutdown. Waiting for active requests to complete
2026-02-12 17:21:10 [userService,/] INFO  o.s.b.w.e.tomcat.GracefulShutdown
                - Graceful shutdown complete
2026-02-12 17:21:10 [userService,/] INFO  o.s.b.w.e.tomcat.GracefulShutdown
                - Commencing graceful shutdown. Waiting for active requests to complete
2026-02-12 17:21:10 [userService,/] INFO  o.s.b.w.e.tomcat.GracefulShutdown
                - Graceful shutdown complete
2026-02-12 17:21:10 [userService,/] INFO  o.s.o.j.LocalContainerEntityManagerFactoryBean
                - Closing JPA EntityManagerFactory for persistence unit 'default'
2026-02-12 17:21:10 [userService,/] INFO  com.zaxxer.hikari.HikariDataSource
                - HikariPool-1 - Shutdown initiated...
2026-02-12 17:21:10 [userService,/] INFO  com.zaxxer.hikari.HikariDataSource
                - HikariPool-1 - Shutdown completed.
2026-02-12 17:30:23 [userService,/] INFO  o.g.u.UserManagementServiceApplication
                - Starting UserManagementServiceApplication using Java 25 with PID 15672 (C:\Users\2464280\gencWorkspaces\practiceWorkspace\cruisemate-registration\target\classes started by 2464280 in C:\Users\2464280\gencWorkspaces\practiceWorkspace\cruisemate-registration)
2026-02-12 17:30:23 [userService,/] DEBUG o.g.u.UserManagementServiceApplication
                - Running with Spring Boot v3.5.6, Spring v6.2.11
2026-02-12 17:30:23 [userService,/] INFO  o.g.u.UserManagementServiceApplication
                - The following 1 profile is active: "genc"
2026-02-12 17:30:24 [userService,/] INFO  o.s.d.r.c.RepositoryConfigurationDelegate
                - Bootstrapping Spring Data JPA repositories in DEFAULT mode.
2026-02-12 17:30:24 [userService,/] INFO  o.s.d.r.c.RepositoryConfigurationDelegate
                - Finished Spring Data repository scanning in 160 ms. Found 3 JPA repository interfaces.
2026-02-12 17:30:24 [userService,/] INFO  o.s.cloud.context.scope.GenericScope
                - BeanFactory id=774aea56-7eb1-3587-9b64-0fc75b6a2297
2026-02-12 17:30:25 [userService,/] INFO  o.s.b.w.e.tomcat.TomcatWebServer
                - Tomcat initialized with port 8086 (http)
2026-02-12 17:30:25 [userService,/] INFO  o.a.catalina.core.StandardService
                - Starting service [Tomcat]
2026-02-12 17:30:25 [userService,/] INFO  o.a.catalina.core.StandardEngine
                - Starting Servlet engine: [Apache Tomcat/10.1.46]
2026-02-12 17:30:25 [userService,/] INFO  o.a.c.c.C.[Tomcat].[localhost].[/]
                - Initializing Spring embedded WebApplicationContext
2026-02-12 17:30:25 [userService,/] INFO  o.s.b.w.s.c.ServletWebServerApplicationContext
                - Root WebApplicationContext: initialization completed in 2421 ms
2026-02-12 17:30:25 [userService,/] INFO  o.h.jpa.internal.util.LogHelper
                - HHH000204: Processing PersistenceUnitInfo [name: default]
2026-02-12 17:30:25 [userService,/] INFO  org.hibernate.Version
                - HHH000412: Hibernate ORM core version 6.6.29.Final
2026-02-12 17:30:25 [userService,/] INFO  o.h.c.i.RegionFactoryInitiator
                - HHH000026: Second-level cache disabled
2026-02-12 17:30:26 [userService,/] INFO  o.s.o.j.p.SpringPersistenceUnitInfo
                - No LoadTimeWeaver setup: ignoring JPA class transformer
2026-02-12 17:30:26 [userService,/] INFO  com.zaxxer.hikari.HikariDataSource
                - HikariPool-1 - Starting...
2026-02-12 17:30:26 [userService,/] INFO  com.zaxxer.hikari.pool.HikariPool
                - HikariPool-1 - Added connection com.mysql.cj.jdbc.ConnectionImpl@240291d9
2026-02-12 17:30:26 [userService,/] INFO  com.zaxxer.hikari.HikariDataSource
                - HikariPool-1 - Start completed.
2026-02-12 17:30:26 [userService,/] WARN  org.hibernate.orm.deprecation
                - HHH90000025: MySQLDialect does not need to be specified explicitly using 'hibernate.dialect' (remove the property setting and it will be selected by default)
2026-02-12 17:30:26 [userService,/] INFO  o.hibernate.orm.connections.pooling
                - HHH10001005: Database info:
	Database JDBC URL [Connecting through datasource 'HikariDataSource (HikariPool-1)']
	Database driver: undefined/unknown
	Database version: 8.0.44
	Autocommit mode: undefined/unknown
	Isolation level: undefined/unknown
	Minimum pool size: undefined/unknown
	Maximum pool size: undefined/unknown
2026-02-12 17:30:27 [userService,/] INFO  o.h.e.t.j.p.i.JtaPlatformInitiator
                - HHH000489: No JTA platform available (set 'hibernate.transaction.jta.platform' to enable JTA platform integration)
2026-02-12 17:30:27 [userService,/] INFO  o.s.o.j.LocalContainerEntityManagerFactoryBean
                - Initialized JPA EntityManagerFactory for persistence unit 'default'
2026-02-12 17:30:27 [userService,/] DEBUG o.g.u.filter.JwtAuthenticationFilter
                - Filter 'jwtAuthenticationFilter' configured for use
2026-02-12 17:30:27 [userService,/] INFO  o.s.s.c.a.a.c.InitializeUserDetailsBeanManagerConfigurer$InitializeUserDetailsManagerConfigurer
                - Global AuthenticationManager configured with UserDetailsService bean with name customUserDetailsService
2026-02-12 17:30:28 [userService,/] WARN  o.s.b.a.o.j.JpaBaseConfiguration$JpaWebConfiguration
                - spring.jpa.open-in-view is enabled by default. Therefore, database queries may be performed during view rendering. Explicitly configure spring.jpa.open-in-view to disable this warning
2026-02-12 17:30:28 [userService,/] INFO  o.s.c.n.e.c.DiscoveryClientOptionalArgsConfiguration
                - Eureka HTTP Client uses RestTemplate.
2026-02-12 17:30:29 [userService,/] WARN  o.s.c.l.c.LoadBalancerCacheAutoConfiguration$LoadBalancerCaffeineWarnLogger
                - Spring Cloud LoadBalancer is currently working with the default cache. While this cache implementation is useful for development and tests, it's recommended to use Caffeine cache in production.You can switch to using Caffeine cache, by adding it and org.springframework.cache.caffeine.CaffeineCacheManager to the classpath.
2026-02-12 17:30:29 [userService,/] INFO  o.s.b.w.e.tomcat.TomcatWebServer
                - Tomcat started on port 8086 (http) with context path '/'
2026-02-12 17:30:29 [userService,/] INFO  o.s.b.w.e.tomcat.TomcatWebServer
                - Tomcat initialized with port 8090 (http)
2026-02-12 17:30:29 [userService,/] INFO  o.a.catalina.core.StandardService
                - Starting service [Tomcat]
2026-02-12 17:30:29 [userService,/] INFO  o.a.catalina.core.StandardEngine
                - Starting Servlet engine: [Apache Tomcat/10.1.46]
2026-02-12 17:30:29 [userService,/] INFO  o.a.c.c.C.[Tomcat-1].[localhost].[/]
                - Initializing Spring embedded WebApplicationContext
2026-02-12 17:30:29 [userService,/] INFO  o.s.b.w.s.c.ServletWebServerApplicationContext
                - Root WebApplicationContext: initialization completed in 218 ms
2026-02-12 17:30:29 [userService,/] INFO  o.s.b.a.e.web.EndpointLinksResolver
                - Exposing 16 endpoints beneath base path '/actuator'
2026-02-12 17:30:29 [userService,/] INFO  o.s.b.w.e.tomcat.TomcatWebServer
                - Tomcat started on port 8090 (http) with context path '/'
2026-02-12 17:30:29 [userService,/] INFO  o.g.u.UserManagementServiceApplication
                - Started UserManagementServiceApplication in 6.872 seconds (process running for 7.501)
2026-02-12 17:30:29 [userService,/] INFO  o.g.u.UserManagementServiceApplication
                - UserManagementServiceApplication booted up and running
2026-02-12 17:30:39 [userService,/] INFO  o.a.c.c.C.[Tomcat].[localhost].[/]
                - Initializing Spring DispatcherServlet 'dispatcherServlet'
2026-02-12 17:30:39 [userService,/] INFO  o.s.web.servlet.DispatcherServlet
                - Initializing Servlet 'dispatcherServlet'
2026-02-12 17:30:39 [userService,/] INFO  o.s.web.servlet.DispatcherServlet
                - Completed initialization in 0 ms
2026-02-12 17:30:39 [userService,/] INFO  o.g.u.r.RegistrationController
                - Registering new user with username: falana12
2026-02-12 17:30:39 [userService,/] INFO  o.g.u.s.impl.UserMgmtServiceImpl
                - New CruiseMate account created: falana12
2026-02-12 17:31:00 [userService,/] ERROR o.g.usermgmt.resource.AuthController
                - Invalid credentials: Bad credentials
2026-02-12 17:31:33 [userService,/] INFO  o.g.u.s.i.CustomUserDetailsService
                - User found: falana12, Assigned Role: PASSENGER
2026-02-12 17:31:34 [userService,/] INFO  o.g.u.s.i.CustomUserDetailsService
                - User found: falana12, Assigned Role: PASSENGER
2026-02-12 17:31:34 [userService,/] INFO  o.g.usermgmt.resource.AuthController
                - Access from userService on port 8086 (instance: userService:59ee887eab8e74cd7e23a6b10590471e)
2026-02-12 17:31:46 [userService,/] INFO  o.g.u.s.i.CustomUserDetailsService
                - User found: admin, Assigned Role: ADMIN
2026-02-12 17:31:46 [userService,/] INFO  o.g.u.s.i.CustomUserDetailsService
                - User found: admin, Assigned Role: ADMIN
2026-02-12 17:31:46 [userService,/] INFO  o.g.usermgmt.resource.AuthController
                - Access from userService on port 8086 (instance: userService:59ee887eab8e74cd7e23a6b10590471e)
2026-02-12 17:31:47 [userService,/] INFO  o.g.u.s.i.CustomUserDetailsService
                - User found: admin, Assigned Role: ADMIN
2026-02-12 17:31:47 [userService,/] INFO  o.g.u.s.i.CustomUserDetailsService
                - User found: admin, Assigned Role: ADMIN
2026-02-12 17:31:47 [userService,/] INFO  o.g.u.s.i.CustomUserDetailsService
                - User found: admin, Assigned Role: ADMIN
2026-02-12 17:31:47 [userService,/] INFO  org.genc.usermgmt.util.JwtUtil
                - isTokenExpired false 
2026-02-12 17:31:47 [userService,/] INFO  org.genc.usermgmt.util.JwtUtil
                - isTokenExpired false 
2026-02-12 17:31:47 [userService,/] DEBUG o.g.u.filter.JwtAuthenticationFilter
                - Authenticated user: admin for request: /api/v1/userservice/revenue
2026-02-12 17:31:47 [userService,/] INFO  org.genc.usermgmt.util.JwtUtil
                - isTokenExpired false 
2026-02-12 17:31:47 [userService,/] DEBUG o.g.u.filter.JwtAuthenticationFilter
                - Authenticated user: admin for request: /api/v1/userservice/stats
2026-02-12 17:31:47 [userService,/] DEBUG o.g.u.filter.JwtAuthenticationFilter
                - Authenticated user: admin for request: /api/v1/userservice/occupancy
2026-02-12 17:31:47 [userService,/] INFO  o.g.u.s.i.CustomUserDetailsService
                - User found: admin, Assigned Role: ADMIN
2026-02-12 17:31:47 [userService,/] INFO  o.g.u.s.i.CustomUserDetailsService
                - User found: admin, Assigned Role: ADMIN
2026-02-12 17:31:47 [userService,/] INFO  o.g.u.s.i.CustomUserDetailsService
                - User found: admin, Assigned Role: ADMIN
2026-02-12 17:31:47 [userService,/] INFO  org.genc.usermgmt.util.JwtUtil
                - isTokenExpired false 
2026-02-12 17:31:47 [userService,/] INFO  org.genc.usermgmt.util.JwtUtil
                - isTokenExpired false 
2026-02-12 17:31:47 [userService,/] INFO  org.genc.usermgmt.util.JwtUtil
                - isTokenExpired false 
2026-02-12 17:31:47 [userService,/] DEBUG o.g.u.filter.JwtAuthenticationFilter
                - Authenticated user: admin for request: /api/v1/userservice/occupancy
2026-02-12 17:31:47 [userService,/] DEBUG o.g.u.filter.JwtAuthenticationFilter
                - Authenticated user: admin for request: /api/v1/userservice/revenue
2026-02-12 17:31:47 [userService,/] DEBUG o.g.u.filter.JwtAuthenticationFilter
                - Authenticated user: admin for request: /api/v1/userservice/stats
2026-02-12 17:37:11 [userService,/] INFO  o.g.u.s.i.CustomUserDetailsService
                - User found: falana12, Assigned Role: ADMIN
2026-02-12 17:37:11 [userService,/] INFO  o.g.u.s.i.CustomUserDetailsService
                - User found: falana12, Assigned Role: ADMIN
2026-02-12 17:37:11 [userService,/] INFO  o.g.usermgmt.resource.AuthController
                - Access from userService on port 8086 (instance: userService:59ee887eab8e74cd7e23a6b10590471e)
2026-02-12 17:37:11 [userService,/] INFO  o.g.u.s.i.CustomUserDetailsService
                - User found: falana12, Assigned Role: ADMIN
2026-02-12 17:37:11 [userService,/] INFO  o.g.u.s.i.CustomUserDetailsService
                - User found: falana12, Assigned Role: ADMIN
2026-02-12 17:37:11 [userService,/] INFO  org.genc.usermgmt.util.JwtUtil
                - isTokenExpired false 
2026-02-12 17:37:11 [userService,/] INFO  org.genc.usermgmt.util.JwtUtil
                - isTokenExpired false 
2026-02-12 17:37:11 [userService,/] INFO  o.g.u.s.i.CustomUserDetailsService
                - User found: falana12, Assigned Role: ADMIN
2026-02-12 17:37:11 [userService,/] DEBUG o.g.u.filter.JwtAuthenticationFilter
                - Authenticated user: falana12 for request: /api/v1/userservice/revenue
2026-02-12 17:37:11 [userService,/] DEBUG o.g.u.filter.JwtAuthenticationFilter
                - Authenticated user: falana12 for request: /api/v1/userservice/occupancy
2026-02-12 17:37:11 [userService,/] INFO  org.genc.usermgmt.util.JwtUtil
                - isTokenExpired false 
2026-02-12 17:37:11 [userService,/] DEBUG o.g.u.filter.JwtAuthenticationFilter
                - Authenticated user: falana12 for request: /api/v1/userservice/stats
2026-02-12 17:37:11 [userService,/] INFO  o.g.u.s.i.CustomUserDetailsService
                - User found: falana12, Assigned Role: ADMIN
2026-02-12 17:37:11 [userService,/] INFO  o.g.u.s.i.CustomUserDetailsService
                - User found: falana12, Assigned Role: ADMIN
2026-02-12 17:37:11 [userService,/] INFO  o.g.u.s.i.CustomUserDetailsService
                - User found: falana12, Assigned Role: ADMIN
2026-02-12 17:37:11 [userService,/] INFO  org.genc.usermgmt.util.JwtUtil
                - isTokenExpired false 
2026-02-12 17:37:11 [userService,/] INFO  org.genc.usermgmt.util.JwtUtil
                - isTokenExpired false 
2026-02-12 17:37:11 [userService,/] INFO  org.genc.usermgmt.util.JwtUtil
                - isTokenExpired false 
2026-02-12 17:37:11 [userService,/] DEBUG o.g.u.filter.JwtAuthenticationFilter
                - Authenticated user: falana12 for request: /api/v1/userservice/revenue
2026-02-12 17:37:11 [userService,/] DEBUG o.g.u.filter.JwtAuthenticationFilter
                - Authenticated user: falana12 for request: /api/v1/userservice/stats
2026-02-12 17:37:11 [userService,/] DEBUG o.g.u.filter.JwtAuthenticationFilter
                - Authenticated user: falana12 for request: /api/v1/userservice/occupancy
2026-02-12 17:37:28 [userService,/] INFO  o.g.u.s.i.CustomUserDetailsService
                - User found: falana12, Assigned Role: PASSENGER
2026-02-12 17:37:28 [userService,/] INFO  o.g.u.s.i.CustomUserDetailsService
                - User found: falana12, Assigned Role: PASSENGER
2026-02-12 17:37:28 [userService,/] INFO  o.g.usermgmt.resource.AuthController
                - Access from userService on port 8086 (instance: userService:59ee887eab8e74cd7e23a6b10590471e)
2026-02-12 17:37:45 [userService,/] INFO  o.g.u.s.i.CustomUserDetailsService
                - User found: falana12, Assigned Role: CREW
2026-02-12 17:37:45 [userService,/] INFO  o.g.u.s.i.CustomUserDetailsService
                - User found: falana12, Assigned Role: CREW
2026-02-12 17:37:45 [userService,/] INFO  o.g.usermgmt.resource.AuthController
                - Access from userService on port 8086 (instance: userService:59ee887eab8e74cd7e23a6b10590471e)
2026-02-12 17:42:24 [userService,/] INFO  o.s.b.w.e.tomcat.GracefulShutdown
                - Commencing graceful shutdown. Waiting for active requests to complete
2026-02-12 17:42:24 [userService,/] INFO  o.s.b.w.e.tomcat.GracefulShutdown
                - Graceful shutdown complete
2026-02-12 17:42:24 [userService,/] INFO  o.s.b.w.e.tomcat.GracefulShutdown
                - Commencing graceful shutdown. Waiting for active requests to complete
2026-02-12 17:42:24 [userService,/] INFO  o.s.b.w.e.tomcat.GracefulShutdown
                - Graceful shutdown complete
2026-02-12 17:42:24 [userService,/] INFO  o.s.o.j.LocalContainerEntityManagerFactoryBean
                - Closing JPA EntityManagerFactory for persistence unit 'default'
2026-02-12 17:42:24 [userService,/] INFO  com.zaxxer.hikari.HikariDataSource
                - HikariPool-1 - Shutdown initiated...
2026-02-12 17:42:24 [userService,/] INFO  com.zaxxer.hikari.HikariDataSource
                - HikariPool-1 - Shutdown completed.
2026-02-12 17:42:28 [userService,/] INFO  o.g.u.UserManagementServiceApplication
                - Starting UserManagementServiceApplication using Java 25 with PID 6720 (C:\Users\2464280\gencWorkspaces\practiceWorkspace\cruisemate-registration\target\classes started by 2464280 in C:\Users\2464280\gencWorkspaces\practiceWorkspace\cruisemate-registration)
2026-02-12 17:42:28 [userService,/] DEBUG o.g.u.UserManagementServiceApplication
                - Running with Spring Boot v3.5.6, Spring v6.2.11
2026-02-12 17:42:28 [userService,/] INFO  o.g.u.UserManagementServiceApplication
                - The following 1 profile is active: "genc"
2026-02-12 17:42:30 [userService,/] INFO  o.s.d.r.c.RepositoryConfigurationDelegate
                - Bootstrapping Spring Data JPA repositories in DEFAULT mode.
2026-02-12 17:42:30 [userService,/] INFO  o.s.d.r.c.RepositoryConfigurationDelegate
                - Finished Spring Data repository scanning in 176 ms. Found 3 JPA repository interfaces.
2026-02-12 17:42:30 [userService,/] INFO  o.s.cloud.context.scope.GenericScope
                - BeanFactory id=774aea56-7eb1-3587-9b64-0fc75b6a2297
2026-02-12 17:42:31 [userService,/] INFO  o.s.b.w.e.tomcat.TomcatWebServer
                - Tomcat initialized with port 8086 (http)
2026-02-12 17:42:31 [userService,/] INFO  o.a.catalina.core.StandardService
                - Starting service [Tomcat]
2026-02-12 17:42:31 [userService,/] INFO  o.a.catalina.core.StandardEngine
                - Starting Servlet engine: [Apache Tomcat/10.1.46]
2026-02-12 17:42:31 [userService,/] INFO  o.a.c.c.C.[Tomcat].[localhost].[/]
                - Initializing Spring embedded WebApplicationContext
2026-02-12 17:42:31 [userService,/] INFO  o.s.b.w.s.c.ServletWebServerApplicationContext
                - Root WebApplicationContext: initialization completed in 2623 ms
2026-02-12 17:42:31 [userService,/] INFO  o.h.jpa.internal.util.LogHelper
                - HHH000204: Processing PersistenceUnitInfo [name: default]
2026-02-12 17:42:31 [userService,/] INFO  org.hibernate.Version
                - HHH000412: Hibernate ORM core version 6.6.29.Final
2026-02-12 17:42:31 [userService,/] INFO  o.h.c.i.RegionFactoryInitiator
                - HHH000026: Second-level cache disabled
2026-02-12 17:42:32 [userService,/] INFO  o.s.o.j.p.SpringPersistenceUnitInfo
                - No LoadTimeWeaver setup: ignoring JPA class transformer
2026-02-12 17:42:32 [userService,/] INFO  com.zaxxer.hikari.HikariDataSource
                - HikariPool-1 - Starting...
2026-02-12 17:42:32 [userService,/] INFO  com.zaxxer.hikari.pool.HikariPool
                - HikariPool-1 - Added connection com.mysql.cj.jdbc.ConnectionImpl@2f2f92f
2026-02-12 17:42:32 [userService,/] INFO  com.zaxxer.hikari.HikariDataSource
                - HikariPool-1 - Start completed.
2026-02-12 17:42:32 [userService,/] WARN  org.hibernate.orm.deprecation
                - HHH90000025: MySQLDialect does not need to be specified explicitly using 'hibernate.dialect' (remove the property setting and it will be selected by default)
2026-02-12 17:42:32 [userService,/] INFO  o.hibernate.orm.connections.pooling
                - HHH10001005: Database info:
	Database JDBC URL [Connecting through datasource 'HikariDataSource (HikariPool-1)']
	Database driver: undefined/unknown
	Database version: 8.0.44
	Autocommit mode: undefined/unknown
	Isolation level: undefined/unknown
	Minimum pool size: undefined/unknown
	Maximum pool size: undefined/unknown
2026-02-12 17:42:33 [userService,/] INFO  o.h.e.t.j.p.i.JtaPlatformInitiator
                - HHH000489: No JTA platform available (set 'hibernate.transaction.jta.platform' to enable JTA platform integration)
2026-02-12 17:42:33 [userService,/] INFO  o.s.o.j.LocalContainerEntityManagerFactoryBean
                - Initialized JPA EntityManagerFactory for persistence unit 'default'
2026-02-12 17:42:33 [userService,/] DEBUG o.g.u.filter.JwtAuthenticationFilter
                - Filter 'jwtAuthenticationFilter' configured for use
2026-02-12 17:42:33 [userService,/] INFO  o.s.s.c.a.a.c.InitializeUserDetailsBeanManagerConfigurer$InitializeUserDetailsManagerConfigurer
                - Global AuthenticationManager configured with UserDetailsService bean with name customUserDetailsService
2026-02-12 17:42:34 [userService,/] WARN  o.s.b.a.o.j.JpaBaseConfiguration$JpaWebConfiguration
                - spring.jpa.open-in-view is enabled by default. Therefore, database queries may be performed during view rendering. Explicitly configure spring.jpa.open-in-view to disable this warning
2026-02-12 17:42:35 [userService,/] INFO  o.s.c.n.e.c.DiscoveryClientOptionalArgsConfiguration
                - Eureka HTTP Client uses RestTemplate.
2026-02-12 17:42:35 [userService,/] WARN  o.s.c.l.c.LoadBalancerCacheAutoConfiguration$LoadBalancerCaffeineWarnLogger
                - Spring Cloud LoadBalancer is currently working with the default cache. While this cache implementation is useful for development and tests, it's recommended to use Caffeine cache in production.You can switch to using Caffeine cache, by adding it and org.springframework.cache.caffeine.CaffeineCacheManager to the classpath.
2026-02-12 17:42:35 [userService,/] INFO  o.s.b.w.e.tomcat.TomcatWebServer
                - Tomcat started on port 8086 (http) with context path '/'
2026-02-12 17:42:35 [userService,/] INFO  o.s.b.w.e.tomcat.TomcatWebServer
                - Tomcat initialized with port 8090 (http)
2026-02-12 17:42:35 [userService,/] INFO  o.a.catalina.core.StandardService
                - Starting service [Tomcat]
2026-02-12 17:42:35 [userService,/] INFO  o.a.catalina.core.StandardEngine
                - Starting Servlet engine: [Apache Tomcat/10.1.46]
2026-02-12 17:42:35 [userService,/] INFO  o.a.c.c.C.[Tomcat-1].[localhost].[/]
                - Initializing Spring embedded WebApplicationContext
2026-02-12 17:42:35 [userService,/] INFO  o.s.b.w.s.c.ServletWebServerApplicationContext
                - Root WebApplicationContext: initialization completed in 107 ms
2026-02-12 17:42:35 [userService,/] INFO  o.s.b.a.e.web.EndpointLinksResolver
                - Exposing 16 endpoints beneath base path '/actuator'
2026-02-12 17:42:35 [userService,/] INFO  o.s.b.w.e.tomcat.TomcatWebServer
                - Tomcat started on port 8090 (http) with context path '/'
2026-02-12 17:42:35 [userService,/] INFO  o.g.u.UserManagementServiceApplication
                - Started UserManagementServiceApplication in 7.364 seconds (process running for 8.013)
2026-02-12 17:42:35 [userService,/] INFO  o.g.u.UserManagementServiceApplication
                - UserManagementServiceApplication booted up and running
2026-02-12 17:47:07 [userService,/] INFO  o.s.b.w.e.tomcat.GracefulShutdown
                - Commencing graceful shutdown. Waiting for active requests to complete
2026-02-12 17:47:07 [userService,/] INFO  o.s.b.w.e.tomcat.GracefulShutdown
                - Graceful shutdown complete
2026-02-12 17:47:07 [userService,/] INFO  o.s.b.w.e.tomcat.GracefulShutdown
                - Commencing graceful shutdown. Waiting for active requests to complete
2026-02-12 17:47:07 [userService,/] INFO  o.s.b.w.e.tomcat.GracefulShutdown
                - Graceful shutdown complete
2026-02-12 17:47:07 [userService,/] INFO  o.s.o.j.LocalContainerEntityManagerFactoryBean
                - Closing JPA EntityManagerFactory for persistence unit 'default'
2026-02-12 17:47:07 [userService,/] INFO  com.zaxxer.hikari.HikariDataSource
                - HikariPool-1 - Shutdown initiated...
2026-02-12 17:47:07 [userService,/] INFO  com.zaxxer.hikari.HikariDataSource
                - HikariPool-1 - Shutdown completed.
2026-02-12 17:47:12 [userService,/] INFO  o.g.u.UserManagementServiceApplication
                - Starting UserManagementServiceApplication using Java 25 with PID 16544 (C:\Users\2464280\gencWorkspaces\practiceWorkspace\cruisemate-registration\target\classes started by 2464280 in C:\Users\2464280\gencWorkspaces\practiceWorkspace\cruisemate-registration)
2026-02-12 17:47:12 [userService,/] DEBUG o.g.u.UserManagementServiceApplication
                - Running with Spring Boot v3.5.6, Spring v6.2.11
2026-02-12 17:47:12 [userService,/] INFO  o.g.u.UserManagementServiceApplication
                - The following 1 profile is active: "genc"
2026-02-12 17:47:13 [userService,/] INFO  o.s.d.r.c.RepositoryConfigurationDelegate
                - Bootstrapping Spring Data JPA repositories in DEFAULT mode.
2026-02-12 17:47:14 [userService,/] INFO  o.s.d.r.c.RepositoryConfigurationDelegate
                - Finished Spring Data repository scanning in 237 ms. Found 3 JPA repository interfaces.
2026-02-12 17:47:14 [userService,/] INFO  o.s.cloud.context.scope.GenericScope
                - BeanFactory id=774aea56-7eb1-3587-9b64-0fc75b6a2297
2026-02-12 17:47:14 [userService,/] INFO  o.s.b.w.e.tomcat.TomcatWebServer
                - Tomcat initialized with port 8086 (http)
2026-02-12 17:47:14 [userService,/] INFO  o.a.catalina.core.StandardService
                - Starting service [Tomcat]
2026-02-12 17:47:14 [userService,/] INFO  o.a.catalina.core.StandardEngine
                - Starting Servlet engine: [Apache Tomcat/10.1.46]
2026-02-12 17:47:15 [userService,/] INFO  o.a.c.c.C.[Tomcat].[localhost].[/]
                - Initializing Spring embedded WebApplicationContext
2026-02-12 17:47:15 [userService,/] INFO  o.s.b.w.s.c.ServletWebServerApplicationContext
                - Root WebApplicationContext: initialization completed in 2699 ms
2026-02-12 17:47:15 [userService,/] INFO  o.h.jpa.internal.util.LogHelper
                - HHH000204: Processing PersistenceUnitInfo [name: default]
2026-02-12 17:47:15 [userService,/] INFO  org.hibernate.Version
                - HHH000412: Hibernate ORM core version 6.6.29.Final
2026-02-12 17:47:15 [userService,/] INFO  o.h.c.i.RegionFactoryInitiator
                - HHH000026: Second-level cache disabled
2026-02-12 17:47:15 [userService,/] INFO  o.s.o.j.p.SpringPersistenceUnitInfo
                - No LoadTimeWeaver setup: ignoring JPA class transformer
2026-02-12 17:47:15 [userService,/] INFO  com.zaxxer.hikari.HikariDataSource
                - HikariPool-1 - Starting...
2026-02-12 17:47:15 [userService,/] INFO  com.zaxxer.hikari.pool.HikariPool
                - HikariPool-1 - Added connection com.mysql.cj.jdbc.ConnectionImpl@2f2f92f
2026-02-12 17:47:15 [userService,/] INFO  com.zaxxer.hikari.HikariDataSource
                - HikariPool-1 - Start completed.
2026-02-12 17:47:15 [userService,/] WARN  org.hibernate.orm.deprecation
                - HHH90000025: MySQLDialect does not need to be specified explicitly using 'hibernate.dialect' (remove the property setting and it will be selected by default)
2026-02-12 17:47:15 [userService,/] INFO  o.hibernate.orm.connections.pooling
                - HHH10001005: Database info:
	Database JDBC URL [Connecting through datasource 'HikariDataSource (HikariPool-1)']
	Database driver: undefined/unknown
	Database version: 8.0.44
	Autocommit mode: undefined/unknown
	Isolation level: undefined/unknown
	Minimum pool size: undefined/unknown
	Maximum pool size: undefined/unknown
2026-02-12 17:47:16 [userService,/] ERROR o.s.o.j.LocalContainerEntityManagerFactoryBean
                - Failed to initialize JPA EntityManagerFactory: Property 'org.genc.usermgmt.entity.User.roles' is not a collection and may not be a '@OneToMany', '@ManyToMany', or '@ElementCollection'
2026-02-12 17:47:16 [userService,/] ERROR o.s.b.w.e.tomcat.TomcatStarter
                - Error starting Tomcat context. Exception: org.springframework.beans.factory.UnsatisfiedDependencyException. Message: Error creating bean with name 'jwtAuthenticationFilter' defined in file [C:\Users\2464280\gencWorkspaces\practiceWorkspace\cruisemate-registration\target\classes\org\genc\usermgmt\filter\JwtAuthenticationFilter.class]: Unsatisfied dependency expressed through constructor parameter 1: Error creating bean with name 'customUserDetailsService' defined in file [C:\Users\2464280\gencWorkspaces\practiceWorkspace\cruisemate-registration\target\classes\org\genc\usermgmt\service\impl\CustomUserDetailsService.class]: Unsatisfied dependency expressed through constructor parameter 0: Error creating bean with name 'userRepository' defined in org.genc.usermgmt.repo.UserRepository defined in @EnableJpaRepositories declared on JpaRepositoriesRegistrar.EnableJpaRepositoriesConfiguration: Cannot resolve reference to bean 'jpaSharedEM_entityManagerFactory' while setting bean property 'entityManager'
2026-02-12 17:47:16 [userService,/] INFO  o.a.catalina.core.StandardService
                - Stopping service [Tomcat]
2026-02-12 17:47:16 [userService,/] WARN  o.a.c.loader.WebappClassLoaderBase
                - The web application [ROOT] appears to have started a thread named [HikariPool-1:housekeeper] but has failed to stop it. This is very likely to create a memory leak. Stack trace of thread:
 java.base/jdk.internal.misc.Unsafe.park(Native Method)
 java.base/java.util.concurrent.locks.LockSupport.parkNanos(LockSupport.java:271)
 java.base/java.util.concurrent.locks.AbstractQueuedSynchronizer$ConditionObject.awaitNanos(AbstractQueuedSynchronizer.java:1803)
 java.base/java.util.concurrent.ScheduledThreadPoolExecutor$DelayedWorkQueue.take(ScheduledThreadPoolExecutor.java:1166)
 java.base/java.util.concurrent.ScheduledThreadPoolExecutor$DelayedWorkQueue.take(ScheduledThreadPoolExecutor.java:883)
 java.base/java.util.concurrent.ThreadPoolExecutor.getTask(ThreadPoolExecutor.java:1016)
 java.base/java.util.concurrent.ThreadPoolExecutor.runWorker(ThreadPoolExecutor.java:1076)
 java.base/java.util.concurrent.ThreadPoolExecutor$Worker.run(ThreadPoolExecutor.java:614)
 java.base/java.lang.Thread.run(Thread.java:1474)
2026-02-12 17:47:16 [userService,/] WARN  o.a.c.loader.WebappClassLoaderBase
                - The web application [ROOT] appears to have started a thread named [HikariPool-1:connection-adder] but has failed to stop it. This is very likely to create a memory leak. Stack trace of thread:
 java.base/java.lang.Thread.sleepNanos0(Native Method)
 java.base/java.lang.Thread.sleepNanos(Thread.java:509)
 java.base/java.lang.Thread.sleep(Thread.java:540)
 com.zaxxer.hikari.util.UtilityElf.quietlySleep(UtilityElf.java:71)
 com.zaxxer.hikari.pool.HikariPool$PoolEntryCreator.call(HikariPool.java:757)
 com.zaxxer.hikari.pool.HikariPool$PoolEntryCreator.call(HikariPool.java:731)
 java.base/java.util.concurrent.FutureTask.run(FutureTask.java:328)
 java.base/java.util.concurrent.ThreadPoolExecutor.runWorker(ThreadPoolExecutor.java:1090)
 java.base/java.util.concurrent.ThreadPoolExecutor$Worker.run(ThreadPoolExecutor.java:614)
 java.base/java.lang.Thread.run(Thread.java:1474)
2026-02-12 17:47:16 [userService,/] WARN  o.s.b.w.s.c.AnnotationConfigServletWebServerApplicationContext
                - Exception encountered during context initialization - cancelling refresh attempt: org.springframework.context.ApplicationContextException: Unable to start web server
2026-02-12 17:47:16 [userService,/] INFO  com.zaxxer.hikari.HikariDataSource
                - HikariPool-1 - Shutdown initiated...
2026-02-12 17:47:16 [userService,/] INFO  com.zaxxer.hikari.HikariDataSource
                - HikariPool-1 - Shutdown completed.
2026-02-12 17:47:16 [userService,/] INFO  o.s.b.a.l.ConditionEvaluationReportLogger
                - 

Error starting ApplicationContext. To display the condition evaluation report re-run your application with 'debug' enabled.
2026-02-12 17:47:16 [userService,/] ERROR o.s.boot.SpringApplication
                - Application run failed
org.springframework.context.ApplicationContextException: Unable to start web server
	at org.springframework.boot.web.servlet.context.ServletWebServerApplicationContext.onRefresh(ServletWebServerApplicationContext.java:170)
	at org.springframework.context.support.AbstractApplicationContext.refresh(AbstractApplicationContext.java:621)
	at org.springframework.boot.web.servlet.context.ServletWebServerApplicationContext.refresh(ServletWebServerApplicationContext.java:146)
	at org.springframework.boot.SpringApplication.refresh(SpringApplication.java:752)
	at org.springframework.boot.SpringApplication.refreshContext(SpringApplication.java:439)
	at org.springframework.boot.SpringApplication.run(SpringApplication.java:318)
	at org.springframework.boot.SpringApplication.run(SpringApplication.java:1361)
	at org.springframework.boot.SpringApplication.run(SpringApplication.java:1350)
	at org.genc.usermgmt.UserManagementServiceApplication.main(UserManagementServiceApplication.java:12)
Caused by: org.springframework.boot.web.server.WebServerException: Unable to start embedded Tomcat
	at org.springframework.boot.web.embedded.tomcat.TomcatWebServer.initialize(TomcatWebServer.java:147)
	at org.springframework.boot.web.embedded.tomcat.TomcatWebServer.<init>(TomcatWebServer.java:107)
	at org.springframework.boot.web.embedded.tomcat.TomcatServletWebServerFactory.getTomcatWebServer(TomcatServletWebServerFactory.java:517)
	at org.springframework.boot.web.embedded.tomcat.TomcatServletWebServerFactory.getWebServer(TomcatServletWebServerFactory.java:219)
	at org.springframework.boot.web.servlet.context.ServletWebServerApplicationContext.createWebServer(ServletWebServerApplicationContext.java:193)
	at org.springframework.boot.web.servlet.context.ServletWebServerApplicationContext.onRefresh(ServletWebServerApplicationContext.java:167)
	... 8 common frames omitted
Caused by: org.springframework.beans.factory.UnsatisfiedDependencyException: Error creating bean with name 'jwtAuthenticationFilter' defined in file [C:\Users\2464280\gencWorkspaces\practiceWorkspace\cruisemate-registration\target\classes\org\genc\usermgmt\filter\JwtAuthenticationFilter.class]: Unsatisfied dependency expressed through constructor parameter 1: Error creating bean with name 'customUserDetailsService' defined in file [C:\Users\2464280\gencWorkspaces\practiceWorkspace\cruisemate-registration\target\classes\org\genc\usermgmt\service\impl\CustomUserDetailsService.class]: Unsatisfied dependency expressed through constructor parameter 0: Error creating bean with name 'userRepository' defined in org.genc.usermgmt.repo.UserRepository defined in @EnableJpaRepositories declared on JpaRepositoriesRegistrar.EnableJpaRepositoriesConfiguration: Cannot resolve reference to bean 'jpaSharedEM_entityManagerFactory' while setting bean property 'entityManager'
	at org.springframework.beans.factory.support.ConstructorResolver.createArgumentArray(ConstructorResolver.java:804)
	at org.springframework.beans.factory.support.ConstructorResolver.autowireConstructor(ConstructorResolver.java:240)
	at org.springframework.beans.factory.support.AbstractAutowireCapableBeanFactory.autowireConstructor(AbstractAutowireCapableBeanFactory.java:1395)
	at org.springframework.beans.factory.support.AbstractAutowireCapableBeanFactory.createBeanInstance(AbstractAutowireCapableBeanFactory.java:1232)
	at org.springframework.beans.factory.support.AbstractAutowireCapableBeanFactory.doCreateBean(AbstractAutowireCapableBeanFactory.java:569)
	at org.springframework.beans.factory.support.AbstractAutowireCapableBeanFactory.createBean(AbstractAutowireCapableBeanFactory.java:529)
	at org.springframework.beans.factory.support.AbstractBeanFactory.lambda$doGetBean$0(AbstractBeanFactory.java:339)
	at org.springframework.beans.factory.support.DefaultSingletonBeanRegistry.getSingleton(DefaultSingletonBeanRegistry.java:373)
	at org.springframework.beans.factory.support.AbstractBeanFactory.doGetBean(AbstractBeanFactory.java:337)
	at org.springframework.beans.factory.support.AbstractBeanFactory.getBean(AbstractBeanFactory.java:207)
	at org.springframework.boot.web.servlet.ServletContextInitializerBeans.getOrderedBeansOfType(ServletContextInitializerBeans.java:230)
	at org.springframework.boot.web.servlet.ServletContextInitializerBeans.addAsRegistrationBean(ServletContextInitializerBeans.java:184)
	at org.springframework.boot.web.servlet.ServletContextInitializerBeans.addAsRegistrationBean(ServletContextInitializerBeans.java:179)
	at org.springframework.boot.web.servlet.ServletContextInitializerBeans.addAdaptableBeans(ServletContextInitializerBeans.java:164)
	at org.springframework.boot.web.servlet.ServletContextInitializerBeans.<init>(ServletContextInitializerBeans.java:96)
	at org.springframework.boot.web.servlet.context.ServletWebServerApplicationContext.getServletContextInitializerBeans(ServletWebServerApplicationContext.java:271)
	at org.springframework.boot.web.servlet.context.ServletWebServerApplicationContext.selfInitialize(ServletWebServerApplicationContext.java:245)
	at org.springframework.boot.web.embedded.tomcat.TomcatStarter.onStartup(TomcatStarter.java:52)
	at org.apache.catalina.core.StandardContext.startInternal(StandardContext.java:4464)
	at org.apache.catalina.util.LifecycleBase.start(LifecycleBase.java:164)
	at org.apache.catalina.core.ContainerBase$StartChild.call(ContainerBase.java:1203)
	at org.apache.catalina.core.ContainerBase$StartChild.call(ContainerBase.java:1193)
	at java.base/java.util.concurrent.FutureTask.run(FutureTask.java:328)
	at org.apache.tomcat.util.threads.InlineExecutorService.execute(InlineExecutorService.java:81)
	at java.base/java.util.concurrent.AbstractExecutorService.submit(AbstractExecutorService.java:149)
	at org.apache.catalina.core.ContainerBase.startInternal(ContainerBase.java:749)
	at org.apache.catalina.core.StandardHost.startInternal(StandardHost.java:773)
	at org.apache.catalina.util.LifecycleBase.start(LifecycleBase.java:164)
	at org.apache.catalina.core.ContainerBase$StartChild.call(ContainerBase.java:1203)
	at org.apache.catalina.core.ContainerBase$StartChild.call(ContainerBase.java:1193)
	at java.base/java.util.concurrent.FutureTask.run(FutureTask.java:328)
	at org.apache.tomcat.util.threads.InlineExecutorService.execute(InlineExecutorService.java:81)
	at java.base/java.util.concurrent.AbstractExecutorService.submit(AbstractExecutorService.java:149)
	at org.apache.catalina.core.ContainerBase.startInternal(ContainerBase.java:749)
	at org.apache.catalina.core.StandardEngine.startInternal(StandardEngine.java:203)
	at org.apache.catalina.util.LifecycleBase.start(LifecycleBase.java:164)
	at org.apache.catalina.core.StandardService.startInternal(StandardService.java:412)
	at org.apache.catalina.util.LifecycleBase.start(LifecycleBase.java:164)
	at org.apache.catalina.core.StandardServer.startInternal(StandardServer.java:870)
	at org.apache.catalina.util.LifecycleBase.start(LifecycleBase.java:164)
	at org.apache.catalina.startup.Tomcat.start(Tomcat.java:438)
	at org.springframework.boot.web.embedded.tomcat.TomcatWebServer.initialize(TomcatWebServer.java:128)
	... 13 common frames omitted
Caused by: org.springframework.beans.factory.UnsatisfiedDependencyException: Error creating bean with name 'customUserDetailsService' defined in file [C:\Users\2464280\gencWorkspaces\practiceWorkspace\cruisemate-registration\target\classes\org\genc\usermgmt\service\impl\CustomUserDetailsService.class]: Unsatisfied dependency expressed through constructor parameter 0: Error creating bean with name 'userRepository' defined in org.genc.usermgmt.repo.UserRepository defined in @EnableJpaRepositories declared on JpaRepositoriesRegistrar.EnableJpaRepositoriesConfiguration: Cannot resolve reference to bean 'jpaSharedEM_entityManagerFactory' while setting bean property 'entityManager'
	at org.springframework.beans.factory.support.ConstructorResolver.createArgumentArray(ConstructorResolver.java:804)
	at org.springframework.beans.factory.support.ConstructorResolver.autowireConstructor(ConstructorResolver.java:240)
	at org.springframework.beans.factory.support.AbstractAutowireCapableBeanFactory.autowireConstructor(AbstractAutowireCapableBeanFactory.java:1395)
	at org.springframework.beans.factory.support.AbstractAutowireCapableBeanFactory.createBeanInstance(AbstractAutowireCapableBeanFactory.java:1232)
	at org.springframework.beans.factory.support.AbstractAutowireCapableBeanFactory.doCreateBean(AbstractAutowireCapableBeanFactory.java:569)
	at org.springframework.beans.factory.support.AbstractAutowireCapableBeanFactory.createBean(AbstractAutowireCapableBeanFactory.java:529)
	at org.springframework.beans.factory.support.AbstractBeanFactory.lambda$doGetBean$0(AbstractBeanFactory.java:339)
	at org.springframework.beans.factory.support.DefaultSingletonBeanRegistry.getSingleton(DefaultSingletonBeanRegistry.java:373)
	at org.springframework.beans.factory.support.AbstractBeanFactory.doGetBean(AbstractBeanFactory.java:337)
	at org.springframework.beans.factory.support.AbstractBeanFactory.getBean(AbstractBeanFactory.java:202)
	at org.springframework.beans.factory.config.DependencyDescriptor.resolveCandidate(DependencyDescriptor.java:254)
	at org.springframework.beans.factory.support.DefaultListableBeanFactory.doResolveDependency(DefaultListableBeanFactory.java:1760)
	at org.springframework.beans.factory.support.DefaultListableBeanFactory.resolveDependency(DefaultListableBeanFactory.java:1643)
	at org.springframework.beans.factory.support.ConstructorResolver.resolveAutowiredArgument(ConstructorResolver.java:913)
	at org.springframework.beans.factory.support.ConstructorResolver.createArgumentArray(ConstructorResolver.java:791)
	... 54 common frames omitted
Caused by: org.springframework.beans.factory.BeanCreationException: Error creating bean with name 'userRepository' defined in org.genc.usermgmt.repo.UserRepository defined in @EnableJpaRepositories declared on JpaRepositoriesRegistrar.EnableJpaRepositoriesConfiguration: Cannot resolve reference to bean 'jpaSharedEM_entityManagerFactory' while setting bean property 'entityManager'
	at org.springframework.beans.factory.support.BeanDefinitionValueResolver.resolveReference(BeanDefinitionValueResolver.java:377)
	at org.springframework.beans.factory.support.BeanDefinitionValueResolver.resolveValueIfNecessary(BeanDefinitionValueResolver.java:135)
	at org.springframework.beans.factory.support.AbstractAutowireCapableBeanFactory.applyPropertyValues(AbstractAutowireCapableBeanFactory.java:1725)
	at org.springframework.beans.factory.support.AbstractAutowireCapableBeanFactory.populateBean(AbstractAutowireCapableBeanFactory.java:1474)
	at org.springframework.beans.factory.support.AbstractAutowireCapableBeanFactory.doCreateBean(AbstractAutowireCapableBeanFactory.java:606)
	at org.springframework.beans.factory.support.AbstractAutowireCapableBeanFactory.createBean(AbstractAutowireCapableBeanFactory.java:529)
	at org.springframework.beans.factory.support.AbstractBeanFactory.lambda$doGetBean$0(AbstractBeanFactory.java:339)
	at org.springframework.beans.factory.support.DefaultSingletonBeanRegistry.getSingleton(DefaultSingletonBeanRegistry.java:373)
	at org.springframework.beans.factory.support.AbstractBeanFactory.doGetBean(AbstractBeanFactory.java:337)
	at org.springframework.beans.factory.support.AbstractBeanFactory.getBean(AbstractBeanFactory.java:202)
	at org.springframework.beans.factory.support.DefaultListableBeanFactory.doResolveDependency(DefaultListableBeanFactory.java:1698)
	at org.springframework.beans.factory.support.DefaultListableBeanFactory.resolveDependency(DefaultListableBeanFactory.java:1643)
	at org.springframework.beans.factory.support.ConstructorResolver.resolveAutowiredArgument(ConstructorResolver.java:913)
	at org.springframework.beans.factory.support.ConstructorResolver.createArgumentArray(ConstructorResolver.java:791)
	... 68 common frames omitted
Caused by: org.springframework.beans.factory.BeanCreationException: Error creating bean with name 'jpaSharedEM_entityManagerFactory': Cannot resolve reference to bean 'entityManagerFactory' while setting constructor argument
	at org.springframework.beans.factory.support.BeanDefinitionValueResolver.resolveReference(BeanDefinitionValueResolver.java:377)
	at org.springframework.beans.factory.support.BeanDefinitionValueResolver.resolveValueIfNecessary(BeanDefinitionValueResolver.java:135)
	at org.springframework.beans.factory.support.ConstructorResolver.resolveConstructorArguments(ConstructorResolver.java:691)
	at org.springframework.beans.factory.support.ConstructorResolver.instantiateUsingFactoryMethod(ConstructorResolver.java:513)
	at org.springframework.beans.factory.support.AbstractAutowireCapableBeanFactory.instantiateUsingFactoryMethod(AbstractAutowireCapableBeanFactory.java:1375)
	at org.springframework.beans.factory.support.AbstractAutowireCapableBeanFactory.createBeanInstance(AbstractAutowireCapableBeanFactory.java:1205)
	at org.springframework.beans.factory.support.AbstractAutowireCapableBeanFactory.doCreateBean(AbstractAutowireCapableBeanFactory.java:569)
	at org.springframework.beans.factory.support.AbstractAutowireCapableBeanFactory.createBean(AbstractAutowireCapableBeanFactory.java:529)
	at org.springframework.beans.factory.support.AbstractBeanFactory.lambda$doGetBean$0(AbstractBeanFactory.java:339)
	at org.springframework.beans.factory.support.DefaultSingletonBeanRegistry.getSingleton(DefaultSingletonBeanRegistry.java:373)
	at org.springframework.beans.factory.support.AbstractBeanFactory.doGetBean(AbstractBeanFactory.java:337)
	at org.springframework.beans.factory.support.AbstractBeanFactory.getBean(AbstractBeanFactory.java:202)
	at org.springframework.beans.factory.support.BeanDefinitionValueResolver.resolveReference(BeanDefinitionValueResolver.java:365)
	... 81 common frames omitted
Caused by: org.springframework.beans.factory.BeanCreationException: Error creating bean with name 'entityManagerFactory' defined in class path resource [org/springframework/boot/autoconfigure/orm/jpa/HibernateJpaConfiguration.class]: Property 'org.genc.usermgmt.entity.User.roles' is not a collection and may not be a '@OneToMany', '@ManyToMany', or '@ElementCollection'
	at org.springframework.beans.factory.support.AbstractAutowireCapableBeanFactory.initializeBean(AbstractAutowireCapableBeanFactory.java:1826)
	at org.springframework.beans.factory.support.AbstractAutowireCapableBeanFactory.doCreateBean(AbstractAutowireCapableBeanFactory.java:607)
	at org.springframework.beans.factory.support.AbstractAutowireCapableBeanFactory.createBean(AbstractAutowireCapableBeanFactory.java:529)
	at org.springframework.beans.factory.support.AbstractBeanFactory.lambda$doGetBean$0(AbstractBeanFactory.java:339)
	at org.springframework.beans.factory.support.DefaultSingletonBeanRegistry.getSingleton(DefaultSingletonBeanRegistry.java:373)
	at org.springframework.beans.factory.support.AbstractBeanFactory.doGetBean(AbstractBeanFactory.java:337)
	at org.springframework.beans.factory.support.AbstractBeanFactory.getBean(AbstractBeanFactory.java:202)
	at org.springframework.beans.factory.support.BeanDefinitionValueResolver.resolveReference(BeanDefinitionValueResolver.java:365)
	... 93 common frames omitted
Caused by: org.hibernate.AnnotationException: Property 'org.genc.usermgmt.entity.User.roles' is not a collection and may not be a '@OneToMany', '@ManyToMany', or '@ElementCollection'
	at org.hibernate.boot.model.internal.CollectionBinder.determineSemanticJavaType(CollectionBinder.java:1121)
	at org.hibernate.boot.model.internal.CollectionBinder.determineCollectionClassification(CollectionBinder.java:1013)
	at org.hibernate.boot.model.internal.CollectionBinder.createBinderAutomatically(CollectionBinder.java:855)
	at org.hibernate.boot.model.internal.CollectionBinder.getCollectionBinder(CollectionBinder.java:848)
	at org.hibernate.boot.model.internal.CollectionBinder.bindCollection(CollectionBinder.java:284)
	at org.hibernate.boot.model.internal.PropertyBinder.bindProperty(PropertyBinder.java:897)
	at org.hibernate.boot.model.internal.PropertyBinder.buildProperty(PropertyBinder.java:811)
	at org.hibernate.boot.model.internal.PropertyBinder.processElementAnnotations(PropertyBinder.java:732)
	at org.hibernate.boot.model.internal.EntityBinder.processIdPropertiesIfNotAlready(EntityBinder.java:1088)
	at org.hibernate.boot.model.internal.EntityBinder.handleIdentifier(EntityBinder.java:419)
	at org.hibernate.boot.model.internal.EntityBinder.bindEntityClass(EntityBinder.java:251)
	at org.hibernate.boot.model.internal.AnnotationBinder.bindClass(AnnotationBinder.java:404)
	at org.hibernate.boot.model.source.internal.annotations.AnnotationMetadataSourceProcessorImpl.processEntityHierarchies(AnnotationMetadataSourceProcessorImpl.java:266)
	at org.hibernate.boot.model.process.spi.MetadataBuildingProcess$1.processEntityHierarchies(MetadataBuildingProcess.java:281)
	at org.hibernate.boot.model.process.spi.MetadataBuildingProcess.complete(MetadataBuildingProcess.java:324)
	at org.hibernate.jpa.boot.internal.EntityManagerFactoryBuilderImpl.metadata(EntityManagerFactoryBuilderImpl.java:1442)
	at org.hibernate.jpa.boot.internal.EntityManagerFactoryBuilderImpl.build(EntityManagerFactoryBuilderImpl.java:1513)
	at org.springframework.orm.jpa.vendor.SpringHibernateJpaPersistenceProvider.createContainerEntityManagerFactory(SpringHibernateJpaPersistenceProvider.java:66)
	at org.springframework.orm.jpa.LocalContainerEntityManagerFactoryBean.createNativeEntityManagerFactory(LocalContainerEntityManagerFactoryBean.java:390)
	at org.springframework.orm.jpa.AbstractEntityManagerFactoryBean.buildNativeEntityManagerFactory(AbstractEntityManagerFactoryBean.java:419)
	at org.springframework.orm.jpa.AbstractEntityManagerFactoryBean.afterPropertiesSet(AbstractEntityManagerFactoryBean.java:400)
	at org.springframework.orm.jpa.LocalContainerEntityManagerFactoryBean.afterPropertiesSet(LocalContainerEntityManagerFactoryBean.java:366)
	at org.springframework.beans.factory.support.AbstractAutowireCapableBeanFactory.invokeInitMethods(AbstractAutowireCapableBeanFactory.java:1873)
	at org.springframework.beans.factory.support.AbstractAutowireCapableBeanFactory.initializeBean(AbstractAutowireCapableBeanFactory.java:1822)
	... 100 common frames omitted
2026-02-12 17:47:20 [userService,/] INFO  o.g.u.UserManagementServiceApplication
                - Starting UserManagementServiceApplication using Java 25 with PID 2484 (C:\Users\2464280\gencWorkspaces\practiceWorkspace\cruisemate-registration\target\classes started by 2464280 in C:\Users\2464280\gencWorkspaces\practiceWorkspace\cruisemate-registration)
2026-02-12 17:47:20 [userService,/] DEBUG o.g.u.UserManagementServiceApplication
                - Running with Spring Boot v3.5.6, Spring v6.2.11
2026-02-12 17:47:20 [userService,/] INFO  o.g.u.UserManagementServiceApplication
                - The following 1 profile is active: "genc"
2026-02-12 17:47:21 [userService,/] INFO  o.s.d.r.c.RepositoryConfigurationDelegate
                - Bootstrapping Spring Data JPA repositories in DEFAULT mode.
2026-02-12 17:47:21 [userService,/] INFO  o.s.d.r.c.RepositoryConfigurationDelegate
                - Finished Spring Data repository scanning in 186 ms. Found 3 JPA repository interfaces.
2026-02-12 17:47:22 [userService,/] INFO  o.s.cloud.context.scope.GenericScope
                - BeanFactory id=774aea56-7eb1-3587-9b64-0fc75b6a2297
2026-02-12 17:47:22 [userService,/] INFO  o.s.b.w.e.tomcat.TomcatWebServer
                - Tomcat initialized with port 8086 (http)
2026-02-12 17:47:22 [userService,/] INFO  o.a.catalina.core.StandardService
                - Starting service [Tomcat]
2026-02-12 17:47:22 [userService,/] INFO  o.a.catalina.core.StandardEngine
                - Starting Servlet engine: [Apache Tomcat/10.1.46]
2026-02-12 17:47:22 [userService,/] INFO  o.a.c.c.C.[Tomcat].[localhost].[/]
                - Initializing Spring embedded WebApplicationContext
2026-02-12 17:47:22 [userService,/] INFO  o.s.b.w.s.c.ServletWebServerApplicationContext
                - Root WebApplicationContext: initialization completed in 2415 ms
2026-02-12 17:47:23 [userService,/] INFO  o.h.jpa.internal.util.LogHelper
                - HHH000204: Processing PersistenceUnitInfo [name: default]
2026-02-12 17:47:23 [userService,/] INFO  org.hibernate.Version
                - HHH000412: Hibernate ORM core version 6.6.29.Final
2026-02-12 17:47:23 [userService,/] INFO  o.h.c.i.RegionFactoryInitiator
                - HHH000026: Second-level cache disabled
2026-02-12 17:47:23 [userService,/] INFO  o.s.o.j.p.SpringPersistenceUnitInfo
                - No LoadTimeWeaver setup: ignoring JPA class transformer
2026-02-12 17:47:23 [userService,/] INFO  com.zaxxer.hikari.HikariDataSource
                - HikariPool-1 - Starting...
2026-02-12 17:47:23 [userService,/] INFO  com.zaxxer.hikari.pool.HikariPool
                - HikariPool-1 - Added connection com.mysql.cj.jdbc.ConnectionImpl@6765b6a2
2026-02-12 17:47:23 [userService,/] INFO  com.zaxxer.hikari.HikariDataSource
                - HikariPool-1 - Start completed.
2026-02-12 17:47:23 [userService,/] WARN  org.hibernate.orm.deprecation
                - HHH90000025: MySQLDialect does not need to be specified explicitly using 'hibernate.dialect' (remove the property setting and it will be selected by default)
2026-02-12 17:47:23 [userService,/] INFO  o.hibernate.orm.connections.pooling
                - HHH10001005: Database info:
	Database JDBC URL [Connecting through datasource 'HikariDataSource (HikariPool-1)']
	Database driver: undefined/unknown
	Database version: 8.0.44
	Autocommit mode: undefined/unknown
	Isolation level: undefined/unknown
	Minimum pool size: undefined/unknown
	Maximum pool size: undefined/unknown
2026-02-12 17:47:24 [userService,/] INFO  o.h.e.t.j.p.i.JtaPlatformInitiator
                - HHH000489: No JTA platform available (set 'hibernate.transaction.jta.platform' to enable JTA platform integration)
2026-02-12 17:47:24 [userService,/] INFO  o.s.o.j.LocalContainerEntityManagerFactoryBean
                - Initialized JPA EntityManagerFactory for persistence unit 'default'
2026-02-12 17:47:24 [userService,/] DEBUG o.g.u.filter.JwtAuthenticationFilter
                - Filter 'jwtAuthenticationFilter' configured for use
2026-02-12 17:47:25 [userService,/] INFO  o.s.s.c.a.a.c.InitializeUserDetailsBeanManagerConfigurer$InitializeUserDetailsManagerConfigurer
                - Global AuthenticationManager configured with UserDetailsService bean with name customUserDetailsService
2026-02-12 17:47:25 [userService,/] WARN  o.s.b.a.o.j.JpaBaseConfiguration$JpaWebConfiguration
                - spring.jpa.open-in-view is enabled by default. Therefore, database queries may be performed during view rendering. Explicitly configure spring.jpa.open-in-view to disable this warning
2026-02-12 17:47:26 [userService,/] INFO  o.s.c.n.e.c.DiscoveryClientOptionalArgsConfiguration
                - Eureka HTTP Client uses RestTemplate.
2026-02-12 17:47:26 [userService,/] WARN  o.s.c.l.c.LoadBalancerCacheAutoConfiguration$LoadBalancerCaffeineWarnLogger
                - Spring Cloud LoadBalancer is currently working with the default cache. While this cache implementation is useful for development and tests, it's recommended to use Caffeine cache in production.You can switch to using Caffeine cache, by adding it and org.springframework.cache.caffeine.CaffeineCacheManager to the classpath.
2026-02-12 17:47:26 [userService,/] INFO  o.s.b.w.e.tomcat.TomcatWebServer
                - Tomcat started on port 8086 (http) with context path '/'
2026-02-12 17:47:26 [userService,/] INFO  o.s.b.w.e.tomcat.TomcatWebServer
                - Tomcat initialized with port 8090 (http)
2026-02-12 17:47:26 [userService,/] INFO  o.a.catalina.core.StandardService
                - Starting service [Tomcat]
2026-02-12 17:47:26 [userService,/] INFO  o.a.catalina.core.StandardEngine
                - Starting Servlet engine: [Apache Tomcat/10.1.46]
2026-02-12 17:47:26 [userService,/] INFO  o.a.c.c.C.[Tomcat-1].[localhost].[/]
                - Initializing Spring embedded WebApplicationContext
2026-02-12 17:47:26 [userService,/] INFO  o.s.b.w.s.c.ServletWebServerApplicationContext
                - Root WebApplicationContext: initialization completed in 138 ms
2026-02-12 17:47:26 [userService,/] INFO  o.s.b.a.e.web.EndpointLinksResolver
                - Exposing 16 endpoints beneath base path '/actuator'
2026-02-12 17:47:26 [userService,/] INFO  o.s.b.w.e.tomcat.TomcatWebServer
                - Tomcat started on port 8090 (http) with context path '/'
2026-02-12 17:47:26 [userService,/] INFO  o.g.u.UserManagementServiceApplication
                - Started UserManagementServiceApplication in 6.692 seconds (process running for 7.351)
2026-02-12 17:47:26 [userService,/] INFO  o.g.u.UserManagementServiceApplication
                - UserManagementServiceApplication booted up and running
2026-02-12 17:48:26 [userService,/] INFO  o.a.c.c.C.[Tomcat].[localhost].[/]
                - Initializing Spring DispatcherServlet 'dispatcherServlet'
2026-02-12 17:48:26 [userService,/] INFO  o.s.web.servlet.DispatcherServlet
                - Initializing Servlet 'dispatcherServlet'
2026-02-12 17:48:26 [userService,/] INFO  o.s.web.servlet.DispatcherServlet
                - Completed initialization in 0 ms
2026-02-12 17:48:26 [userService,/] INFO  o.g.u.r.RegistrationController
                - Registering new user with username: thikana12
2026-02-12 17:48:26 [userService,/] INFO  o.g.u.s.impl.UserMgmtServiceImpl
                - New CruiseMate account created: thikana12
2026-02-12 17:48:43 [userService,/] INFO  o.g.u.s.i.CustomUserDetailsService
                - User found: thikana12, Assigned Role: PASSENGER
2026-02-12 17:48:43 [userService,/] INFO  o.g.u.s.i.CustomUserDetailsService
                - User found: thikana12, Assigned Role: PASSENGER
2026-02-12 17:48:43 [userService,/] INFO  o.g.usermgmt.resource.AuthController
                - Access from userService on port 8086 (instance: userService:78b8c55abc5d8cad26620fc847e1e09d)
2026-02-12 17:50:21 [userService,/] INFO  o.g.u.s.i.CustomUserDetailsService
                - User found: thikana12, Assigned Role: PASSENGER
2026-02-12 17:50:21 [userService,/] INFO  org.genc.usermgmt.util.JwtUtil
                - isTokenExpired false 
2026-02-12 17:50:21 [userService,/] DEBUG o.g.u.filter.JwtAuthenticationFilter
                - Authenticated user: thikana12 for request: /api/v1/userservice/cabinDetails
2026-02-12 17:50:21 [userService,/] INFO  o.g.u.s.i.CustomUserDetailsService
                - User found: thikana12, Assigned Role: PASSENGER
2026-02-12 17:50:21 [userService,/] INFO  org.genc.usermgmt.util.JwtUtil
                - isTokenExpired false 
2026-02-12 17:50:21 [userService,/] DEBUG o.g.u.filter.JwtAuthenticationFilter
                - Authenticated user: thikana12 for request: /api/v1/userservice/cabinDetails
2026-02-12 17:50:26 [userService,/] INFO  o.g.u.s.i.CustomUserDetailsService
                - User found: thikana12, Assigned Role: PASSENGER
2026-02-12 17:50:26 [userService,/] INFO  org.genc.usermgmt.util.JwtUtil
                - isTokenExpired false 
2026-02-12 17:50:26 [userService,/] DEBUG o.g.u.filter.JwtAuthenticationFilter
                - Authenticated user: thikana12 for request: /api/v1/userservice/cabinDetails
2026-02-12 17:50:26 [userService,/] INFO  o.g.u.s.i.CustomUserDetailsService
                - User found: thikana12, Assigned Role: PASSENGER
2026-02-12 17:50:26 [userService,/] INFO  org.genc.usermgmt.util.JwtUtil
                - isTokenExpired false 
2026-02-12 17:50:26 [userService,/] DEBUG o.g.u.filter.JwtAuthenticationFilter
                - Authenticated user: thikana12 for request: /api/v1/userservice/cabinDetails
